CustomerID,Churn,Tenure,PreferredLoginDevice,CityTier,WarehouseToHome,PreferredPaymentMode,Gender,HourSpendOnApp,NumberOfDeviceRegistered,PreferedOrderCat,SatisfactionScore,MaritalStatus,NumberOfAddress,Complain,OrderAmountHikeFromlastYear,CouponUsed,OrderCount,DaySinceLastOrder,CashbackAmount,Estimated_Returns,Estimated_CO2_kg,TenureBucket,DistanceCategory
50001,1,4,Mobile,3,6,Debit Card,Female,3,3,Laptop & Accessory,2,Single,9,1,11,1,1,5,159.93,1.0,1.2,4-12 Mos,Close (0-10km)
50002,1,3,Mobile,1,8,UPI,Male,3,4,Mobile,3,Single,7,1,15,0,1,0,120.9,1.0,1.2,0-3 Mos (High Risk),Close (0-10km)
50003,1,3,Mobile,1,30,Debit Card,Male,2,4,Mobile,3,Single,6,1,14,0,1,3,120.28,1.0,1.2,0-3 Mos (High Risk),Far (21-50km)
50004,1,0,Mobile,3,15,Debit Card,Male,2,4,Laptop & Accessory,5,Single,8,0,23,0,1,3,134.07,1.0,1.2,0-3 Mos (High Risk),Moderate (11-20km)
50005,1,0,Mobile,1,12,Credit Card,Male,3,3,Mobile,5,Single,3,0,11,1,1,3,129.6,1.0,1.2,0-3 Mos (High Risk),Moderate (11-20km)
50006,1,0,Computer,1,22,Debit Card,Female,3,5,Mobile,5,Single,2,1,22,4,6,7,139.19,2.0,2.4,0-3 Mos (High Risk),Far (21-50km)
50007,1,8,Mobile,3,11,Cash on Delivery,Male,2,3,Laptop & Accessory,2,Divorced,4,0,14,0,1,0,120.86000000000001,1.0,1.2,4-12 Mos,Moderate (11-20km)
50008,1,3,Mobile,1,6,Credit Card,Male,3,3,Mobile,2,Divorced,3,1,16,2,2,0,122.93,1.0,1.2,0-3 Mos (High Risk),Close (0-10km)
50009,1,13,Mobile,3,9,E wallet,Male,3,4,Mobile,3,Divorced,2,1,14,0,1,2,126.83000000000001,1.0,1.2,1-5 Yrs,Close (0-10km)
50010,1,3,Mobile,1,31,Debit Card,Male,2,5,Mobile,3,Single,2,0,12,1,1,1,122.93,1.0,1.2,0-3 Mos (High Risk),Far (21-50km)
50011,1,4,Mobile,1,18,Cash on Delivery,Female,2,3,Others,3,Divorced,2,0,15,9,15,8,295.45,1.0,1.2,4-12 Mos,Moderate (11-20km)
50012,1,11,Mobile,1,6,Debit Card,Male,3,4,Fashion,3,Single,10,1,13,0,1,0,153.81,1.0,1.2,4-12 Mos,Close (0-10km)
50013,1,0,Mobile,1,11,Cash on Delivery,Male,2,3,Mobile,3,Single,2,1,13,2,2,2,134.41,1.0,1.2,0-3 Mos (High Risk),Moderate (11-20km)
50014,1,0,Mobile,1,15,Credit Card,Male,3,4,Mobile,3,Divorced,1,1,17,0,1,0,133.88,1.0,1.2,0-3 Mos (High Risk),Moderate (11-20km)
50015,1,9,Mobile,3,15,Credit Card,Male,3,4,Fashion,2,Single,2,0,16,0,4,7,196.19,1.0,1.2,4-12 Mos,Moderate (11-20km)
50016,1,3,Mobile,2,12,UPI,Male,3,3,Mobile,5,Married,5,1,22,1,1,2,120.72999999999999,1.0,1.2,0-3 Mos (High Risk),Moderate (11-20km)
50017,1,0,Computer,1,12,Debit Card,Female,3,4,Mobile,2,Single,2,1,18,1,1,0,129.26,1.0,1.2,0-3 Mos (High Risk),Moderate (11-20km)
50018,1,0,Mobile,3,11,E wallet,Male,2,4,Laptop & Accessory,3,Single,2,1,11,1,1,3,157.44,1.0,1.2,0-3 Mos (High Risk),Moderate (11-20km)
50019,1,0,Computer,1,13,Debit Card,Male,3,5,Laptop & Accessory,3,Single,2,1,24,1,1,6,160.74,1.0,1.2,0-3 Mos (High Risk),Moderate (11-20km)
50020,1,19,Mobile,1,20,Debit Card,Female,3,3,Mobile,4,Divorced,10,1,18,1,4,3,149.63,1.0,1.2,1-5 Yrs,Moderate (11-20km)
50021,1,0,Mobile,3,12,Debit Card,Male,3,5,Laptop & Accessory,3,Divorced,5,1,18,6,7,7,161.72,2.0,2.4,0-3 Mos (High Risk),Moderate (11-20km)
50022,1,20,Mobile,1,29,Credit Card,Female,3,3,Fashion,2,Divorced,2,0,12,11,15,6,203.12,1.0,1.2,1-5 Yrs,Far (21-50km)
50023,1,3,Mobile,3,28,E wallet,Male,2,3,Mobile,3,Single,2,1,19,0,1,0,116.75,1.0,1.2,0-3 Mos (High Risk),Far (21-50km)
50024,1,0,Mobile,3,26,Debit Card,Female,3,5,Laptop & Accessory,3,Divorced,4,1,11,1,2,2,145.59,1.0,1.2,0-3 Mos (High Risk),Far (21-50km)
50025,1,14,Computer,1,14,Debit Card,Male,2,5,Fashion,2,Single,3,0,15,0,1,3,206.5,1.0,1.2,1-5 Yrs,Moderate (11-20km)
50026,1,0,Mobile,1,15,Credit Card,Female,2,3,Mobile,5,Single,8,0,22,1,1,4,142.0,1.0,1.2,0-3 Mos (High Risk),Moderate (11-20km)
50027,0,8,Mobile,3,6,E wallet,Male,3,3,Fashion,4,Divorced,2,0,13,1,1,6,172.95,1.0,1.2,4-12 Mos,Close (0-10km)
50028,0,8,Mobile,3,12,E wallet,Male,2,3,Laptop & Accessory,3,Divorced,3,1,20,0,4,5,123.06,1.0,1.2,4-12 Mos,Moderate (11-20km)
50029,0,18,Mobile,1,13,Debit Card,Male,2,3,Laptop & Accessory,4,Married,9,0,18,1,1,15,123.47999999999999,1.0,1.2,1-5 Yrs,Moderate (11-20km)
50030,0,5,Computer,3,14,E wallet,Female,2,3,Fashion,2,Single,2,0,14,2,3,7,189.98,1.0,1.2,4-12 Mos,Moderate (11-20km)
50031,0,2,Computer,1,6,Cash on Delivery,Male,2,3,Laptop & Accessory,3,Divorced,2,0,13,0,1,9,143.19,1.0,1.2,0-3 Mos (High Risk),Close (0-10km)
50032,0,0,Mobile,1,13,Credit Card,Male,2,4,Laptop & Accessory,3,Divorced,3,0,17,1,1,0,161.32,1.0,1.2,0-3 Mos (High Risk),Moderate (11-20km)
50033,0,30,Mobile,1,15,Credit Card,Female,3,4,Mobile,4,Divorced,5,1,20,1,1,0,133.46,1.0,1.2,1-5 Yrs,Moderate (11-20km)
50034,0,13,Mobile,3,10,E wallet,Male,3,4,Fashion,2,Divorced,8,0,11,2,2,11,208.55,1.0,1.2,1-5 Yrs,Close (0-10km)
50035,0,3,Computer,3,8,E wallet,Female,3,3,Mobile,3,Divorced,7,0,18,1,1,2,122.31,1.0,1.2,0-3 Mos (High Risk),Close (0-10km)
50036,0,0,Mobile,1,13,Credit Card,Male,3,3,Mobile,2,Divorced,2,0,24,0,2,2,123.22999999999999,1.0,1.2,0-3 Mos (High Risk),Moderate (11-20km)
50037,0,3,Computer,1,15,Credit Card,Male,2,3,Mobile,4,Married,7,0,18,0,2,2,120.24000000000001,1.0,1.2,0-3 Mos (High Risk),Moderate (11-20km)
50038,0,1,Mobile,1,27,Credit Card,Male,3,3,Mobile,2,Divorced,2,0,11,0,1,2,127.13,1.0,1.2,0-3 Mos (High Risk),Far (21-50km)
50039,0,30,Mobile,1,30,Debit Card,Male,2,2,Fashion,2,Married,4,1,16,1,1,4,194.39,1.0,1.2,1-5 Yrs,Far (21-50km)
50040,0,0,Computer,1,13,Credit Card,Male,3,4,Mobile,3,Married,2,1,15,0,1,1,125.66,1.0,1.2,0-3 Mos (High Risk),Moderate (11-20km)
50041,0,23,Mobile,1,17,Debit Card,Female,2,3,Others,4,Single,4,0,15,2,4,4,299.26,1.0,1.2,1-5 Yrs,Moderate (11-20km)
50042,0,14,Mobile,1,13,Debit Card,Male,2,3,Mobile,3,Married,5,0,12,1,1,8,124.50999999999999,1.0,1.2,1-5 Yrs,Moderate (11-20km)
50043,0,3,Mobile,3,11,Debit Card,Female,2,3,Fashion,2,Divorced,3,0,12,2,7,4,194.19,1.0,1.2,0-3 Mos (High Risk),Moderate (11-20km)
50044,0,11,Mobile,3,6,Debit Card,Female,2,4,Laptop & Accessory,2,Single,5,0,22,1,1,1,186.86,1.0,1.2,4-12 Mos,Close (0-10km)
50045,0,5,Mobile,1,12,Debit Card,Male,3,3,Mobile,3,Single,4,0,20,0,1,4,130.38,1.0,1.2,4-12 Mos,Moderate (11-20km)
50046,0,0,Mobile,1,23,Cash on Delivery,Male,3,3,Mobile,4,Divorced,1,1,16,1,1,1,130.58,1.0,1.2,0-3 Mos (High Risk),Far (21-50km)
50047,1,0,Computer,3,14,Cash on Delivery,Female,3,5,Mobile,5,Single,1,0,21,1,1,0,123.25,1.0,1.2,0-3 Mos (High Risk),Moderate (11-20km)
50048,0,3,Computer,1,9,Credit Card,Male,1,3,Mobile,4,Single,5,0,12,4,7,2,120.88,1.0,1.2,0-3 Mos (High Risk),Close (0-10km)
50049,0,3,Computer,1,15,Credit Card,Male,3,3,Laptop & Accessory,5,Married,2,0,11,0,6,10,130.72,1.0,1.2,0-3 Mos (High Risk),Moderate (11-20km)
50050,0,18,Mobile,3,10,Debit Card,Female,1,3,Laptop & Accessory,5,Married,5,1,11,0,1,3,150.06,1.0,1.2,1-5 Yrs,Close (0-10km)
50051,0,29,Mobile,1,14,Debit Card,Female,3,3,Mobile,5,Married,5,1,18,1,2,2,142.57,1.0,1.2,1-5 Yrs,Moderate (11-20km)
50052,0,6,Mobile,1,13,Debit Card,Male,2,3,Mobile,2,Single,1,0,14,0,1,2,125.0,1.0,1.2,4-12 Mos,Moderate (11-20km)
50053,1,0,Mobile,1,8,Debit Card,Male,2,4,Mobile,2,Single,2,0,22,0,1,0,111.02000000000001,1.0,1.2,0-3 Mos (High Risk),Close (0-10km)
50054,0,19,Mobile,3,6,E wallet,Female,3,3,Fashion,5,Married,2,0,25,4,15,7,204.53,1.0,1.2,1-5 Yrs,Close (0-10km)
50055,0,3,Mobile,1,15,Debit Card,Female,3,3,Mobile,2,Single,2,0,12,1,2,1,122.88,1.0,1.2,0-3 Mos (High Risk),Moderate (11-20km)
50056,0,4,Mobile,1,18,Credit Card,Female,3,3,Mobile,2,Divorced,9,1,23,1,1,2,139.29,1.0,1.2,4-12 Mos,Moderate (11-20km)
50057,0,3,Mobile,1,33,Credit Card,Female,3,3,Mobile,4,Single,3,0,15,1,1,2,123.11000000000001,1.0,1.2,0-3 Mos (High Risk),Far (21-50km)
50058,1,4,Mobile,3,26,E wallet,Female,3,3,Mobile,4,Single,2,1,22,0,1,2,131.4,1.0,1.2,4-12 Mos,Far (21-50km)
50059,0,23,Mobile,1,6,Credit Card,Male,2,4,Mobile,3,Divorced,3,0,15,0,1,2,136.9,1.0,1.2,1-5 Yrs,Close (0-10km)
50060,0,26,Mobile,1,19,Credit Card,Female,2,2,Laptop & Accessory,5,Married,2,0,11,1,1,3,144.5,1.0,1.2,1-5 Yrs,Moderate (11-20km)
50061,0,6,Mobile,1,20,Credit Card,Female,3,3,Mobile,4,Divorced,2,0,13,0,1,6,127.56,1.0,1.2,4-12 Mos,Moderate (11-20km)
50062,0,13,Mobile,1,10,Credit Card,Female,2,3,Others,3,Divorced,2,0,14,1,9,9,290.33,1.0,1.2,1-5 Yrs,Close (0-10km)
50063,0,28,Mobile,1,20,Credit Card,Male,3,2,Others,4,Single,9,0,11,1,2,15,287.22,1.0,1.2,1-5 Yrs,Moderate (11-20km)
50064,0,7,Computer,1,8,Debit Card,Male,2,4,Laptop & Accessory,3,Divorced,2,0,17,0,1,9,195.47,1.0,1.2,4-12 Mos,Close (0-10km)
50065,0,24,Mobile,1,9,Credit Card,Female,3,3,Grocery,4,Single,4,0,18,0,4,0,237.33999999999997,1.0,1.2,1-5 Yrs,Close (0-10km)
50066,0,25,Mobile,1,6,Debit Card,Male,3,4,Others,3,Divorced,1,0,15,1,11,9,299.99,1.0,1.2,1-5 Yrs,Close (0-10km)
50067,0,3,Mobile,1,15,Credit Card,Female,2,3,Mobile,4,Single,2,0,16,1,1,3,122.78999999999999,1.0,1.2,0-3 Mos (High Risk),Moderate (11-20km)
50068,1,0,Mobile,1,29,Debit Card,Male,2,4,Laptop & Accessory,3,Divorced,4,1,13,1,1,1,159.16,1.0,1.2,0-3 Mos (High Risk),Far (21-50km)
50069,0,3,Computer,1,13,Credit Card,Male,2,2,Mobile,2,Married,5,0,14,0,2,2,120.88999999999999,1.0,1.2,0-3 Mos (High Risk),Moderate (11-20km)
50070,0,18,Computer,1,8,Credit Card,Male,3,4,Grocery,2,Divorced,10,0,23,1,11,8,267.92,1.0,1.2,1-5 Yrs,Close (0-10km)
50071,0,10,Mobile,1,27,Debit Card,Male,3,2,Mobile,5,Divorced,2,1,12,0,1,7,135.64,1.0,1.2,4-12 Mos,Far (21-50km)
50072,0,8,Computer,1,8,Credit Card,Female,2,3,Laptop & Accessory,4,Single,6,0,11,1,1,2,144.25,1.0,1.2,4-12 Mos,Close (0-10km)
50073,0,15,Computer,1,27,Credit Card,Female,2,3,Laptop & Accessory,3,Married,3,0,16,0,1,2,152.65,1.0,1.2,1-5 Yrs,Far (21-50km)
50074,0,11,Mobile,1,8,Debit Card,Male,2,3,Laptop & Accessory,3,Divorced,10,0,14,0,1,0,165.53,1.0,1.2,4-12 Mos,Close (0-10km)
50075,0,11,Mobile,1,35,Cash on Delivery,Male,2,3,Laptop & Accessory,2,Divorced,4,0,18,0,1,7,162.61,1.0,1.2,4-12 Mos,Far (21-50km)
50076,0,0,Computer,1,6,Cash on Delivery,Male,2,4,Laptop & Accessory,5,Divorced,6,0,19,0,2,0,142.98,1.0,1.2,0-3 Mos (High Risk),Close (0-10km)
50077,0,22,Computer,1,24,Debit Card,Male,3,3,Laptop & Accessory,2,Married,2,1,15,0,1,7,168.04,1.0,1.2,1-5 Yrs,Far (21-50km)
50078,0,7,Computer,1,16,Credit Card,Male,2,3,Mobile,3,Married,2,1,17,2,2,0,138.15,1.0,1.2,4-12 Mos,Moderate (11-20km)
50079,0,13,Mobile,1,25,Credit Card,Male,3,3,Laptop & Accessory,2,Divorced,9,1,15,1,3,7,127.41,1.0,1.2,1-5 Yrs,Far (21-50km)
50080,1,1,Mobile,1,35,Credit Card,Male,3,3,Laptop & Accessory,5,Divorced,8,1,19,0,1,0,166.73,1.0,1.2,0-3 Mos (High Risk),Far (21-50km)
50081,1,0,Mobile,3,33,E wallet,Female,2,3,Fashion,2,Divorced,2,0,22,1,1,9,176.39,1.0,1.2,0-3 Mos (High Risk),Far (21-50km)
50082,0,0,Mobile,1,13,Debit Card,Male,2,2,Mobile,4,Married,2,1,16,0,2,2,123.28,1.0,1.2,0-3 Mos (High Risk),Moderate (11-20km)
50083,0,3,Computer,1,24,Credit Card,Female,3,3,Mobile,2,Single,2,0,13,1,1,7,121.53,1.0,1.2,0-3 Mos (High Risk),Far (21-50km)
50084,0,13,Computer,1,15,Debit Card,Male,3,4,Laptop & Accessory,2,Divorced,10,0,14,1,1,2,148.76,1.0,1.2,1-5 Yrs,Moderate (11-20km)
50085,0,19,Mobile,1,6,Credit Card,Male,3,3,Fashion,5,Married,8,0,16,0,1,3,193.96,1.0,1.2,1-5 Yrs,Close (0-10km)
50086,1,0,Mobile,3,10,Credit Card,Male,2,5,Fashion,2,Divorced,2,0,11,7,9,8,204.0,1.0,1.2,0-3 Mos (High Risk),Close (0-10km)
50087,0,3,Computer,1,6,Debit Card,Male,2,4,Fashion,3,Single,2,0,22,2,5,8,184.74,1.0,1.2,0-3 Mos (High Risk),Close (0-10km)
50088,0,0,Computer,3,26,Debit Card,Female,2,3,Laptop & Accessory,3,Single,2,0,14,1,1,7,199.81,1.0,1.2,0-3 Mos (High Risk),Far (21-50km)
50089,0,24,Mobile,1,14,Debit Card,Male,2,4,Fashion,4,Divorced,6,0,16,1,4,3,224.89999999999998,1.0,1.2,1-5 Yrs,Moderate (11-20km)
50090,1,0,Mobile,1,13,Cash on Delivery,Female,2,3,Mobile,5,Single,6,1,11,1,1,4,126.57,1.0,1.2,0-3 Mos (High Risk),Moderate (11-20km)
50091,0,14,Mobile,3,12,Debit Card,Female,3,3,Fashion,2,Single,4,1,18,0,2,0,235.91000000000003,1.0,1.2,1-5 Yrs,Moderate (11-20km)
50092,1,0,Computer,3,32,E wallet,Female,2,4,Laptop & Accessory,5,Single,6,0,15,0,1,1,166.96,1.0,1.2,0-3 Mos (High Risk),Far (21-50km)
50093,1,3,Mobile,1,6,Cash on Delivery,Male,2,3,Mobile,3,Single,1,0,14,0,1,5,120.58000000000001,1.0,1.2,0-3 Mos (High Risk),Close (0-10km)
50094,0,18,Computer,3,12,Credit Card,Female,2,4,Fashion,2,Single,7,0,12,12,12,8,188.65,1.0,1.2,1-5 Yrs,Moderate (11-20km)
50095,0,27,Mobile,3,9,E wallet,Female,2,3,Laptop & Accessory,5,Divorced,3,0,14,1,1,5,159.4,1.0,1.2,1-5 Yrs,Close (0-10km)
50096,0,9,Mobile,1,11,Debit Card,Male,3,3,Laptop & Accessory,4,Single,9,0,16,0,3,7,159.14,1.0,1.2,4-12 Mos,Moderate (11-20km)
50097,0,6,Mobile,1,13,Credit Card,Female,2,4,Mobile,4,Divorced,7,0,21,0,1,1,126.22,1.0,1.2,4-12 Mos,Moderate (11-20km)
50098,0,10,Computer,1,17,UPI,Male,2,3,Fashion,2,Married,2,1,14,0,1,3,221.85000000000002,1.0,1.2,4-12 Mos,Moderate (11-20km)
50099,0,11,Mobile,3,9,Debit Card,Male,3,3,Fashion,3,Married,1,0,12,1,5,13,206.08999999999997,1.0,1.2,4-12 Mos,Close (0-10km)
50100,0,4,Computer,1,6,Credit Card,Male,2,5,Laptop & Accessory,3,Divorced,1,0,12,1,1,4,143.45,1.0,1.2,4-12 Mos,Close (0-10km)
50101,0,3,Mobile,1,9,Debit Card,Male,3,4,Mobile,2,Divorced,4,0,17,0,1,0,121.77000000000001,1.0,1.2,0-3 Mos (High Risk),Close (0-10km)
50102,0,10,Computer,3,10,E wallet,Male,2,3,Mobile,2,Married,5,0,17,1,5,8,0.0,1.0,1.2,4-12 Mos,Close (0-10km)
50103,0,2,Computer,3,6,Credit Card,Female,2,3,Fashion,2,Divorced,2,0,14,4,4,1,179.18,1.0,1.2,0-3 Mos (High Risk),Close (0-10km)
50104,0,8,Computer,3,6,E wallet,Female,3,3,Fashion,3,Single,2,0,14,1,1,8,187.89,1.0,1.2,4-12 Mos,Close (0-10km)
50105,1,0,Mobile,1,13,Credit Card,Male,2,4,Mobile,2,Single,2,1,13,0,1,1,123.88999999999999,1.0,1.2,0-3 Mos (High Risk),Moderate (11-20km)
50106,0,25,Mobile,1,8,Debit Card,Female,2,4,Mobile,2,Single,8,0,15,0,2,2,132.12,1.0,1.2,1-5 Yrs,Close (0-10km)
50107,0,15,Mobile,1,10,Cash on Delivery,Male,2,3,Others,2,Divorced,2,0,15,0,11,15,292.32,1.0,1.2,1-5 Yrs,Close (0-10km)
50108,0,3,Mobile,2,12,Credit Card,Male,2,3,Mobile,3,Divorced,9,0,17,2,2,2,122.66999999999999,1.0,1.2,0-3 Mos (High Risk),Moderate (11-20km)
50109,0,23,Mobile,3,6,Credit Card,Female,3,3,Others,2,Married,4,0,15,1,1,6,295.17,1.0,1.2,1-5 Yrs,Close (0-10km)
50110,1,0,Mobile,1,13,Credit Card,Male,2,3,Mobile,2,Divorced,6,1,13,0,1,4,124.36000000000001,1.0,1.2,0-3 Mos (High Risk),Moderate (11-20km)
50111,0,16,Mobile,3,22,E wallet,Female,3,3,Grocery,2,Divorced,6,1,22,0,4,9,260.64,1.0,1.2,1-5 Yrs,Far (21-50km)
50112,1,0,Mobile,1,8,Debit Card,Female,3,3,Mobile,5,Divorced,8,0,20,1,1,7,127.07,1.0,1.2,0-3 Mos (High Risk),Close (0-10km)
50113,0,25,Computer,3,8,Debit Card,Male,3,4,Others,3,Single,2,1,18,1,15,12,290.68,3.0,3.5999999999999996,1-5 Yrs,Close (0-10km)
50114,0,5,Mobile,3,10,Debit Card,Female,2,3,Mobile,4,Divorced,3,0,11,1,1,2,139.31,1.0,1.2,4-12 Mos,Close (0-10km)
50115,1,0,Mobile,1,6,Debit Card,Male,3,4,Mobile,3,Single,1,1,14,1,1,2,137.3,1.0,1.2,0-3 Mos (High Risk),Close (0-10km)
50116,0,3,Mobile,1,6,Credit Card,Female,3,3,Mobile,3,Married,8,0,14,0,1,2,122.32,1.0,1.2,0-3 Mos (High Risk),Close (0-10km)
50117,0,5,Computer,3,32,E wallet,Male,3,3,Laptop & Accessory,2,Divorced,1,0,18,1,2,2,144.65,1.0,1.2,4-12 Mos,Far (21-50km)
50118,0,14,Mobile,1,25,Debit Card,Male,3,3,Laptop & Accessory,5,Married,3,0,16,1,1,0,130.72,1.0,1.2,1-5 Yrs,Far (21-50km)
50119,0,13,Mobile,1,30,Cash on Delivery,Male,3,3,Laptop & Accessory,2,Married,2,0,17,2,4,7,133.19,1.0,1.2,1-5 Yrs,Far (21-50km)
50120,0,18,Mobile,1,6,UPI,Male,3,2,Others,2,Divorced,1,0,15,1,1,7,292.02,1.0,1.2,1-5 Yrs,Close (0-10km)
50121,0,4,Computer,1,9,Credit Card,Male,3,3,Fashion,3,Married,10,0,12,1,2,2,236.75,1.0,1.2,4-12 Mos,Close (0-10km)
50122,0,6,Mobile,1,11,Debit Card,Female,3,4,Mobile,2,Divorced,2,0,13,0,1,2,129.11,1.0,1.2,4-12 Mos,Moderate (11-20km)
50123,0,7,Mobile,1,8,Debit Card,Male,2,4,Laptop & Accessory,5,Divorced,7,0,13,0,5,9,159.57,1.0,1.2,4-12 Mos,Close (0-10km)
50124,0,10,Mobile,1,6,Credit Card,Female,2,4,Mobile,5,Divorced,3,0,14,1,1,2,139.2,1.0,1.2,4-12 Mos,Close (0-10km)
50125,0,18,Computer,1,13,Debit Card,Male,3,2,Laptop & Accessory,3,Divorced,5,0,17,0,1,2,164.34,1.0,1.2,1-5 Yrs,Moderate (11-20km)
50126,1,0,Computer,1,16,Credit Card,Male,3,3,Fashion,3,Married,7,0,11,1,1,0,200.48,1.0,1.2,0-3 Mos (High Risk),Moderate (11-20km)
50127,0,12,Computer,1,8,Cash on Delivery,Female,3,3,Fashion,3,Single,1,0,25,10,11,3,209.38,1.0,1.2,4-12 Mos,Close (0-10km)
50128,0,2,Mobile,1,13,Debit Card,Male,2,3,Mobile,2,Single,2,0,19,0,1,5,123.4,1.0,1.2,0-3 Mos (High Risk),Moderate (11-20km)
50129,0,15,Mobile,1,23,Debit Card,Female,2,2,Laptop & Accessory,5,Single,4,1,13,0,1,2,165.45,1.0,1.2,1-5 Yrs,Far (21-50km)
50130,0,2,Mobile,3,26,E wallet,Male,2,3,Laptop & Accessory,2,Married,3,0,14,1,1,2,169.31,1.0,1.2,0-3 Mos (High Risk),Far (21-50km)
50131,0,0,Mobile,1,6,Debit Card,Female,3,3,Laptop & Accessory,3,Divorced,1,0,12,1,1,2,148.98,1.0,1.2,0-3 Mos (High Risk),Close (0-10km)
50132,0,15,Mobile,1,13,Credit Card,Female,2,4,Mobile,5,Married,1,1,11,4,7,8,125.93,2.0,2.4,1-5 Yrs,Moderate (11-20km)
50133,0,13,Mobile,1,8,Credit Card,Male,2,3,Others,3,Married,1,0,15,0,3,9,294.36,1.0,1.2,1-5 Yrs,Close (0-10km)
50134,0,24,Mobile,1,6,Debit Card,Male,3,3,Mobile,2,Divorced,2,0,11,1,1,0,127.22999999999999,1.0,1.2,1-5 Yrs,Close (0-10km)
50135,1,0,Computer,1,35,Credit Card,Male,3,4,Mobile,4,Single,1,0,11,1,1,4,134.79,1.0,1.2,0-3 Mos (High Risk),Far (21-50km)
50136,0,5,Computer,1,13,Debit Card,Male,3,2,Mobile,4,Divorced,2,0,20,0,1,3,127.94,1.0,1.2,4-12 Mos,Moderate (11-20km)
50137,0,11,Computer,3,8,Debit Card,Male,2,4,Laptop & Accessory,2,Divorced,4,0,18,6,7,5,152.49,1.0,1.2,4-12 Mos,Close (0-10km)
50138,0,8,Mobile,1,8,Cash on Delivery,Male,2,4,Laptop & Accessory,5,Single,5,0,13,0,1,4,121.75999999999999,1.0,1.2,4-12 Mos,Close (0-10km)
50139,0,19,Mobile,3,8,Cash on Delivery,Female,3,5,Grocery,4,Divorced,4,1,12,1,7,7,268.72,2.0,2.4,1-5 Yrs,Close (0-10km)
50140,1,0,Mobile,1,8,Debit Card,Male,3,3,Mobile,3,Single,3,0,11,1,1,0,134.85,1.0,1.2,0-3 Mos (High Risk),Close (0-10km)
50141,0,2,Mobile,3,8,Credit Card,Male,3,4,Laptop & Accessory,4,Divorced,3,0,19,0,1,0,166.44,1.0,1.2,0-3 Mos (High Risk),Close (0-10km)
50142,0,4,Mobile,1,29,Credit Card,Male,3,4,Laptop & Accessory,2,Divorced,1,0,21,1,7,8,155.82,1.0,1.2,4-12 Mos,Far (21-50km)
50143,0,0,Computer,1,11,Debit Card,Male,2,2,Laptop & Accessory,5,Married,2,0,12,1,1,5,140.0,1.0,1.2,0-3 Mos (High Risk),Moderate (11-20km)
50144,0,18,Mobile,1,26,Credit Card,Male,3,3,Grocery,2,Divorced,1,1,14,0,4,10,234.95999999999998,1.0,1.2,1-5 Yrs,Far (21-50km)
50145,0,9,Mobile,1,12,Debit Card,Male,2,3,Mobile,2,Divorced,1,0,11,4,10,11,132.1,1.0,1.2,4-12 Mos,Moderate (11-20km)
50146,0,28,Mobile,1,6,Credit Card,Male,2,3,Others,5,Single,1,1,14,1,4,13,290.45,1.0,1.2,1-5 Yrs,Close (0-10km)
50147,1,10,Computer,1,35,Debit Card,Male,2,3,Fashion,4,Divorced,2,1,12,5,9,3,218.49,2.0,2.4,4-12 Mos,Far (21-50km)
50148,0,3,Mobile,1,15,Credit Card,Male,3,3,Mobile,2,Divorced,2,0,23,1,1,4,120.69999999999999,1.0,1.2,0-3 Mos (High Risk),Moderate (11-20km)
50149,0,10,Mobile,3,12,Credit Card,Male,3,3,Laptop & Accessory,2,Divorced,5,0,14,0,1,1,165.02,1.0,1.2,4-12 Mos,Moderate (11-20km)
50150,0,0,Mobile,1,9,Credit Card,Male,3,4,Mobile,3,Single,2,0,17,1,1,0,132.3,1.0,1.2,0-3 Mos (High Risk),Close (0-10km)
50151,0,10,Computer,1,6,Credit Card,Female,0,3,Fashion,2,Married,3,1,18,0,2,2,236.02999999999997,1.0,1.2,4-12 Mos,Close (0-10km)
50152,0,2,Mobile,1,28,Debit Card,Female,3,2,Fashion,4,Married,8,0,18,5,6,3,219.95999999999998,1.0,1.2,0-3 Mos (High Risk),Far (21-50km)
50153,0,11,Mobile,3,13,Credit Card,Female,2,2,Laptop & Accessory,5,Married,2,1,24,0,7,7,156.05,2.0,2.4,4-12 Mos,Moderate (11-20km)
50154,0,0,Computer,1,6,Debit Card,Female,2,3,Laptop & Accessory,4,Married,2,0,20,0,1,4,163.97,1.0,1.2,0-3 Mos (High Risk),Close (0-10km)
50155,0,23,Mobile,1,10,Debit Card,Male,3,3,Others,4,Married,4,0,14,1,1,6,291.44,1.0,1.2,1-5 Yrs,Close (0-10km)
50156,0,26,Mobile,1,9,Credit Card,Male,2,3,Grocery,3,Divorced,4,1,16,1,1,3,275.84,1.0,1.2,1-5 Yrs,Close (0-10km)
50157,0,15,Mobile,3,6,Debit Card,Male,2,3,Laptop & Accessory,3,Divorced,2,0,25,4,11,6,149.07,1.0,1.2,1-5 Yrs,Close (0-10km)
50158,0,2,Computer,3,8,Debit Card,Male,2,3,Laptop & Accessory,2,Single,2,0,18,0,1,9,145.54,1.0,1.2,0-3 Mos (High Risk),Close (0-10km)
50159,0,28,Mobile,1,26,Cash on Delivery,Male,2,3,Laptop & Accessory,2,Divorced,4,1,19,1,1,8,154.15,1.0,1.2,1-5 Yrs,Far (21-50km)
50160,0,0,Computer,1,17,Credit Card,Male,2,3,Laptop & Accessory,5,Divorced,2,1,13,2,3,3,147.41,1.0,1.2,0-3 Mos (High Risk),Moderate (11-20km)
50161,0,3,Mobile,1,6,Debit Card,Female,2,3,Mobile,2,Single,2,0,12,1,5,7,121.15,1.0,1.2,0-3 Mos (High Risk),Close (0-10km)
50162,1,7,Computer,1,30,Debit Card,Male,3,3,Mobile,3,Married,4,1,22,0,1,0,131.61,1.0,1.2,4-12 Mos,Far (21-50km)
50163,0,11,Mobile,1,29,Debit Card,Male,2,3,Laptop & Accessory,2,Married,10,0,14,0,1,2,157.45,1.0,1.2,4-12 Mos,Far (21-50km)
50164,1,0,Mobile,1,13,Credit Card,Male,2,3,Mobile,4,Married,3,1,13,1,1,2,123.72999999999999,1.0,1.2,0-3 Mos (High Risk),Moderate (11-20km)
50165,0,1,Mobile,1,14,Debit Card,Female,3,3,Mobile,2,Single,2,0,21,0,1,2,133.1,1.0,1.2,0-3 Mos (High Risk),Moderate (11-20km)
50166,0,22,Computer,1,16,Debit Card,Female,2,3,Others,5,Single,10,1,11,1,1,2,286.65,1.0,1.2,1-5 Yrs,Moderate (11-20km)
50167,0,9,Mobile,1,9,Cash on Delivery,Male,1,3,Laptop & Accessory,4,Single,5,0,12,6,7,7,144.85,1.0,1.2,4-12 Mos,Close (0-10km)
50168,0,4,Computer,3,11,E wallet,Female,3,3,Mobile,4,Married,2,0,11,0,2,2,127.88999999999999,1.0,1.2,4-12 Mos,Moderate (11-20km)
50169,1,0,Mobile,3,10,E wallet,Male,2,4,Laptop & Accessory,2,Single,2,1,12,7,7,4,158.28,2.0,2.4,0-3 Mos (High Risk),Close (0-10km)
50170,0,10,Computer,1,13,Credit Card,Male,2,3,Mobile,2,Divorced,2,1,12,0,1,2,123.25999999999999,1.0,1.2,4-12 Mos,Moderate (11-20km)
50171,0,15,Computer,3,32,E wallet,Female,3,3,Grocery,4,Divorced,6,0,14,2,4,8,235.25,1.0,1.2,1-5 Yrs,Far (21-50km)
50172,1,3,Mobile,1,9,Debit Card,Male,2,3,Mobile,3,Single,2,0,13,0,1,0,114.19999999999999,1.0,1.2,0-3 Mos (High Risk),Close (0-10km)
50173,0,8,Mobile,3,22,E wallet,Male,3,3,Fashion,4,Divorced,1,0,15,3,6,9,180.2,1.0,1.2,4-12 Mos,Far (21-50km)
50174,0,9,Computer,1,24,Debit Card,Male,2,2,Mobile,2,Divorced,5,0,18,0,1,0,136.88,1.0,1.2,4-12 Mos,Far (21-50km)
50175,0,24,Mobile,1,8,Credit Card,Male,2,5,Laptop & Accessory,4,Married,6,0,18,0,1,2,154.82,1.0,1.2,1-5 Yrs,Close (0-10km)
50176,0,14,Mobile,3,8,Debit Card,Male,2,3,Grocery,4,Single,2,0,19,1,4,4,260.15,1.0,1.2,1-5 Yrs,Close (0-10km)
50177,0,0,Mobile,3,16,Credit Card,Female,3,4,Mobile,3,Single,2,0,12,1,1,0,112.0,1.0,1.2,0-3 Mos (High Risk),Moderate (11-20km)
50178,0,1,Mobile,1,22,Credit Card,Male,3,2,Laptop & Accessory,5,Single,1,0,19,0,1,7,156.61,1.0,1.2,0-3 Mos (High Risk),Far (21-50km)
50179,0,4,Mobile,3,13,Cash on Delivery,Male,3,2,Laptop & Accessory,2,Divorced,5,0,11,3,7,7,169.29,1.0,1.2,4-12 Mos,Moderate (11-20km)
50180,0,12,Mobile,1,6,Credit Card,Male,2,2,Fashion,2,Married,1,0,17,3,3,7,196.13,1.0,1.2,4-12 Mos,Close (0-10km)
50181,0,9,Computer,1,30,Debit Card,Female,2,3,Laptop & Accessory,4,Divorced,8,0,15,0,1,8,156.74,1.0,1.2,4-12 Mos,Far (21-50km)
50182,0,5,Mobile,3,13,Debit Card,Male,3,4,Laptop & Accessory,3,Divorced,2,0,14,1,4,8,154.84,1.0,1.2,4-12 Mos,Moderate (11-20km)
50183,0,11,Mobile,1,31,Debit Card,Female,2,4,Fashion,4,Divorced,4,0,17,1,1,3,220.61,1.0,1.2,4-12 Mos,Far (21-50km)
50184,0,30,Computer,1,6,Debit Card,Male,2,5,Laptop & Accessory,3,Married,3,1,13,1,1,2,156.6,1.0,1.2,1-5 Yrs,Close (0-10km)
50185,0,4,Mobile,1,11,Cash on Delivery,Male,2,3,Mobile,2,Divorced,1,1,12,0,1,3,148.21,1.0,1.2,4-12 Mos,Moderate (11-20km)
50186,0,4,Mobile,2,8,UPI,Male,3,4,Laptop & Accessory,5,Divorced,4,0,12,0,1,0,164.1,1.0,1.2,4-12 Mos,Close (0-10km)
50187,0,18,Computer,1,13,Debit Card,Male,3,3,Fashion,5,Married,2,0,18,5,9,11,152.1,1.0,1.2,1-5 Yrs,Moderate (11-20km)
50188,0,4,Mobile,1,8,Debit Card,Male,3,3,Mobile,2,Married,1,1,18,1,2,2,126.94999999999999,1.0,1.2,4-12 Mos,Close (0-10km)
50189,0,6,Computer,1,11,Debit Card,Female,3,3,Fashion,4,Divorced,7,0,11,2,8,3,218.77999999999997,1.0,1.2,4-12 Mos,Moderate (11-20km)
50190,0,12,Mobile,1,16,Credit Card,Male,2,3,Grocery,5,Divorced,2,1,14,1,11,10,270.68,3.0,3.5999999999999996,4-12 Mos,Moderate (11-20km)
50191,0,16,Computer,1,13,Debit Card,Female,2,3,Mobile,2,Single,1,0,19,0,1,7,124.55000000000001,1.0,1.2,1-5 Yrs,Moderate (11-20km)
50192,0,22,Mobile,1,6,Cash on Delivery,Female,2,4,Grocery,3,Single,8,1,12,1,4,7,239.64,1.0,1.2,1-5 Yrs,Close (0-10km)
50193,1,15,Mobile,1,14,Credit Card,Male,2,4,Laptop & Accessory,4,Divorced,3,0,15,7,7,7,149.41,1.0,1.2,1-5 Yrs,Moderate (11-20km)
50194,0,0,Mobile,1,13,Debit Card,Female,2,3,Mobile,4,Single,2,1,12,0,1,2,124.78,1.0,1.2,0-3 Mos (High Risk),Moderate (11-20km)
50195,0,5,Mobile,3,14,Cash on Delivery,Female,3,4,Laptop & Accessory,4,Divorced,2,1,11,6,11,9,152.28,3.0,3.5999999999999996,4-12 Mos,Moderate (11-20km)
50196,0,0,Mobile,3,8,Debit Card,Male,3,3,Laptop & Accessory,3,Single,2,1,11,1,1,4,144.78,1.0,1.2,0-3 Mos (High Risk),Close (0-10km)
50197,0,4,Mobile,3,13,E wallet,Male,3,3,Laptop & Accessory,2,Married,5,0,12,0,1,7,175.47,1.0,1.2,4-12 Mos,Moderate (11-20km)
50198,0,5,Mobile,1,8,Credit Card,Female,3,2,Laptop & Accessory,2,Single,8,0,16,1,1,7,150.55,1.0,1.2,4-12 Mos,Close (0-10km)
50199,1,0,Mobile,1,8,Credit Card,Male,2,5,Mobile,2,Divorced,6,1,13,2,2,2,134.64,1.0,1.2,0-3 Mos (High Risk),Close (0-10km)
50200,0,3,Mobile,1,34,Credit Card,Female,3,3,Laptop & Accessory,2,Divorced,2,0,13,0,1,9,157.75,1.0,1.2,0-3 Mos (High Risk),Far (21-50km)
50201,0,4,Computer,1,13,Debit Card,Female,2,4,Fashion,3,Divorced,2,0,24,3,8,9,189.43,1.0,1.2,4-12 Mos,Moderate (11-20km)
50202,0,12,Computer,1,5,Credit Card,Male,2,4,Others,2,Divorced,2,0,15,9,13,3,292.72,1.0,1.2,4-12 Mos,Close (0-10km)
50203,1,2,Mobile,3,9,Credit Card,Female,2,3,Laptop & Accessory,3,Divorced,5,1,18,1,1,0,152.38,1.0,1.2,0-3 Mos (High Risk),Close (0-10km)
50204,0,6,Computer,3,16,E wallet,Male,2,4,Laptop & Accessory,2,Single,4,0,14,1,1,1,146.82,1.0,1.2,4-12 Mos,Moderate (11-20km)
50205,0,20,Mobile,1,11,Debit Card,Male,2,3,Others,3,Divorced,5,0,11,1,1,1,283.0,1.0,1.2,1-5 Yrs,Moderate (11-20km)
50206,0,16,Computer,1,16,Debit Card,Female,2,4,Laptop & Accessory,3,Married,2,0,11,0,1,0,152.57,1.0,1.2,1-5 Yrs,Moderate (11-20km)
50207,0,0,Computer,3,6,E wallet,Male,3,3,Laptop & Accessory,4,Divorced,1,1,13,0,1,4,163.49,1.0,1.2,0-3 Mos (High Risk),Close (0-10km)
50208,0,27,Computer,1,26,Debit Card,Female,2,3,Laptop & Accessory,3,Single,4,0,12,1,1,3,148.69,1.0,1.2,1-5 Yrs,Far (21-50km)
50209,0,16,Mobile,1,13,Debit Card,Female,2,3,Fashion,5,Divorced,9,0,16,1,1,0,199.85,1.0,1.2,1-5 Yrs,Moderate (11-20km)
50210,0,18,Mobile,1,14,UPI,Male,3,3,Laptop & Accessory,2,Divorced,10,0,14,7,9,8,136.97,1.0,1.2,1-5 Yrs,Moderate (11-20km)
50211,0,13,Mobile,3,6,Credit Card,Male,2,5,Laptop & Accessory,2,Divorced,3,1,22,1,1,2,174.57,1.0,1.2,1-5 Yrs,Close (0-10km)
50212,1,3,Mobile,1,14,UPI,Male,3,5,Mobile,5,Divorced,2,1,11,1,1,7,121.19,1.0,1.2,0-3 Mos (High Risk),Moderate (11-20km)
50213,0,2,Mobile,1,15,UPI,Male,1,4,Mobile,2,Single,1,0,17,2,2,2,139.83,1.0,1.2,0-3 Mos (High Risk),Moderate (11-20km)
50214,0,3,Mobile,3,11,E wallet,Female,1,4,Laptop & Accessory,3,Married,2,0,13,0,1,2,161.18,1.0,1.2,0-3 Mos (High Risk),Moderate (11-20km)
50215,0,0,Mobile,3,14,E wallet,Female,2,3,Laptop & Accessory,4,Divorced,2,0,18,0,1,7,162.14,1.0,1.2,0-3 Mos (High Risk),Moderate (11-20km)
50216,0,10,Mobile,1,11,Credit Card,Male,3,3,Laptop & Accessory,2,Married,8,0,16,0,1,4,163.47,1.0,1.2,4-12 Mos,Moderate (11-20km)
50217,0,11,Mobile,1,21,Debit Card,Male,3,4,Fashion,2,Married,1,1,14,1,2,3,215.10000000000002,1.0,1.2,4-12 Mos,Far (21-50km)
50218,0,4,Mobile,1,13,Credit Card,Female,2,3,Fashion,2,Single,2,1,14,2,4,10,171.43,1.0,1.2,4-12 Mos,Moderate (11-20km)
50219,0,2,Mobile,3,16,E wallet,Female,2,4,Laptop & Accessory,4,Married,2,1,14,0,1,7,182.68,1.0,1.2,0-3 Mos (High Risk),Moderate (11-20km)
50220,0,8,Mobile,1,11,Cash on Delivery,Male,3,3,Fashion,4,Single,1,0,13,0,1,13,180.95,1.0,1.2,4-12 Mos,Moderate (11-20km)
50221,0,0,Mobile,1,32,Debit Card,Male,3,3,Mobile,2,Married,2,0,12,1,1,2,129.04,1.0,1.2,0-3 Mos (High Risk),Far (21-50km)
50222,0,14,Mobile,1,12,Credit Card,Male,3,4,Laptop & Accessory,4,Single,7,1,15,1,1,2,160.32,1.0,1.2,1-5 Yrs,Moderate (11-20km)
50223,0,20,Computer,3,10,Credit Card,Male,3,3,Laptop & Accessory,3,Single,4,0,19,0,1,0,129.76,1.0,1.2,1-5 Yrs,Close (0-10km)
50224,0,15,Mobile,1,29,Debit Card,Female,2,3,Grocery,2,Single,3,0,14,0,4,0,259.92,1.0,1.2,1-5 Yrs,Far (21-50km)
50225,0,2,Computer,3,8,Debit Card,Male,3,3,Laptop & Accessory,3,Divorced,2,0,14,1,1,2,146.49,1.0,1.2,0-3 Mos (High Risk),Close (0-10km)
50226,0,15,Mobile,2,8,Cash on Delivery,Male,3,3,Mobile,3,Married,1,1,11,1,1,0,126.96000000000001,1.0,1.2,1-5 Yrs,Close (0-10km)
50227,0,5,Mobile,1,13,Credit Card,Female,3,3,Mobile,4,Divorced,2,0,13,0,1,7,123.69999999999999,1.0,1.2,4-12 Mos,Moderate (11-20km)
50228,0,21,Mobile,3,35,Credit Card,Female,3,3,Fashion,3,Divorced,4,0,21,0,1,3,225.04000000000002,1.0,1.2,1-5 Yrs,Far (21-50km)
50229,0,10,Mobile,1,12,Credit Card,Male,2,2,Laptop & Accessory,5,Married,5,1,13,2,6,7,159.74,2.0,2.4,4-12 Mos,Moderate (11-20km)
50230,0,3,Computer,3,31,Cash on Delivery,Female,2,3,Laptop & Accessory,3,Divorced,8,1,12,1,2,2,147.36,1.0,1.2,0-3 Mos (High Risk),Far (21-50km)
50231,0,0,Mobile,3,6,Debit Card,Male,2,3,Laptop & Accessory,3,Divorced,2,0,17,2,7,7,152.96,1.0,1.2,0-3 Mos (High Risk),Close (0-10km)
50232,0,15,Mobile,1,8,UPI,Male,3,4,Laptop & Accessory,2,Single,4,0,23,0,1,0,167.81,1.0,1.2,1-5 Yrs,Close (0-10km)
50233,1,3,Computer,3,6,Cash on Delivery,Female,2,4,Mobile,4,Single,2,1,11,1,1,2,121.74000000000001,1.0,1.2,0-3 Mos (High Risk),Close (0-10km)
50234,0,9,Computer,3,6,Credit Card,Female,2,3,Laptop & Accessory,2,Single,5,0,15,1,1,0,166.53,1.0,1.2,4-12 Mos,Close (0-10km)
50235,0,9,Computer,3,9,Credit Card,Male,2,4,Fashion,2,Divorced,5,0,11,0,1,12,196.99,1.0,1.2,4-12 Mos,Close (0-10km)
50236,0,30,Mobile,1,6,Credit Card,Male,2,3,Laptop & Accessory,3,Divorced,3,0,11,1,1,2,167.55,1.0,1.2,1-5 Yrs,Close (0-10km)
50237,0,3,Mobile,1,16,Debit Card,Female,2,2,Mobile,3,Divorced,4,1,13,0,1,7,122.13,1.0,1.2,0-3 Mos (High Risk),Moderate (11-20km)
50238,0,0,Computer,3,14,Credit Card,Male,2,3,Mobile,2,Single,2,0,24,0,2,2,126.1,1.0,1.2,0-3 Mos (High Risk),Moderate (11-20km)
50239,1,0,Mobile,3,11,E wallet,Female,3,3,Mobile,3,Single,2,1,13,1,1,0,128.51,1.0,1.2,0-3 Mos (High Risk),Moderate (11-20km)
50240,0,10,Mobile,1,16,Credit Card,Female,3,3,Mobile,5,Divorced,7,0,20,1,1,3,134.52,1.0,1.2,4-12 Mos,Moderate (11-20km)
50241,0,19,Computer,1,13,Credit Card,Female,1,3,Laptop & Accessory,3,Divorced,3,0,14,0,1,0,152.58,1.0,1.2,1-5 Yrs,Moderate (11-20km)
50242,1,4,Computer,3,10,E wallet,Male,2,3,Laptop & Accessory,4,Single,2,0,18,7,7,7,193.55,1.0,1.2,4-12 Mos,Close (0-10km)
50243,0,23,Mobile,1,16,Cash on Delivery,Male,3,4,Fashion,2,Single,7,0,15,0,1,3,204.96,1.0,1.2,1-5 Yrs,Moderate (11-20km)
50244,1,3,Mobile,3,28,E wallet,Male,3,4,Laptop & Accessory,3,Divorced,3,1,12,1,1,0,163.8,1.0,1.2,0-3 Mos (High Risk),Far (21-50km)
50245,0,4,Mobile,1,13,Debit Card,Male,2,4,Mobile,4,Single,1,1,16,1,2,2,126.57,1.0,1.2,4-12 Mos,Moderate (11-20km)
50246,1,0,Mobile,3,18,Debit Card,Female,3,2,Mobile,4,Single,2,0,15,0,1,0,127.16,1.0,1.2,0-3 Mos (High Risk),Moderate (11-20km)
50247,0,3,Mobile,1,29,Debit Card,Male,2,3,Mobile,2,Single,10,0,16,1,1,2,122.00999999999999,1.0,1.2,0-3 Mos (High Risk),Far (21-50km)
50248,0,8,Mobile,1,15,Debit Card,Male,3,4,Laptop & Accessory,4,Single,10,0,19,1,1,0,165.4,1.0,1.2,4-12 Mos,Moderate (11-20km)
50249,0,0,Mobile,1,6,Credit Card,Male,2,3,Mobile,4,Married,2,0,11,0,1,4,138.16,1.0,1.2,0-3 Mos (High Risk),Close (0-10km)
50250,0,1,Mobile,3,15,Debit Card,Male,3,3,Laptop & Accessory,2,Single,2,0,16,1,1,7,152.53,1.0,1.2,0-3 Mos (High Risk),Moderate (11-20km)
50251,0,22,Mobile,1,13,UPI,Male,2,4,Fashion,3,Single,9,0,24,1,1,0,145.0,1.0,1.2,1-5 Yrs,Moderate (11-20km)
50252,0,24,Mobile,3,20,Debit Card,Female,2,3,Laptop & Accessory,2,Divorced,5,0,11,0,1,7,149.36,1.0,1.2,1-5 Yrs,Moderate (11-20km)
50253,0,9,Mobile,1,13,Debit Card,Female,3,3,Mobile,3,Divorced,5,0,13,1,2,2,125.43,1.0,1.2,4-12 Mos,Moderate (11-20km)
50254,1,0,Computer,3,25,E wallet,Male,3,2,Laptop & Accessory,2,Single,9,1,13,1,1,4,153.04,1.0,1.2,0-3 Mos (High Risk),Far (21-50km)
50255,0,28,Mobile,1,8,Debit Card,Female,3,3,Grocery,2,Single,3,1,13,1,1,2,266.59,1.0,1.2,1-5 Yrs,Close (0-10km)
50256,0,0,Mobile,3,16,E wallet,Female,3,3,Laptop & Accessory,3,Married,2,1,12,0,1,3,142.6,1.0,1.2,0-3 Mos (High Risk),Moderate (11-20km)
50257,0,3,Mobile,3,14,Cash on Delivery,Male,3,3,Mobile,4,Divorced,2,0,18,1,1,0,124.75999999999999,1.0,1.2,0-3 Mos (High Risk),Moderate (11-20km)
50258,1,0,Computer,1,9,Cash on Delivery,Male,3,3,Mobile,5,Single,1,0,22,0,1,4,131.02,1.0,1.2,0-3 Mos (High Risk),Close (0-10km)
50259,0,3,Mobile,1,17,Credit Card,Female,2,3,Mobile,4,Divorced,2,0,13,1,1,2,122.44,1.0,1.2,0-3 Mos (High Risk),Moderate (11-20km)
50260,0,9,Mobile,3,8,Credit Card,Male,3,4,Fashion,3,Divorced,2,0,13,9,9,0,175.96,1.0,1.2,4-12 Mos,Close (0-10km)
50261,1,3,Computer,1,10,Cash on Delivery,Male,2,3,Mobile,2,Single,19,1,23,1,1,0,122.85,1.0,1.2,0-3 Mos (High Risk),Close (0-10km)
50262,0,10,Mobile,1,20,Debit Card,Female,3,3,Mobile,5,Married,2,0,12,3,12,17,130.34,1.0,1.2,4-12 Mos,Moderate (11-20km)
50263,0,13,Mobile,3,8,E wallet,Female,2,3,Laptop & Accessory,4,Married,8,0,12,0,1,3,157.15,1.0,1.2,1-5 Yrs,Close (0-10km)
50264,0,15,Mobile,1,13,Debit Card,Female,3,3,Mobile,5,Married,4,0,16,1,1,2,125.75999999999999,1.0,1.2,1-5 Yrs,Moderate (11-20km)
50265,0,10,Mobile,1,16,Debit Card,Male,2,3,Laptop & Accessory,4,Single,3,1,12,0,1,1,141.97,1.0,1.2,4-12 Mos,Moderate (11-20km)
50266,0,16,Mobile,1,18,Debit Card,Male,2,4,Grocery,4,Married,2,0,11,0,4,9,243.36,1.0,1.2,1-5 Yrs,Moderate (11-20km)
50267,0,13,Mobile,1,8,Credit Card,Female,3,4,Laptop & Accessory,3,Divorced,7,0,22,1,1,0,134.48,1.0,1.2,1-5 Yrs,Close (0-10km)
50268,0,27,Mobile,1,11,Credit Card,Male,2,3,Others,5,Divorced,5,0,15,1,1,2,294.06,1.0,1.2,1-5 Yrs,Moderate (11-20km)
50269,0,7,Computer,3,10,E wallet,Female,3,3,Laptop & Accessory,3,Divorced,10,0,15,1,1,2,165.38,1.0,1.2,4-12 Mos,Close (0-10km)
50270,0,4,Mobile,1,13,Credit Card,Female,2,3,Laptop & Accessory,5,Divorced,2,0,12,3,3,12,143.06,1.0,1.2,4-12 Mos,Moderate (11-20km)
50271,0,3,Computer,1,27,Credit Card,Male,3,3,Mobile,2,Divorced,8,0,20,0,1,2,122.58000000000001,1.0,1.2,0-3 Mos (High Risk),Far (21-50km)
50272,0,16,Mobile,1,14,UPI,Female,3,3,Laptop & Accessory,3,Married,5,1,14,0,1,2,145.22,1.0,1.2,1-5 Yrs,Moderate (11-20km)
50273,0,0,Mobile,3,10,Debit Card,Female,2,4,Laptop & Accessory,2,Single,2,1,11,0,1,3,144.87,1.0,1.2,0-3 Mos (High Risk),Close (0-10km)
50274,0,10,Computer,1,31,Credit Card,Female,3,3,Laptop & Accessory,3,Divorced,4,1,15,3,10,7,144.49,2.0,2.4,4-12 Mos,Far (21-50km)
50275,0,3,Mobile,1,6,Debit Card,Male,3,4,Mobile,5,Divorced,2,0,12,0,3,2,122.18,1.0,1.2,0-3 Mos (High Risk),Close (0-10km)
50276,0,12,Computer,1,6,Debit Card,Male,2,3,Others,3,Married,2,1,14,0,1,6,291.97,1.0,1.2,4-12 Mos,Close (0-10km)
50277,0,29,Computer,3,12,Debit Card,Female,2,2,Grocery,5,Divorced,10,0,11,2,4,7,232.12,1.0,1.2,1-5 Yrs,Moderate (11-20km)
50278,0,3,Mobile,3,18,Cash on Delivery,Female,2,3,Laptop & Accessory,3,Single,1,0,11,3,4,4,165.77,1.0,1.2,0-3 Mos (High Risk),Moderate (11-20km)
50279,0,14,Mobile,3,6,E wallet,Male,2,2,Fashion,5,Divorced,2,0,16,1,1,7,183.92,1.0,1.2,1-5 Yrs,Close (0-10km)
50280,0,1,Mobile,1,23,Credit Card,Male,3,3,Laptop & Accessory,5,Married,2,0,12,0,1,8,145.58,1.0,1.2,0-3 Mos (High Risk),Far (21-50km)
50281,1,0,Mobile,1,9,Credit Card,Male,3,3,Mobile,5,Divorced,6,0,13,1,1,2,140.31,1.0,1.2,0-3 Mos (High Risk),Close (0-10km)
50282,0,25,Mobile,1,9,Credit Card,Male,2,4,Fashion,3,Divorced,3,1,14,0,1,4,179.69,1.0,1.2,1-5 Yrs,Close (0-10km)
50283,0,18,Mobile,1,13,Debit Card,Male,3,3,Mobile,2,Divorced,4,0,21,1,1,2,126.53999999999999,1.0,1.2,1-5 Yrs,Moderate (11-20km)
50284,0,25,Mobile,1,10,Debit Card,Female,1,3,Grocery,2,Divorced,3,0,13,1,1,4,265.55,1.0,1.2,1-5 Yrs,Close (0-10km)
50285,0,15,Computer,1,35,Debit Card,Female,3,3,Laptop & Accessory,3,Married,3,0,11,1,1,2,145.56,1.0,1.2,1-5 Yrs,Far (21-50km)
50286,0,3,Mobile,1,8,Debit Card,Female,2,5,Laptop & Accessory,2,Single,3,0,20,0,1,2,160.91,1.0,1.2,0-3 Mos (High Risk),Close (0-10km)
50287,0,30,Mobile,1,13,Debit Card,Female,2,3,Others,5,Divorced,6,0,15,0,11,10,295.66,1.0,1.2,1-5 Yrs,Moderate (11-20km)
50288,0,19,Mobile,1,24,Credit Card,Female,2,3,Laptop & Accessory,3,Married,3,0,14,0,1,8,148.1,1.0,1.2,1-5 Yrs,Far (21-50km)
50289,0,15,Computer,1,34,Cash on Delivery,Female,2,4,Laptop & Accessory,2,Divorced,1,0,11,0,1,4,145.23,1.0,1.2,1-5 Yrs,Far (21-50km)
50290,1,0,Mobile,3,6,Cash on Delivery,Female,3,3,Mobile,4,Single,2,1,16,1,1,4,132.02,1.0,1.2,0-3 Mos (High Risk),Close (0-10km)
50291,1,0,Computer,3,14,E wallet,Female,2,5,Mobile,3,Married,1,0,16,1,1,0,123.50999999999999,1.0,1.2,0-3 Mos (High Risk),Moderate (11-20km)
50292,0,3,Computer,1,8,Debit Card,Male,2,3,Mobile,2,Divorced,2,1,23,1,1,0,117.02000000000001,1.0,1.2,0-3 Mos (High Risk),Close (0-10km)
50293,0,13,Mobile,3,8,Debit Card,Female,3,3,Others,3,Divorced,1,0,14,1,1,12,280.41,1.0,1.2,1-5 Yrs,Close (0-10km)
50294,0,0,Mobile,1,29,Debit Card,Female,3,3,Mobile,2,Married,2,0,22,1,1,2,128.86,1.0,1.2,0-3 Mos (High Risk),Far (21-50km)
50295,0,3,Computer,1,9,Debit Card,Male,2,3,Mobile,2,Divorced,5,0,15,0,1,4,120.97,1.0,1.2,0-3 Mos (High Risk),Close (0-10km)
50296,0,2,Mobile,1,9,Credit Card,Male,3,4,Fashion,3,Divorced,2,0,18,1,1,3,219.35000000000002,1.0,1.2,0-3 Mos (High Risk),Close (0-10km)
50297,1,0,Mobile,1,13,Cash on Delivery,Female,3,4,Mobile,4,Divorced,6,0,16,0,1,1,125.46000000000001,1.0,1.2,0-3 Mos (High Risk),Moderate (11-20km)
50298,1,0,Mobile,2,13,Cash on Delivery,Male,2,4,Mobile,2,Single,2,0,12,1,1,0,125.63999999999999,1.0,1.2,0-3 Mos (High Risk),Moderate (11-20km)
50299,0,3,Computer,3,28,UPI,Female,3,3,Fashion,5,Divorced,1,0,11,2,7,8,184.12,1.0,1.2,0-3 Mos (High Risk),Far (21-50km)
50300,0,30,Mobile,3,35,E wallet,Male,2,4,Grocery,2,Married,4,0,12,0,4,0,241.18,1.0,1.2,1-5 Yrs,Far (21-50km)
50301,0,23,Mobile,1,35,Debit Card,Male,2,4,Grocery,3,Divorced,1,0,15,1,15,7,270.46,1.0,1.2,1-5 Yrs,Far (21-50km)
50302,0,3,Computer,1,13,Credit Card,Female,2,3,Mobile,2,Single,1,0,14,5,6,7,125.63999999999999,1.0,1.2,0-3 Mos (High Risk),Moderate (11-20km)
50303,0,30,Computer,3,34,E wallet,Female,3,4,Fashion,5,Divorced,5,0,19,13,13,11,202.66,1.0,1.2,1-5 Yrs,Far (21-50km)
50304,0,20,Mobile,1,8,Credit Card,Female,3,3,Laptop & Accessory,2,Married,6,0,13,0,1,4,150.7,1.0,1.2,1-5 Yrs,Close (0-10km)
50305,0,19,Mobile,1,8,Debit Card,Male,2,3,Grocery,3,Divorced,7,0,13,1,1,1,278.61,1.0,1.2,1-5 Yrs,Close (0-10km)
50306,0,8,Mobile,1,28,Debit Card,Male,2,5,Mobile,3,Single,1,0,15,2,4,3,142.3,1.0,1.2,4-12 Mos,Far (21-50km)
50307,0,27,Mobile,1,14,Debit Card,Female,2,3,Laptop & Accessory,3,Single,8,0,11,1,1,0,137.8,1.0,1.2,1-5 Yrs,Moderate (11-20km)
50308,0,7,Mobile,1,8,Debit Card,Male,3,4,Mobile,3,Married,4,0,12,5,5,7,127.68,1.0,1.2,4-12 Mos,Close (0-10km)
50309,0,19,Mobile,3,16,E wallet,Female,3,4,Fashion,2,Divorced,3,1,19,1,1,2,190.71,1.0,1.2,1-5 Yrs,Moderate (11-20km)
50310,0,4,Mobile,1,15,Debit Card,Male,2,3,Fashion,4,Married,2,0,25,1,1,8,206.48000000000002,1.0,1.2,4-12 Mos,Moderate (11-20km)
50311,1,0,Mobile,1,21,Credit Card,Male,2,3,Fashion,3,Divorced,8,1,12,0,2,7,236.10000000000002,1.0,1.2,0-3 Mos (High Risk),Far (21-50km)
50312,1,0,Mobile,1,16,Credit Card,Male,2,5,Mobile,2,Married,8,0,13,0,1,3,134.08,1.0,1.2,0-3 Mos (High Risk),Moderate (11-20km)
50313,0,3,Mobile,3,13,E wallet,Male,3,3,Mobile,4,Single,1,0,14,1,1,2,129.83,1.0,1.2,0-3 Mos (High Risk),Moderate (11-20km)
50314,0,8,Mobile,1,22,Debit Card,Male,3,3,Fashion,3,Divorced,5,1,12,0,1,0,176.32,1.0,1.2,4-12 Mos,Far (21-50km)
50315,1,0,Computer,1,26,Debit Card,Male,3,3,Fashion,3,Divorced,4,0,12,1,1,0,198.24,1.0,1.2,0-3 Mos (High Risk),Far (21-50km)
50316,1,0,Computer,2,29,UPI,Female,2,3,Fashion,5,Married,10,1,15,1,1,2,199.5,1.0,1.2,0-3 Mos (High Risk),Far (21-50km)
50317,0,3,Computer,1,11,UPI,Male,3,3,Mobile,3,Divorced,5,0,17,2,2,0,120.93,1.0,1.2,0-3 Mos (High Risk),Moderate (11-20km)
50318,0,9,Computer,3,16,Credit Card,Male,2,3,Fashion,2,Single,2,0,14,1,9,7,199.8,1.0,1.2,4-12 Mos,Moderate (11-20km)
50319,1,0,Computer,1,10,Cash on Delivery,Male,2,4,Mobile,3,Single,6,0,16,1,1,2,138.94,1.0,1.2,0-3 Mos (High Risk),Close (0-10km)
50320,0,21,Mobile,3,8,E wallet,Female,2,3,Laptop & Accessory,2,Divorced,3,0,14,4,6,7,140.51,1.0,1.2,1-5 Yrs,Close (0-10km)
50321,0,28,Mobile,3,24,Debit Card,Female,2,3,Grocery,4,Single,4,0,23,1,7,7,268.35,1.0,1.2,1-5 Yrs,Far (21-50km)
50322,0,14,Computer,3,16,Debit Card,Male,2,3,Laptop & Accessory,2,Single,8,0,14,0,1,10,162.3,1.0,1.2,1-5 Yrs,Moderate (11-20km)
50323,0,8,Mobile,3,6,E wallet,Male,2,3,Laptop & Accessory,3,Divorced,10,0,11,3,6,9,147.17,1.0,1.2,4-12 Mos,Close (0-10km)
50324,0,13,Mobile,1,12,Debit Card,Female,3,3,Grocery,3,Single,8,0,15,4,4,13,232.37,1.0,1.2,1-5 Yrs,Moderate (11-20km)
50325,0,12,Computer,1,14,Debit Card,Female,2,3,Mobile,3,Divorced,2,0,11,0,1,7,137.55,1.0,1.2,4-12 Mos,Moderate (11-20km)
50326,0,4,Mobile,3,8,Debit Card,Male,3,3,Laptop & Accessory,2,Single,5,1,13,1,1,5,165.82,1.0,1.2,4-12 Mos,Close (0-10km)
50327,0,15,Mobile,1,30,Credit Card,Male,2,3,Fashion,5,Divorced,2,1,21,4,5,8,174.06,1.0,1.2,1-5 Yrs,Far (21-50km)
50328,0,18,Mobile,3,8,UPI,Male,3,3,Laptop & Accessory,4,Divorced,1,0,19,3,3,7,148.05,1.0,1.2,1-5 Yrs,Close (0-10km)
50329,1,0,Computer,2,23,Debit Card,Female,3,3,Mobile,3,Married,1,1,11,0,1,0,127.41,1.0,1.2,0-3 Mos (High Risk),Far (21-50km)
50330,0,2,Mobile,1,25,Cash on Delivery,Male,2,3,Laptop & Accessory,2,Married,5,0,12,0,1,2,142.62,1.0,1.2,0-3 Mos (High Risk),Far (21-50km)
50331,0,6,Mobile,1,6,Credit Card,Female,3,2,Grocery,3,Married,5,0,19,1,1,5,261.84,1.0,1.2,4-12 Mos,Close (0-10km)
50332,0,0,Mobile,3,13,Debit Card,Male,2,4,Fashion,2,Married,10,0,21,1,1,3,215.57,1.0,1.2,0-3 Mos (High Risk),Moderate (11-20km)
50333,1,3,Computer,3,11,E wallet,Male,3,3,Mobile,4,Single,2,1,14,1,1,0,118.78,1.0,1.2,0-3 Mos (High Risk),Moderate (11-20km)
50334,0,13,Computer,3,34,UPI,Male,2,5,Fashion,5,Married,4,0,15,1,1,3,209.32,1.0,1.2,1-5 Yrs,Far (21-50km)
50335,0,14,Computer,1,8,UPI,Female,3,4,Laptop & Accessory,3,Single,3,1,17,0,1,7,168.11,1.0,1.2,1-5 Yrs,Close (0-10km)
50336,0,0,Mobile,3,35,Credit Card,Male,2,3,Laptop & Accessory,3,Married,6,0,12,1,1,0,143.06,1.0,1.2,0-3 Mos (High Risk),Far (21-50km)
50337,0,8,Mobile,3,6,Credit Card,Female,3,3,Laptop & Accessory,3,Single,2,0,16,0,1,3,148.59,1.0,1.2,4-12 Mos,Close (0-10km)
50338,0,7,Mobile,3,27,Debit Card,Male,3,2,Laptop & Accessory,2,Single,2,0,12,5,5,7,153.37,1.0,1.2,4-12 Mos,Far (21-50km)
50339,1,0,Mobile,1,13,Cash on Delivery,Male,3,5,Mobile,2,Single,2,1,18,1,1,0,123.4,1.0,1.2,0-3 Mos (High Risk),Moderate (11-20km)
50340,0,10,Mobile,1,6,Cash on Delivery,Female,2,3,Fashion,2,Single,5,0,17,1,1,2,174.91,1.0,1.2,4-12 Mos,Close (0-10km)
50341,0,19,Computer,1,24,Credit Card,Female,2,3,Fashion,3,Divorced,6,0,11,1,1,2,205.27,1.0,1.2,1-5 Yrs,Far (21-50km)
50342,0,14,Mobile,3,8,Debit Card,Female,3,3,Grocery,5,Divorced,8,0,16,1,11,8,265.95,1.0,1.2,1-5 Yrs,Close (0-10km)
50343,0,10,Computer,3,15,Credit Card,Male,3,3,Fashion,4,Married,2,0,13,6,7,7,188.34,1.0,1.2,4-12 Mos,Moderate (11-20km)
50344,0,25,Mobile,1,12,Cash on Delivery,Male,3,3,Laptop & Accessory,5,Married,4,1,12,2,6,9,155.77,2.0,2.4,1-5 Yrs,Moderate (11-20km)
50345,1,0,Computer,3,17,UPI,Male,2,2,Laptop & Accessory,3,Divorced,9,0,12,1,1,2,147.07,1.0,1.2,0-3 Mos (High Risk),Moderate (11-20km)
50346,0,0,Computer,3,14,Credit Card,Male,2,3,Mobile,2,Divorced,1,0,13,0,2,1,124.0,1.0,1.2,0-3 Mos (High Risk),Moderate (11-20km)
50347,0,11,Mobile,1,16,Credit Card,Female,3,3,Laptop & Accessory,3,Divorced,4,0,19,1,1,0,198.24,1.0,1.2,4-12 Mos,Moderate (11-20km)
50348,0,10,Mobile,1,6,Debit Card,Female,3,3,Laptop & Accessory,4,Divorced,7,0,12,3,4,3,164.47,1.0,1.2,4-12 Mos,Close (0-10km)
50349,0,22,Mobile,1,24,Debit Card,Male,2,4,Others,3,Married,2,1,15,0,1,9,295.02,1.0,1.2,1-5 Yrs,Far (21-50km)
50350,0,0,Mobile,1,29,Credit Card,Male,3,2,Mobile,2,Divorced,2,1,11,0,1,4,127.25,1.0,1.2,0-3 Mos (High Risk),Far (21-50km)
50351,0,0,Mobile,3,34,E wallet,Male,3,3,Laptop & Accessory,4,Divorced,2,0,20,1,1,4,162.72,1.0,1.2,0-3 Mos (High Risk),Far (21-50km)
50352,0,3,Mobile,1,23,UPI,Male,3,4,Mobile,4,Divorced,2,0,21,1,1,0,121.27000000000001,1.0,1.2,0-3 Mos (High Risk),Far (21-50km)
50353,0,23,Computer,2,9,Credit Card,Male,2,3,Others,4,Divorced,2,0,11,1,10,7,282.0,1.0,1.2,1-5 Yrs,Close (0-10km)
50354,0,3,Mobile,3,19,Credit Card,Male,2,3,Mobile,3,Divorced,2,0,11,1,1,6,120.96000000000001,1.0,1.2,0-3 Mos (High Risk),Moderate (11-20km)
50355,1,0,Computer,1,13,Debit Card,Female,3,3,Mobile,3,Divorced,2,1,16,0,1,2,128.86,1.0,1.2,0-3 Mos (High Risk),Moderate (11-20km)
50356,1,3,Computer,3,18,Debit Card,Male,3,4,Mobile,5,Divorced,2,0,18,1,1,0,120.33000000000001,1.0,1.2,0-3 Mos (High Risk),Moderate (11-20km)
50357,0,7,Mobile,1,6,Debit Card,Male,2,4,Mobile,2,Divorced,2,1,13,0,1,3,136.22,1.0,1.2,4-12 Mos,Close (0-10km)
50358,1,0,Mobile,3,19,Credit Card,Male,2,3,Laptop & Accessory,5,Married,3,0,17,0,1,2,142.33,1.0,1.2,0-3 Mos (High Risk),Moderate (11-20km)
50359,0,8,Mobile,1,31,UPI,Male,2,4,Laptop & Accessory,2,Single,5,0,14,0,1,2,136.81,1.0,1.2,4-12 Mos,Far (21-50km)
50360,0,4,Mobile,3,12,Credit Card,Male,3,2,Laptop & Accessory,2,Married,5,0,22,3,5,7,154.6,1.0,1.2,4-12 Mos,Moderate (11-20km)
50361,0,3,Mobile,1,12,Credit Card,Female,3,4,Mobile,3,Married,1,0,12,1,1,3,121.87,1.0,1.2,0-3 Mos (High Risk),Moderate (11-20km)
50362,0,10,Mobile,3,8,E wallet,Male,3,3,Laptop & Accessory,3,Divorced,5,1,11,0,1,0,196.02,1.0,1.2,4-12 Mos,Close (0-10km)
50363,0,0,Mobile,1,6,Debit Card,Female,3,4,Mobile,4,Single,2,0,13,1,1,0,128.36,1.0,1.2,0-3 Mos (High Risk),Close (0-10km)
50364,0,15,Mobile,1,8,Debit Card,Female,2,3,Laptop & Accessory,2,Divorced,2,0,13,2,2,2,140.89,1.0,1.2,1-5 Yrs,Close (0-10km)
50365,0,16,Mobile,1,12,UPI,Male,2,4,Grocery,2,Married,5,1,14,1,1,0,266.27,1.0,1.2,1-5 Yrs,Moderate (11-20km)
50366,0,11,Mobile,1,13,Debit Card,Female,2,3,Mobile,5,Single,4,0,17,1,1,0,126.19,1.0,1.2,4-12 Mos,Moderate (11-20km)
50367,0,16,Computer,1,15,Credit Card,Male,3,3,Laptop & Accessory,3,Married,4,1,13,2,4,7,156.79,1.0,1.2,1-5 Yrs,Moderate (11-20km)
50368,0,21,Mobile,1,6,Debit Card,Female,2,4,Grocery,5,Divorced,8,0,11,0,4,2,254.01999999999998,1.0,1.2,1-5 Yrs,Close (0-10km)
50369,0,17,Mobile,2,6,Debit Card,Female,2,4,Laptop & Accessory,3,Single,5,0,11,1,1,2,159.85,1.0,1.2,1-5 Yrs,Close (0-10km)
50370,0,7,Mobile,3,14,Cash on Delivery,Female,2,3,Mobile,3,Married,2,1,18,1,1,6,125.78999999999999,1.0,1.2,4-12 Mos,Moderate (11-20km)
50371,1,0,Mobile,3,8,E wallet,Male,3,3,Mobile,5,Married,1,0,11,0,1,2,130.41,1.0,1.2,0-3 Mos (High Risk),Close (0-10km)
50372,0,0,Mobile,3,28,Cash on Delivery,Male,2,3,Mobile,3,Single,2,0,11,1,1,2,134.47,1.0,1.2,0-3 Mos (High Risk),Far (21-50km)
50373,0,17,Mobile,1,9,UPI,Male,2,3,Others,2,Divorced,5,1,15,1,1,1,295.13,1.0,1.2,1-5 Yrs,Close (0-10km)
50374,0,0,Mobile,1,12,Credit Card,Male,3,3,Mobile,3,Divorced,1,0,20,2,2,2,127.72999999999999,1.0,1.2,0-3 Mos (High Risk),Moderate (11-20km)
50375,0,6,Mobile,3,14,E wallet,Male,2,3,Laptop & Accessory,3,Married,1,0,12,1,1,2,171.04,1.0,1.2,4-12 Mos,Moderate (11-20km)
50376,0,5,Mobile,1,15,Debit Card,Female,3,3,Laptop & Accessory,2,Divorced,2,1,12,1,1,5,163.22,1.0,1.2,4-12 Mos,Moderate (11-20km)
50377,0,3,Computer,1,9,Credit Card,Female,3,3,Mobile,3,Married,2,0,20,1,1,0,120.83000000000001,1.0,1.2,0-3 Mos (High Risk),Close (0-10km)
50378,0,26,Mobile,3,6,Credit Card,Female,2,3,Laptop & Accessory,5,Single,8,0,20,6,8,10,183.81,1.0,1.2,1-5 Yrs,Close (0-10km)
50379,0,7,Mobile,1,6,Debit Card,Male,3,3,Mobile,2,Divorced,2,0,12,6,8,8,126.91,1.0,1.2,4-12 Mos,Close (0-10km)
50380,1,8,Computer,3,32,Debit Card,Female,3,3,Laptop & Accessory,5,Divorced,3,0,14,0,1,0,142.86,1.0,1.2,4-12 Mos,Far (21-50km)
50381,0,0,Mobile,1,12,Debit Card,Female,3,3,Mobile,2,Divorced,2,1,13,0,1,2,126.59,1.0,1.2,0-3 Mos (High Risk),Moderate (11-20km)
50382,0,10,Mobile,1,9,UPI,Male,2,3,Fashion,3,Divorced,2,0,15,6,7,8,194.34,1.0,1.2,4-12 Mos,Close (0-10km)
50383,0,2,Mobile,3,9,Credit Card,Female,3,3,Laptop & Accessory,3,Divorced,2,0,14,0,1,2,155.61,1.0,1.2,0-3 Mos (High Risk),Close (0-10km)
50384,0,8,Mobile,1,12,Debit Card,Male,2,5,Laptop & Accessory,2,Single,2,0,13,11,11,8,166.46,1.0,1.2,4-12 Mos,Moderate (11-20km)
50385,0,6,Computer,1,12,Debit Card,Male,1,3,Laptop & Accessory,2,Married,4,0,23,4,4,7,177.25,1.0,1.2,4-12 Mos,Moderate (11-20km)
50386,0,27,Mobile,2,25,Credit Card,Male,2,3,Fashion,4,Divorced,3,0,15,3,7,1,207.25,1.0,1.2,1-5 Yrs,Far (21-50km)
50387,0,9,Mobile,1,15,Credit Card,Male,2,4,Laptop & Accessory,4,Married,3,1,11,1,1,2,188.47,1.0,1.2,4-12 Mos,Moderate (11-20km)
50388,0,3,Mobile,1,9,Credit Card,Male,2,4,Mobile,2,Single,1,0,13,0,1,1,120.44999999999999,1.0,1.2,0-3 Mos (High Risk),Close (0-10km)
50389,1,0,Mobile,1,16,Credit Card,Male,2,3,Mobile,3,Single,2,1,11,0,1,1,110.09,1.0,1.2,0-3 Mos (High Risk),Moderate (11-20km)
50390,1,0,Computer,1,9,Debit Card,Male,3,3,Mobile,5,Single,2,1,11,9,9,7,133.48,2.0,2.4,0-3 Mos (High Risk),Close (0-10km)
50391,0,3,Computer,1,9,Debit Card,Male,2,4,Mobile,3,Divorced,2,0,18,1,1,0,112.81,1.0,1.2,0-3 Mos (High Risk),Close (0-10km)
50392,0,0,Mobile,1,10,Credit Card,Male,3,2,Mobile,5,Divorced,3,0,16,0,1,2,128.19,1.0,1.2,0-3 Mos (High Risk),Close (0-10km)
50393,0,0,Mobile,3,14,Debit Card,Male,2,2,Laptop & Accessory,4,Divorced,1,0,22,0,1,2,148.51,1.0,1.2,0-3 Mos (High Risk),Moderate (11-20km)
50394,0,11,Mobile,3,13,E wallet,Female,2,4,Laptop & Accessory,2,Single,1,0,20,1,1,5,140.28,1.0,1.2,4-12 Mos,Moderate (11-20km)
50395,0,2,Computer,1,6,Debit Card,Male,3,5,Mobile,2,Married,2,0,18,2,2,8,127.19999999999999,1.0,1.2,0-3 Mos (High Risk),Close (0-10km)
50396,0,21,Mobile,3,8,E wallet,Male,2,2,Laptop & Accessory,4,Divorced,4,0,12,2,2,2,181.2,1.0,1.2,1-5 Yrs,Close (0-10km)
50397,0,0,Computer,3,9,Credit Card,Female,3,2,Laptop & Accessory,2,Married,2,1,20,1,1,4,146.47,1.0,1.2,0-3 Mos (High Risk),Close (0-10km)
50398,0,10,Mobile,1,16,Debit Card,Male,3,2,Mobile,2,Single,4,0,17,1,1,0,146.8,1.0,1.2,4-12 Mos,Moderate (11-20km)
50399,0,23,Mobile,1,34,Credit Card,Male,3,2,Mobile,3,Divorced,2,1,11,3,3,8,132.21,1.0,1.2,1-5 Yrs,Far (21-50km)
50400,0,7,Mobile,1,15,Credit Card,Female,2,4,Fashion,4,Single,2,0,14,4,7,7,186.21,1.0,1.2,4-12 Mos,Moderate (11-20km)
50401,1,0,Mobile,3,9,Debit Card,Female,3,3,Laptop & Accessory,3,Single,10,0,14,1,2,0,145.77,1.0,1.2,0-3 Mos (High Risk),Close (0-10km)
50402,0,12,Mobile,1,8,Cash on Delivery,Female,3,4,Laptop & Accessory,3,Single,2,0,11,2,11,10,145.53,1.0,1.2,4-12 Mos,Close (0-10km)
50403,0,5,Mobile,3,16,E wallet,Male,2,3,Laptop & Accessory,2,Single,2,0,12,0,1,8,153.96,1.0,1.2,4-12 Mos,Moderate (11-20km)
50404,1,13,Computer,3,14,Cash on Delivery,Male,2,3,Laptop & Accessory,3,Divorced,4,1,14,1,1,3,167.96,1.0,1.2,1-5 Yrs,Moderate (11-20km)
50405,0,11,Mobile,1,6,Debit Card,Female,2,2,Laptop & Accessory,2,Single,1,0,13,1,1,8,176.25,1.0,1.2,4-12 Mos,Close (0-10km)
50406,0,0,Mobile,1,6,Debit Card,Female,3,3,Fashion,5,Divorced,2,0,11,1,1,7,174.12,1.0,1.2,0-3 Mos (High Risk),Close (0-10km)
50407,0,5,Mobile,1,9,Debit Card,Female,2,3,Fashion,2,Single,4,0,15,3,7,3,211.58999999999997,1.0,1.2,4-12 Mos,Close (0-10km)
50408,0,20,Mobile,3,20,E wallet,Male,2,3,Laptop & Accessory,5,Single,3,0,12,0,1,7,149.6,1.0,1.2,1-5 Yrs,Moderate (11-20km)
50409,0,13,Computer,3,11,Debit Card,Male,2,4,Fashion,5,Divorced,6,1,21,0,1,12,204.75,1.0,1.2,1-5 Yrs,Moderate (11-20km)
50410,0,26,Mobile,1,13,Debit Card,Male,2,2,Grocery,3,Divorced,4,0,19,0,4,3,248.14,1.0,1.2,1-5 Yrs,Moderate (11-20km)
50411,0,14,Mobile,2,16,UPI,Male,3,4,Others,2,Married,4,0,15,1,12,6,291.41,1.0,1.2,1-5 Yrs,Moderate (11-20km)
50412,0,30,Mobile,3,22,E wallet,Male,2,3,Laptop & Accessory,5,Single,9,0,14,1,2,2,154.05,1.0,1.2,1-5 Yrs,Far (21-50km)
50413,0,0,Computer,1,16,Debit Card,Male,2,3,Fashion,5,Married,2,0,21,1,1,7,187.93,1.0,1.2,0-3 Mos (High Risk),Moderate (11-20km)
50414,0,14,Mobile,2,6,UPI,Male,2,4,Others,3,Divorced,2,0,12,1,2,10,291.89,1.0,1.2,1-5 Yrs,Close (0-10km)
50415,0,23,Mobile,3,14,E wallet,Male,2,3,Mobile,4,Divorced,8,0,15,1,2,2,138.75,1.0,1.2,1-5 Yrs,Moderate (11-20km)
50416,1,3,Mobile,1,6,Debit Card,Female,3,5,Mobile,4,Single,8,1,13,1,3,7,122.16,1.0,1.2,0-3 Mos (High Risk),Close (0-10km)
50417,0,9,Computer,1,14,Debit Card,Female,3,2,Fashion,5,Divorced,10,0,14,0,1,3,217.13,1.0,1.2,4-12 Mos,Moderate (11-20km)
50418,0,11,Mobile,1,6,Debit Card,Female,2,3,Fashion,3,Single,5,1,14,0,1,0,178.61,1.0,1.2,4-12 Mos,Close (0-10km)
50419,0,17,Computer,1,30,Credit Card,Male,2,5,Mobile,3,Single,3,0,14,0,1,4,137.08,1.0,1.2,1-5 Yrs,Far (21-50km)
50420,0,20,Computer,3,9,Credit Card,Female,2,3,Grocery,3,Married,10,1,12,7,4,13,237.7,1.0,1.2,1-5 Yrs,Close (0-10km)
50421,0,3,Mobile,3,33,E wallet,Male,2,3,Laptop & Accessory,2,Married,8,0,23,4,7,7,153.04,1.0,1.2,0-3 Mos (High Risk),Far (21-50km)
50422,0,2,Mobile,3,14,Debit Card,Male,2,3,Mobile,3,Single,2,0,11,0,1,0,126.41999999999999,1.0,1.2,0-3 Mos (High Risk),Moderate (11-20km)
50423,1,5,Computer,1,25,Credit Card,Male,3,2,Mobile,3,Married,7,1,12,2,2,2,127.59,1.0,1.2,4-12 Mos,Far (21-50km)
50424,0,16,Computer,3,21,Debit Card,Male,2,4,Laptop & Accessory,2,Divorced,4,0,18,0,2,2,168.04,1.0,1.2,1-5 Yrs,Far (21-50km)
50425,0,7,Mobile,1,14,Credit Card,Female,3,3,Laptop & Accessory,3,Single,4,0,11,1,4,3,161.42,1.0,1.2,4-12 Mos,Moderate (11-20km)
50426,0,0,Mobile,1,13,Credit Card,Male,2,3,Mobile,5,Divorced,2,0,14,0,1,2,125.0,1.0,1.2,0-3 Mos (High Risk),Moderate (11-20km)
50427,0,12,Mobile,2,9,UPI,Female,2,2,Laptop & Accessory,4,Divorced,10,0,15,3,3,6,163.89,1.0,1.2,4-12 Mos,Close (0-10km)
50428,0,29,Mobile,1,15,Credit Card,Male,2,3,Grocery,2,Divorced,8,0,11,0,1,3,211.02999999999997,1.0,1.2,1-5 Yrs,Moderate (11-20km)
50429,0,13,Mobile,1,13,Credit Card,Female,2,4,Mobile,2,Single,1,1,20,2,2,3,123.41999999999999,1.0,1.2,1-5 Yrs,Moderate (11-20km)
50430,0,0,Mobile,1,13,Credit Card,Female,2,4,Laptop & Accessory,5,Single,9,0,19,1,1,7,168.11,1.0,1.2,0-3 Mos (High Risk),Moderate (11-20km)
50431,0,3,Mobile,3,16,E wallet,Male,2,3,Mobile,4,Married,2,0,14,0,2,2,122.97,1.0,1.2,0-3 Mos (High Risk),Moderate (11-20km)
50432,0,26,Mobile,1,13,Debit Card,Male,2,3,Laptop & Accessory,2,Single,3,0,17,1,2,2,124.5,1.0,1.2,1-5 Yrs,Moderate (11-20km)
50433,0,8,Computer,1,8,Debit Card,Female,3,3,Laptop & Accessory,5,Married,3,0,11,0,1,0,150.93,1.0,1.2,4-12 Mos,Close (0-10km)
50434,0,5,Computer,1,30,Debit Card,Male,3,3,Laptop & Accessory,2,Divorced,2,0,15,2,4,7,153.09,1.0,1.2,4-12 Mos,Far (21-50km)
50435,0,11,Mobile,1,8,Credit Card,Male,3,3,Mobile,3,Divorced,7,1,13,0,1,1,130.57,1.0,1.2,4-12 Mos,Close (0-10km)
50436,0,7,Mobile,1,14,Debit Card,Female,2,3,Laptop & Accessory,5,Married,4,0,14,1,1,0,151.21,1.0,1.2,4-12 Mos,Moderate (11-20km)
50437,0,25,Mobile,3,9,E wallet,Male,2,4,Grocery,5,Divorced,2,0,11,1,1,16,268.56,1.0,1.2,1-5 Yrs,Close (0-10km)
50438,1,0,Mobile,1,6,UPI,Male,3,3,Mobile,2,Single,2,1,13,5,7,8,126.86000000000001,2.0,2.4,0-3 Mos (High Risk),Close (0-10km)
50439,0,0,Mobile,3,32,Credit Card,Female,2,3,Laptop & Accessory,2,Single,2,0,23,0,1,4,161.8,1.0,1.2,0-3 Mos (High Risk),Far (21-50km)
50440,0,18,Mobile,3,8,Cash on Delivery,Male,2,5,Laptop & Accessory,3,Single,1,0,13,0,3,1,166.32,1.0,1.2,1-5 Yrs,Close (0-10km)
50441,0,0,Mobile,1,16,Credit Card,Male,3,2,Mobile,3,Single,2,0,18,1,1,2,135.05,1.0,1.2,0-3 Mos (High Risk),Moderate (11-20km)
50442,1,10,Computer,3,33,Debit Card,Female,3,1,Laptop & Accessory,3,Single,5,1,12,1,1,3,163.97,1.0,1.2,4-12 Mos,Far (21-50km)
50443,0,7,Mobile,3,8,UPI,Male,2,3,Laptop & Accessory,2,Single,2,0,22,0,1,4,162.74,1.0,1.2,4-12 Mos,Close (0-10km)
50444,1,18,Mobile,1,8,Credit Card,Male,3,3,Others,5,Divorced,6,1,15,1,1,4,298.59,1.0,1.2,1-5 Yrs,Close (0-10km)
50445,0,9,Computer,3,14,Debit Card,Male,3,4,Fashion,5,Single,2,0,15,0,1,9,175.87,1.0,1.2,4-12 Mos,Moderate (11-20km)
50446,0,25,Computer,1,25,Credit Card,Male,2,3,Mobile,2,Divorced,1,0,18,1,1,2,142.58,1.0,1.2,1-5 Yrs,Far (21-50km)
50447,0,0,Computer,1,6,Debit Card,Female,3,5,Mobile,2,Married,4,0,14,2,2,0,143.64,1.0,1.2,0-3 Mos (High Risk),Close (0-10km)
50448,0,2,Mobile,1,33,Credit Card,Female,3,3,Laptop & Accessory,3,Divorced,5,0,12,1,1,1,143.35,1.0,1.2,0-3 Mos (High Risk),Far (21-50km)
50449,1,0,Mobile,3,14,Cash on Delivery,Male,2,4,Laptop & Accessory,5,Single,7,0,17,1,1,2,153.26,1.0,1.2,0-3 Mos (High Risk),Moderate (11-20km)
50450,0,7,Mobile,1,6,Debit Card,Female,3,1,Mobile,2,Single,3,0,16,0,1,3,132.8,1.0,1.2,4-12 Mos,Close (0-10km)
50451,0,27,Mobile,1,25,Credit Card,Female,3,3,Laptop & Accessory,5,Married,10,1,11,0,1,4,154.85,1.0,1.2,1-5 Yrs,Far (21-50km)
50452,0,2,Computer,3,5,E wallet,Male,2,3,Laptop & Accessory,2,Divorced,1,0,19,0,1,1,143.42,1.0,1.2,0-3 Mos (High Risk),Close (0-10km)
50453,0,10,Mobile,1,16,Debit Card,Female,3,3,Mobile,5,Married,1,1,13,3,4,3,127.82,1.0,1.2,4-12 Mos,Moderate (11-20km)
50454,0,11,Computer,1,8,Debit Card,Female,3,1,Laptop & Accessory,5,Single,7,1,12,4,4,12,159.8,1.0,1.2,4-12 Mos,Close (0-10km)
50455,0,7,Mobile,1,8,Credit Card,Female,2,4,Mobile,5,Single,2,0,11,1,1,3,143.81,1.0,1.2,4-12 Mos,Close (0-10km)
50456,0,8,Mobile,3,14,Debit Card,Female,3,3,Mobile,2,Divorced,2,0,16,0,1,2,125.72,1.0,1.2,4-12 Mos,Moderate (11-20km)
50457,0,3,Mobile,1,6,Debit Card,Male,2,5,Mobile,3,Divorced,4,0,21,1,1,2,138.33,1.0,1.2,0-3 Mos (High Risk),Close (0-10km)
50458,0,13,Computer,1,8,Credit Card,Female,2,1,Laptop & Accessory,4,Divorced,2,0,24,0,3,7,142.44,1.0,1.2,1-5 Yrs,Close (0-10km)
50459,0,7,Mobile,3,14,Debit Card,Female,3,3,Laptop & Accessory,5,Divorced,6,0,17,1,1,2,165.0,1.0,1.2,4-12 Mos,Moderate (11-20km)
50460,0,15,Computer,1,14,Debit Card,Male,3,3,Others,2,Married,2,0,13,1,14,9,284.3,1.0,1.2,1-5 Yrs,Moderate (11-20km)
50461,1,3,Mobile,1,12,Debit Card,Male,3,1,Mobile,5,Divorced,2,1,21,1,1,0,116.00999999999999,1.0,1.2,0-3 Mos (High Risk),Moderate (11-20km)
50462,0,0,Computer,1,15,Debit Card,Male,3,4,Mobile,4,Married,2,0,11,1,1,0,126.94,1.0,1.2,0-3 Mos (High Risk),Moderate (11-20km)
50463,0,25,Mobile,1,17,Debit Card,Female,3,3,Laptop & Accessory,3,Divorced,9,0,20,1,1,4,131.49,1.0,1.2,1-5 Yrs,Moderate (11-20km)
50464,0,23,Mobile,1,8,Credit Card,Male,3,3,Grocery,3,Divorced,6,0,16,1,1,3,276.39,1.0,1.2,1-5 Yrs,Close (0-10km)
50465,1,0,Mobile,1,13,Debit Card,Female,2,4,Mobile,5,Divorced,2,1,11,0,1,0,123.19,1.0,1.2,0-3 Mos (High Risk),Moderate (11-20km)
50466,0,6,Mobile,1,13,Credit Card,Male,2,3,Fashion,3,Divorced,1,0,11,0,3,3,216.91000000000003,1.0,1.2,4-12 Mos,Moderate (11-20km)
50467,1,0,Mobile,3,22,E wallet,Female,3,3,Laptop & Accessory,5,Single,6,0,15,1,1,2,153.24,1.0,1.2,0-3 Mos (High Risk),Far (21-50km)
50468,0,20,Mobile,1,8,UPI,Female,2,3,Grocery,2,Divorced,2,1,11,1,3,0,267.52,1.0,1.2,1-5 Yrs,Close (0-10km)
50469,0,9,Mobile,1,6,UPI,Female,2,3,Laptop & Accessory,4,Divorced,1,0,15,0,1,5,152.28,1.0,1.2,4-12 Mos,Close (0-10km)
50470,0,2,Mobile,1,29,Debit Card,Male,3,1,Mobile,3,Divorced,2,0,24,1,1,7,127.0,1.0,1.2,0-3 Mos (High Risk),Far (21-50km)
50471,1,20,Mobile,1,8,Debit Card,Male,2,3,Others,4,Single,8,1,15,5,13,8,292.46,3.0,3.5999999999999996,1-5 Yrs,Close (0-10km)
50472,0,8,Mobile,1,13,Debit Card,Female,2,1,Mobile,3,Single,4,0,13,0,2,2,125.06,1.0,1.2,4-12 Mos,Moderate (11-20km)
50473,0,15,Mobile,1,6,Debit Card,Female,2,4,Laptop & Accessory,2,Divorced,10,1,13,0,1,2,160.62,1.0,1.2,1-5 Yrs,Close (0-10km)
50474,1,0,Mobile,1,8,Credit Card,Male,2,3,Mobile,3,Single,7,0,17,0,2,1,143.82,1.0,1.2,0-3 Mos (High Risk),Close (0-10km)
50475,0,3,Mobile,2,19,UPI,Male,2,3,Mobile,4,Divorced,4,0,13,1,1,4,121.43,1.0,1.2,0-3 Mos (High Risk),Moderate (11-20km)
50476,0,5,Mobile,1,10,Debit Card,Female,3,4,Laptop & Accessory,3,Divorced,2,0,12,1,6,8,161.62,1.0,1.2,4-12 Mos,Close (0-10km)
50477,0,13,Computer,1,22,Credit Card,Male,2,4,Laptop & Accessory,3,Single,7,0,14,1,1,0,150.94,1.0,1.2,1-5 Yrs,Far (21-50km)
50478,0,3,Mobile,1,8,Credit Card,Female,2,4,Laptop & Accessory,2,Single,6,1,24,1,1,0,168.77,1.0,1.2,0-3 Mos (High Risk),Close (0-10km)
50479,0,3,Mobile,1,8,Debit Card,Female,3,4,Mobile,3,Single,2,0,14,1,1,0,122.74000000000001,1.0,1.2,0-3 Mos (High Risk),Close (0-10km)
50480,0,15,Mobile,1,35,Debit Card,Male,3,3,Laptop & Accessory,4,Divorced,2,0,13,2,7,8,144.34,1.0,1.2,1-5 Yrs,Far (21-50km)
50481,0,11,Computer,1,18,Debit Card,Male,2,4,Laptop & Accessory,5,Married,3,0,15,1,1,2,162.88,1.0,1.2,4-12 Mos,Moderate (11-20km)
50482,0,7,Computer,1,13,Debit Card,Female,3,4,Mobile,2,Single,2,0,16,1,1,3,125.53,1.0,1.2,4-12 Mos,Moderate (11-20km)
50483,1,12,Mobile,3,17,E wallet,Female,2,3,Fashion,2,Divorced,2,0,18,0,7,7,176.54,1.0,1.2,4-12 Mos,Moderate (11-20km)
50484,1,18,Mobile,3,8,Credit Card,Male,2,3,Laptop & Accessory,2,Single,5,0,16,0,7,3,151.6,1.0,1.2,1-5 Yrs,Close (0-10km)
50485,0,16,Mobile,1,20,Debit Card,Male,3,3,Grocery,5,Divorced,7,0,24,1,1,0,271.59,1.0,1.2,1-5 Yrs,Moderate (11-20km)
50486,0,0,Mobile,1,11,Cash on Delivery,Male,2,4,Fashion,2,Married,2,1,16,0,1,3,228.07999999999998,1.0,1.2,0-3 Mos (High Risk),Moderate (11-20km)
50487,0,8,Mobile,1,13,UPI,Male,2,3,Fashion,3,Single,4,0,21,0,1,6,202.21,1.0,1.2,4-12 Mos,Moderate (11-20km)
50488,0,1,Mobile,3,8,E wallet,Female,2,3,Laptop & Accessory,4,Divorced,2,1,20,7,7,5,147.79,2.0,2.4,0-3 Mos (High Risk),Close (0-10km)
50489,0,7,Mobile,2,9,UPI,Male,2,3,Mobile,2,Divorced,1,0,19,1,1,2,137.37,1.0,1.2,4-12 Mos,Close (0-10km)
50490,1,0,Computer,1,13,Credit Card,Female,2,4,Mobile,3,Divorced,2,1,14,0,1,7,123.66,1.0,1.2,0-3 Mos (High Risk),Moderate (11-20km)
50491,0,3,Computer,1,9,Credit Card,Male,2,3,Mobile,2,Divorced,2,0,11,1,1,0,117.06,1.0,1.2,0-3 Mos (High Risk),Close (0-10km)
50492,0,24,Mobile,3,32,E wallet,Female,3,3,Grocery,3,Divorced,3,0,14,1,4,17,263.07,1.0,1.2,1-5 Yrs,Far (21-50km)
50493,0,17,Mobile,1,10,Credit Card,Male,2,3,Laptop & Accessory,4,Single,10,0,12,1,2,3,159.33,1.0,1.2,1-5 Yrs,Close (0-10km)
50494,0,0,Mobile,1,8,Credit Card,Male,3,1,Mobile,5,Single,8,0,13,1,1,1,134.24,1.0,1.2,0-3 Mos (High Risk),Close (0-10km)
50495,0,6,Mobile,3,6,Credit Card,Male,2,1,Laptop & Accessory,5,Married,2,0,22,0,1,8,140.37,1.0,1.2,4-12 Mos,Close (0-10km)
50496,0,8,Mobile,1,13,Credit Card,Female,2,4,Mobile,5,Single,2,0,11,1,1,1,125.59,1.0,1.2,4-12 Mos,Moderate (11-20km)
50497,0,9,Mobile,3,6,Debit Card,Male,2,3,Laptop & Accessory,2,Divorced,2,1,14,2,4,11,162.01,1.0,1.2,4-12 Mos,Close (0-10km)
50498,0,5,Mobile,3,19,Debit Card,Male,3,3,Laptop & Accessory,2,Married,3,0,11,0,1,3,144.03,1.0,1.2,4-12 Mos,Moderate (11-20km)
50499,0,3,Computer,1,11,Debit Card,Male,3,4,Mobile,2,Married,10,0,12,0,1,3,137.61,1.0,1.2,0-3 Mos (High Risk),Moderate (11-20km)
50500,0,26,Mobile,3,13,E wallet,Female,3,4,Fashion,2,Divorced,8,1,18,0,1,3,209.33999999999997,1.0,1.2,1-5 Yrs,Moderate (11-20km)
50501,0,18,Mobile,3,15,E wallet,Male,3,3,Fashion,5,Married,5,1,12,1,1,2,207.61,1.0,1.2,1-5 Yrs,Moderate (11-20km)
50502,0,5,Mobile,1,14,Credit Card,Female,3,1,Laptop & Accessory,3,Divorced,6,0,12,1,1,3,151.75,1.0,1.2,4-12 Mos,Moderate (11-20km)
50503,0,25,Computer,1,31,Credit Card,Female,2,4,Grocery,2,Divorced,4,0,22,0,4,0,238.26,1.0,1.2,1-5 Yrs,Far (21-50km)
50504,0,10,Mobile,3,22,E wallet,Male,3,4,Laptop & Accessory,3,Married,5,0,19,1,1,0,163.34,1.0,1.2,4-12 Mos,Far (21-50km)
50505,0,1,Mobile,2,14,Credit Card,Male,3,4,Mobile,2,Married,2,0,13,0,1,4,149.36,1.0,1.2,0-3 Mos (High Risk),Moderate (11-20km)
50506,0,0,Mobile,1,6,Debit Card,Male,2,4,Laptop & Accessory,2,Divorced,7,0,22,2,2,2,147.75,1.0,1.2,0-3 Mos (High Risk),Close (0-10km)
50507,0,17,Mobile,1,14,Debit Card,Male,3,1,Mobile,2,Divorced,3,1,24,1,1,2,128.18,1.0,1.2,1-5 Yrs,Moderate (11-20km)
50508,0,15,Computer,1,13,Credit Card,Male,2,3,Mobile,2,Single,6,1,14,0,2,2,125.15,1.0,1.2,1-5 Yrs,Moderate (11-20km)
50509,0,9,Mobile,2,13,Debit Card,Male,3,4,Mobile,5,Divorced,1,0,21,1,1,3,123.41999999999999,1.0,1.2,4-12 Mos,Moderate (11-20km)
50510,0,0,Mobile,3,9,UPI,Male,3,3,Laptop & Accessory,5,Divorced,2,1,18,1,1,3,141.94,1.0,1.2,0-3 Mos (High Risk),Close (0-10km)
50511,0,8,Mobile,1,15,Debit Card,Female,3,4,Fashion,3,Divorced,2,1,20,2,5,15,206.85000000000002,1.0,1.2,4-12 Mos,Moderate (11-20km)
50512,1,3,Computer,1,31,Debit Card,Female,3,3,Mobile,4,Married,2,1,19,0,7,8,120.22,2.0,2.4,0-3 Mos (High Risk),Far (21-50km)
50513,0,5,Computer,1,6,Debit Card,Male,3,3,Mobile,2,Married,1,0,12,0,1,2,123.13999999999999,1.0,1.2,4-12 Mos,Close (0-10km)
50514,0,0,Mobile,3,10,E wallet,Male,2,4,Laptop & Accessory,5,Divorced,2,0,12,1,1,3,142.56,1.0,1.2,0-3 Mos (High Risk),Close (0-10km)
50515,0,22,Mobile,1,6,Cash on Delivery,Female,2,3,Mobile,5,Divorced,3,0,16,1,1,2,135.8,1.0,1.2,1-5 Yrs,Close (0-10km)
50516,0,0,Computer,1,10,Debit Card,Male,3,4,Mobile,2,Divorced,1,0,17,0,3,4,131.62,1.0,1.2,0-3 Mos (High Risk),Close (0-10km)
50517,0,5,Computer,3,11,Debit Card,Male,2,3,Laptop & Accessory,4,Divorced,2,0,14,2,5,3,165.24,1.0,1.2,4-12 Mos,Moderate (11-20km)
50518,0,11,Mobile,3,15,E wallet,Male,3,4,Mobile,4,Divorced,1,0,19,0,1,2,128.99,1.0,1.2,4-12 Mos,Moderate (11-20km)
50519,0,15,Mobile,1,9,Debit Card,Female,3,1,Laptop & Accessory,2,Divorced,3,1,13,0,1,3,152.31,1.0,1.2,1-5 Yrs,Close (0-10km)
50520,0,4,Mobile,1,13,Debit Card,Male,2,3,Mobile,2,Divorced,4,1,19,1,1,2,123.56,1.0,1.2,4-12 Mos,Moderate (11-20km)
50521,1,0,Mobile,3,6,Credit Card,Female,3,4,Mobile,3,Married,7,1,19,0,1,2,128.0,1.0,1.2,0-3 Mos (High Risk),Close (0-10km)
50522,0,26,Mobile,3,14,E wallet,Male,3,3,Grocery,2,Divorced,6,0,14,0,2,3,218.36,1.0,1.2,1-5 Yrs,Moderate (11-20km)
50523,0,8,Mobile,1,31,Cash on Delivery,Male,3,4,Fashion,4,Divorced,4,0,16,3,4,8,209.02999999999997,1.0,1.2,4-12 Mos,Far (21-50km)
50524,0,10,Computer,3,27,Credit Card,Female,3,3,Mobile,2,Divorced,6,0,15,1,1,0,129.73,1.0,1.2,4-12 Mos,Far (21-50km)
50525,0,26,Mobile,1,29,Debit Card,Female,3,3,Grocery,2,Single,7,0,18,2,4,8,242.75,1.0,1.2,1-5 Yrs,Far (21-50km)
50526,0,16,Computer,1,6,Debit Card,Female,2,3,Laptop & Accessory,2,Divorced,5,0,13,1,2,2,155.62,1.0,1.2,1-5 Yrs,Close (0-10km)
50527,0,20,Mobile,3,8,E wallet,Female,2,3,Laptop & Accessory,2,Divorced,1,1,22,5,7,7,145.37,2.0,2.4,1-5 Yrs,Close (0-10km)
50528,0,10,Computer,3,25,Credit Card,Male,2,3,Fashion,4,Single,2,1,13,0,1,9,176.42,1.0,1.2,4-12 Mos,Far (21-50km)
50529,0,23,Computer,1,8,Debit Card,Male,3,3,Grocery,5,Married,2,0,11,1,14,7,279.24,1.0,1.2,1-5 Yrs,Close (0-10km)
50530,0,12,Mobile,2,8,Debit Card,Female,2,4,Laptop & Accessory,2,Divorced,9,0,11,0,1,4,152.04,1.0,1.2,4-12 Mos,Close (0-10km)
50531,0,3,Mobile,2,9,UPI,Male,2,3,Mobile,4,Married,4,1,11,0,1,3,122.77000000000001,1.0,1.2,0-3 Mos (High Risk),Close (0-10km)
50532,1,0,Mobile,1,31,Debit Card,Male,3,3,Mobile,2,Single,2,1,24,1,1,1,127.94999999999999,1.0,1.2,0-3 Mos (High Risk),Far (21-50km)
50533,0,2,Mobile,1,13,Credit Card,Female,3,4,Mobile,2,Married,7,0,14,1,1,3,125.32,1.0,1.2,0-3 Mos (High Risk),Moderate (11-20km)
50534,0,17,Mobile,1,13,Debit Card,Male,3,3,Mobile,5,Divorced,2,1,13,2,7,1,125.59,2.0,2.4,1-5 Yrs,Moderate (11-20km)
50535,0,1,Mobile,3,11,Credit Card,Male,3,3,Laptop & Accessory,2,Single,2,0,14,1,1,2,149.08,1.0,1.2,0-3 Mos (High Risk),Moderate (11-20km)
50536,1,20,Computer,1,13,Debit Card,Male,2,4,Mobile,2,Married,10,1,14,0,1,0,123.80000000000001,1.0,1.2,1-5 Yrs,Moderate (11-20km)
50537,0,16,Mobile,1,14,Debit Card,Female,2,3,Laptop & Accessory,4,Married,5,0,21,1,1,0,147.65,1.0,1.2,1-5 Yrs,Moderate (11-20km)
50538,1,3,Mobile,3,8,Credit Card,Female,2,4,Mobile,3,Single,2,0,13,0,1,2,120.44,1.0,1.2,0-3 Mos (High Risk),Close (0-10km)
50539,1,0,Mobile,1,24,UPI,Female,3,3,Mobile,2,Single,2,0,19,1,1,0,126.93,1.0,1.2,0-3 Mos (High Risk),Far (21-50km)
50540,0,9,Mobile,1,20,Debit Card,Male,3,3,Laptop & Accessory,2,Divorced,1,1,17,4,4,11,165.86,1.0,1.2,4-12 Mos,Moderate (11-20km)
50541,0,20,Mobile,3,8,Debit Card,Female,3,4,Mobile,2,Single,2,1,18,1,1,2,132.94,1.0,1.2,1-5 Yrs,Close (0-10km)
50542,1,0,Mobile,1,9,Debit Card,Female,2,3,Laptop & Accessory,3,Divorced,1,1,19,1,1,2,141.71,1.0,1.2,0-3 Mos (High Risk),Close (0-10km)
50543,1,4,Mobile,1,8,Debit Card,Female,3,5,Mobile,2,Married,5,1,13,0,1,0,127.78,1.0,1.2,4-12 Mos,Close (0-10km)
50544,0,1,Mobile,1,13,Credit Card,Female,3,3,Mobile,3,Married,6,0,18,2,2,2,123.77000000000001,1.0,1.2,0-3 Mos (High Risk),Moderate (11-20km)
50545,1,2,Mobile,1,13,Credit Card,Male,3,3,Mobile,5,Divorced,8,1,21,1,2,2,124.03999999999999,1.0,1.2,0-3 Mos (High Risk),Moderate (11-20km)
50546,0,0,Mobile,1,13,Debit Card,Female,3,3,Mobile,3,Single,2,0,19,1,1,0,123.18,1.0,1.2,0-3 Mos (High Risk),Moderate (11-20km)
50547,0,3,Mobile,1,16,Debit Card,Male,2,3,Mobile,4,Married,2,0,14,1,1,0,120.08000000000001,1.0,1.2,0-3 Mos (High Risk),Moderate (11-20km)
50548,0,15,Mobile,3,20,Credit Card,Female,3,4,Laptop & Accessory,3,Single,8,0,17,0,1,3,162.44,1.0,1.2,1-5 Yrs,Moderate (11-20km)
50549,0,6,Mobile,1,6,UPI,Male,3,4,Mobile,5,Single,4,1,11,0,1,2,127.99000000000001,1.0,1.2,4-12 Mos,Close (0-10km)
50550,0,30,Mobile,1,11,Cash on Delivery,Female,2,4,Fashion,4,Married,3,1,13,1,1,4,205.52,1.0,1.2,1-5 Yrs,Moderate (11-20km)
50551,0,4,Mobile,3,14,Debit Card,Male,2,4,Mobile,3,Divorced,4,0,15,3,5,2,123.28999999999999,1.0,1.2,4-12 Mos,Moderate (11-20km)
50552,0,8,Mobile,1,27,Debit Card,Female,2,3,Laptop & Accessory,2,Divorced,2,1,25,0,1,7,140.14,1.0,1.2,4-12 Mos,Far (21-50km)
50553,0,22,Mobile,1,14,UPI,Female,2,3,Fashion,4,Divorced,5,0,11,0,1,7,174.03,1.0,1.2,1-5 Yrs,Moderate (11-20km)
50554,0,3,Mobile,1,26,Credit Card,Male,2,3,Mobile,3,Divorced,5,0,17,0,1,0,122.59,1.0,1.2,0-3 Mos (High Risk),Far (21-50km)
50555,0,4,Computer,3,26,E wallet,Female,2,3,Laptop & Accessory,3,Divorced,2,0,13,1,1,0,169.32,1.0,1.2,4-12 Mos,Far (21-50km)
50556,0,9,Mobile,1,13,UPI,Male,3,3,Mobile,2,Single,3,0,18,0,1,1,146.78,1.0,1.2,4-12 Mos,Moderate (11-20km)
50557,0,11,Mobile,1,6,Cash on Delivery,Female,3,3,Fashion,5,Divorced,2,0,13,3,2,11,235.82,1.0,1.2,4-12 Mos,Close (0-10km)
50558,0,5,Computer,1,13,Debit Card,Female,3,4,Mobile,4,Divorced,7,0,20,1,1,2,123.32,1.0,1.2,4-12 Mos,Moderate (11-20km)
50559,1,0,Mobile,3,14,E wallet,Male,2,4,Mobile,4,Divorced,2,1,18,0,1,0,124.13,1.0,1.2,0-3 Mos (High Risk),Moderate (11-20km)
50560,0,13,Mobile,3,16,E wallet,Male,3,4,Fashion,4,Married,3,0,12,1,1,0,197.05,1.0,1.2,1-5 Yrs,Moderate (11-20km)
50561,0,0,Computer,3,6,Credit Card,Male,2,4,Laptop & Accessory,5,Single,2,0,12,1,1,7,142.94,1.0,1.2,0-3 Mos (High Risk),Close (0-10km)
50562,0,14,Mobile,1,12,Credit Card,Male,2,3,Mobile,5,Single,3,1,13,1,2,17,147.21,1.0,1.2,1-5 Yrs,Moderate (11-20km)
50563,0,9,Mobile,1,13,Credit Card,Male,3,3,Mobile,3,Single,5,0,21,2,3,9,125.19,1.0,1.2,4-12 Mos,Moderate (11-20km)
50564,1,3,Mobile,3,27,UPI,Male,2,4,Mobile,4,Single,2,1,13,0,1,0,121.21000000000001,1.0,1.2,0-3 Mos (High Risk),Far (21-50km)
50565,1,0,Mobile,1,10,Cash on Delivery,Male,3,3,Mobile,5,Single,2,0,19,1,1,0,129.73,1.0,1.2,0-3 Mos (High Risk),Close (0-10km)
50566,0,4,Mobile,1,18,Credit Card,Female,2,3,Laptop & Accessory,2,Divorced,1,1,11,0,8,5,158.55,2.0,2.4,4-12 Mos,Moderate (11-20km)
50567,0,13,Computer,1,15,Credit Card,Male,2,3,Mobile,4,Married,9,1,14,0,1,0,136.17,1.0,1.2,1-5 Yrs,Moderate (11-20km)
50568,0,5,Mobile,1,9,Credit Card,Female,3,3,Laptop & Accessory,5,Divorced,2,0,12,6,6,3,167.25,1.0,1.2,4-12 Mos,Close (0-10km)
50569,1,0,Mobile,3,9,Debit Card,Male,2,4,Fashion,2,Divorced,2,1,11,3,3,7,203.25,1.0,1.2,0-3 Mos (High Risk),Close (0-10km)
50570,0,6,Mobile,1,6,Debit Card,Female,2,4,Laptop & Accessory,2,Single,1,0,14,0,1,4,169.49,1.0,1.2,4-12 Mos,Close (0-10km)
50571,1,0,Mobile,3,6,Debit Card,Male,2,4,Fashion,3,Divorced,6,0,11,1,11,7,206.08999999999997,1.0,1.2,0-3 Mos (High Risk),Close (0-10km)
50572,0,18,Computer,1,10,Debit Card,Male,2,3,Laptop & Accessory,4,Divorced,2,0,12,1,1,8,144.47,1.0,1.2,1-5 Yrs,Close (0-10km)
50573,0,3,Computer,3,26,Cash on Delivery,Female,2,3,Mobile,2,Divorced,2,0,15,0,1,2,121.57,1.0,1.2,0-3 Mos (High Risk),Far (21-50km)
50574,0,8,Mobile,3,24,Credit Card,Female,2,3,Laptop & Accessory,3,Divorced,2,0,16,1,1,0,146.01,1.0,1.2,4-12 Mos,Far (21-50km)
50575,0,25,Mobile,1,6,Debit Card,Male,3,3,Grocery,2,Divorced,3,0,15,1,7,8,270.99,1.0,1.2,1-5 Yrs,Close (0-10km)
50576,1,20,Mobile,1,13,Cash on Delivery,Male,2,3,Mobile,3,Single,5,0,24,1,1,0,124.78999999999999,1.0,1.2,1-5 Yrs,Moderate (11-20km)
50577,0,26,Mobile,3,8,Credit Card,Male,2,3,Grocery,3,Married,7,0,13,2,4,2,248.51999999999998,1.0,1.2,1-5 Yrs,Close (0-10km)
50578,0,3,Mobile,3,14,UPI,Male,3,3,Fashion,3,Married,6,0,11,4,7,7,172.64,1.0,1.2,0-3 Mos (High Risk),Moderate (11-20km)
50579,0,11,Computer,3,16,Cash on Delivery,Female,2,3,Laptop & Accessory,2,Single,2,1,13,0,1,3,156.66,1.0,1.2,4-12 Mos,Moderate (11-20km)
50580,0,8,Mobile,3,9,Debit Card,Male,3,3,Fashion,2,Married,7,0,13,0,1,8,178.23,1.0,1.2,4-12 Mos,Close (0-10km)
50581,0,12,Mobile,3,8,Debit Card,Male,2,1,Fashion,3,Single,1,0,18,1,1,7,178.8,1.0,1.2,4-12 Mos,Close (0-10km)
50582,1,3,Computer,3,30,Debit Card,Female,3,1,Grocery,4,Single,5,1,16,1,4,0,231.94,1.0,1.2,0-3 Mos (High Risk),Far (21-50km)
50583,0,20,Computer,1,22,Credit Card,Male,3,1,Laptop & Accessory,3,Married,2,1,19,0,2,7,150.67,1.0,1.2,1-5 Yrs,Far (21-50km)
50584,0,9,Computer,3,14,Cash on Delivery,Male,2,3,Laptop & Accessory,2,Married,5,0,13,1,1,7,150.79,1.0,1.2,4-12 Mos,Moderate (11-20km)
50585,1,0,Computer,1,13,Credit Card,Male,2,4,Mobile,5,Single,1,1,22,1,1,2,123.21000000000001,1.0,1.2,0-3 Mos (High Risk),Moderate (11-20km)
50586,0,6,Computer,3,23,Debit Card,Male,2,3,Grocery,3,Single,2,0,11,1,6,0,274.44,1.0,1.2,4-12 Mos,Far (21-50km)
50587,1,0,Mobile,1,13,Debit Card,Female,3,4,Mobile,5,Single,7,1,20,1,1,0,124.03999999999999,1.0,1.2,0-3 Mos (High Risk),Moderate (11-20km)
50588,0,6,Mobile,1,19,Debit Card,Female,2,3,Mobile,2,Single,4,0,18,1,1,2,134.52,1.0,1.2,4-12 Mos,Moderate (11-20km)
50589,0,3,Mobile,1,6,Credit Card,Female,3,3,Mobile,2,Married,4,0,14,0,1,2,122.69999999999999,1.0,1.2,0-3 Mos (High Risk),Close (0-10km)
50590,0,23,Mobile,1,6,Credit Card,Male,3,3,Grocery,2,Married,10,0,22,1,1,3,273.99,1.0,1.2,1-5 Yrs,Close (0-10km)
50591,0,6,Computer,1,6,UPI,Female,2,1,Laptop & Accessory,4,Divorced,2,1,13,0,1,2,154.88,1.0,1.2,4-12 Mos,Close (0-10km)
50592,0,14,Computer,1,15,Credit Card,Male,3,3,Others,3,Married,3,0,15,1,1,11,294.19,1.0,1.2,1-5 Yrs,Moderate (11-20km)
50593,0,0,Mobile,1,22,Cash on Delivery,Female,3,3,Mobile,4,Divorced,10,0,14,2,2,2,128.11,1.0,1.2,0-3 Mos (High Risk),Far (21-50km)
50594,0,18,Computer,1,29,Debit Card,Male,2,3,Laptop & Accessory,5,Divorced,2,1,15,1,1,8,136.33,1.0,1.2,1-5 Yrs,Far (21-50km)
50595,0,20,Mobile,3,10,Debit Card,Female,2,3,Laptop & Accessory,2,Single,2,1,17,1,1,7,141.63,1.0,1.2,1-5 Yrs,Close (0-10km)
50596,1,3,Mobile,1,28,Debit Card,Female,2,3,Mobile,3,Divorced,5,1,11,0,1,1,121.32,1.0,1.2,0-3 Mos (High Risk),Far (21-50km)
50597,0,23,Mobile,1,30,Debit Card,Male,3,3,Grocery,3,Divorced,4,1,18,0,4,5,239.73000000000002,1.0,1.2,1-5 Yrs,Far (21-50km)
50598,0,11,Computer,1,16,Credit Card,Male,3,3,Mobile,3,Divorced,1,0,17,0,1,2,126.84,1.0,1.2,4-12 Mos,Moderate (11-20km)
50599,0,19,Mobile,1,13,Credit Card,Male,3,3,Fashion,3,Married,7,0,13,0,1,7,208.45,1.0,1.2,1-5 Yrs,Moderate (11-20km)
50600,0,0,Mobile,1,23,Credit Card,Female,2,4,Laptop & Accessory,3,Married,2,0,15,2,3,2,143.77,1.0,1.2,0-3 Mos (High Risk),Far (21-50km)
50601,1,0,Mobile,1,20,UPI,Male,2,4,Mobile,4,Married,2,1,24,1,1,2,137.43,1.0,1.2,0-3 Mos (High Risk),Moderate (11-20km)
50602,0,4,Computer,1,6,Debit Card,Female,3,3,Laptop & Accessory,5,Divorced,2,0,12,1,1,3,141.48,1.0,1.2,4-12 Mos,Close (0-10km)
50603,0,0,Computer,1,11,Debit Card,Male,3,3,Mobile,2,Single,2,0,15,1,1,0,110.50999999999999,1.0,1.2,0-3 Mos (High Risk),Moderate (11-20km)
50604,0,27,Mobile,1,23,Cash on Delivery,Female,2,3,Fashion,3,Divorced,9,0,11,1,1,8,207.39,1.0,1.2,1-5 Yrs,Far (21-50km)
50605,0,8,Mobile,1,31,Credit Card,Female,2,3,Fashion,3,Married,2,1,11,2,10,1,203.88,2.0,2.4,4-12 Mos,Far (21-50km)
50606,0,3,Mobile,1,14,Debit Card,Female,3,1,Fashion,5,Divorced,1,1,12,0,1,3,214.16000000000003,1.0,1.2,0-3 Mos (High Risk),Moderate (11-20km)
50607,1,0,Mobile,1,13,Credit Card,Female,3,4,Mobile,5,Single,2,1,15,0,1,0,126.0,1.0,1.2,0-3 Mos (High Risk),Moderate (11-20km)
50608,1,0,Computer,1,13,Credit Card,Female,2,3,Mobile,4,Single,1,0,17,0,1,2,124.22,1.0,1.2,0-3 Mos (High Risk),Moderate (11-20km)
50609,0,0,Mobile,1,8,Credit Card,Male,2,1,Laptop & Accessory,2,Divorced,2,0,12,1,1,3,154.72,1.0,1.2,0-3 Mos (High Risk),Close (0-10km)
50610,0,0,Mobile,1,13,Debit Card,Male,3,5,Mobile,5,Divorced,2,0,15,1,1,1,124.50999999999999,1.0,1.2,0-3 Mos (High Risk),Moderate (11-20km)
50611,0,21,Mobile,1,12,Debit Card,Male,3,4,Laptop & Accessory,3,Single,3,0,13,0,2,2,142.4,1.0,1.2,1-5 Yrs,Moderate (11-20km)
50612,0,21,Mobile,1,10,Debit Card,Male,3,4,Fashion,3,Single,8,0,14,1,4,3,209.99,1.0,1.2,1-5 Yrs,Close (0-10km)
50613,0,14,Mobile,1,13,Credit Card,Female,2,3,Laptop & Accessory,3,Single,7,0,14,1,2,1,150.03,1.0,1.2,1-5 Yrs,Moderate (11-20km)
50614,0,12,Mobile,1,6,Debit Card,Female,3,4,Grocery,2,Divorced,2,0,16,0,11,3,227.42000000000002,1.0,1.2,4-12 Mos,Close (0-10km)
50615,0,0,Mobile,1,8,Debit Card,Female,2,3,Laptop & Accessory,2,Divorced,1,0,18,0,2,2,142.27,1.0,1.2,0-3 Mos (High Risk),Close (0-10km)
50616,0,8,Mobile,1,16,UPI,Male,2,3,Mobile,2,Married,2,0,20,1,1,2,139.17,1.0,1.2,4-12 Mos,Moderate (11-20km)
50617,0,15,Mobile,3,11,E wallet,Male,2,3,Others,3,Divorced,7,0,13,1,1,0,283.03,1.0,1.2,1-5 Yrs,Moderate (11-20km)
50618,0,23,Mobile,1,13,Debit Card,Male,3,3,Mobile,2,Divorced,5,0,18,1,1,0,123.80000000000001,1.0,1.2,1-5 Yrs,Moderate (11-20km)
50619,0,30,Mobile,1,8,Debit Card,Female,3,4,Grocery,2,Single,4,1,13,0,4,3,237.26,1.0,1.2,1-5 Yrs,Close (0-10km)
50620,1,0,Mobile,1,17,Credit Card,Female,3,5,Laptop & Accessory,4,Divorced,6,0,15,1,1,0,147.77,1.0,1.2,0-3 Mos (High Risk),Moderate (11-20km)
50621,0,28,Computer,1,24,Credit Card,Male,3,3,Laptop & Accessory,4,Divorced,4,1,14,6,6,7,163.85,2.0,2.4,1-5 Yrs,Far (21-50km)
50622,0,14,Computer,1,13,Debit Card,Female,2,5,Others,3,Married,2,0,15,1,5,10,299.73,1.0,1.2,1-5 Yrs,Moderate (11-20km)
50623,0,11,Mobile,3,9,Debit Card,Male,2,3,Laptop & Accessory,2,Single,9,1,12,1,1,0,168.61,1.0,1.2,4-12 Mos,Close (0-10km)
50624,1,0,Computer,3,35,Credit Card,Male,3,5,Laptop & Accessory,5,Single,9,0,18,0,2,2,149.69,1.0,1.2,0-3 Mos (High Risk),Far (21-50km)
50625,1,15,Mobile,3,8,E wallet,Female,2,5,Others,2,Divorced,2,0,15,5,6,9,298.45,1.0,1.2,1-5 Yrs,Close (0-10km)
50626,0,17,Mobile,3,34,Credit Card,Female,2,1,Grocery,2,Divorced,4,1,18,1,4,11,233.2,1.0,1.2,1-5 Yrs,Far (21-50km)
50627,0,23,Computer,3,6,Debit Card,Female,3,3,Laptop & Accessory,3,Divorced,1,0,12,1,1,13,163.47,1.0,1.2,1-5 Yrs,Close (0-10km)
50628,1,0,Mobile,1,22,Debit Card,Female,3,1,Mobile,5,Single,2,0,16,15,15,14,127.43,1.0,1.2,0-3 Mos (High Risk),Far (21-50km)
50629,0,12,Computer,1,28,Credit Card,Female,2,3,Fashion,5,Single,2,1,13,1,2,8,208.8,1.0,1.2,4-12 Mos,Far (21-50km)
50630,0,6,Computer,3,14,Debit Card,Female,2,4,Mobile,2,Single,1,0,19,2,2,2,123.41999999999999,1.0,1.2,4-12 Mos,Moderate (11-20km)
50631,0,18,Mobile,3,17,Debit Card,Female,2,3,Grocery,2,Divorced,4,0,13,1,1,1,276.5,1.0,1.2,1-5 Yrs,Moderate (11-20km)
50632,0,5,Computer,1,35,Credit Card,Female,3,3,Mobile,3,Single,10,0,12,5,7,7,140.25,1.0,1.2,4-12 Mos,Far (21-50km)
50633,0,7,Mobile,3,6,E wallet,Male,3,1,Laptop & Accessory,2,Married,1,0,11,1,1,9,197.25,1.0,1.2,4-12 Mos,Close (0-10km)
50634,0,30,Mobile,3,6,Cash on Delivery,Male,3,3,Fashion,2,Divorced,4,1,14,0,1,3,219.04000000000002,1.0,1.2,1-5 Yrs,Close (0-10km)
50635,0,3,Mobile,2,30,Credit Card,Male,2,3,Mobile,4,Single,2,0,16,0,1,4,121.77000000000001,1.0,1.2,0-3 Mos (High Risk),Far (21-50km)
50636,0,26,Computer,3,8,E wallet,Female,2,4,Fashion,4,Divorced,3,0,12,0,6,12,175.25,1.0,1.2,1-5 Yrs,Close (0-10km)
50637,1,0,Mobile,1,21,UPI,Male,2,3,Laptop & Accessory,3,Married,8,0,14,0,1,0,148.34,1.0,1.2,0-3 Mos (High Risk),Far (21-50km)
50638,1,3,Computer,1,8,Debit Card,Male,2,3,Mobile,5,Divorced,7,1,14,1,1,2,120.41999999999999,1.0,1.2,0-3 Mos (High Risk),Close (0-10km)
50639,0,3,Mobile,3,16,Debit Card,Female,2,3,Mobile,3,Divorced,2,1,19,0,1,0,122.19999999999999,1.0,1.2,0-3 Mos (High Risk),Moderate (11-20km)
50640,0,1,Mobile,3,16,Credit Card,Male,3,3,Mobile,4,Divorced,2,0,22,1,1,0,110.52000000000001,1.0,1.2,0-3 Mos (High Risk),Moderate (11-20km)
50641,0,11,Computer,1,9,UPI,Male,3,3,Mobile,3,Divorced,4,0,16,2,2,2,128.21,1.0,1.2,4-12 Mos,Close (0-10km)
50642,0,23,Mobile,1,8,Credit Card,Male,3,3,Others,3,Divorced,3,1,15,7,7,7,292.37,2.0,2.4,1-5 Yrs,Close (0-10km)
50643,0,10,Mobile,1,9,UPI,Female,2,3,Laptop & Accessory,4,Single,4,0,15,1,1,1,141.07,1.0,1.2,4-12 Mos,Close (0-10km)
50644,0,13,Mobile,3,32,E wallet,Male,3,3,Laptop & Accessory,5,Divorced,2,0,14,5,7,5,183.96,1.0,1.2,1-5 Yrs,Far (21-50km)
50645,0,3,Computer,1,6,Credit Card,Female,3,4,Mobile,3,Married,2,0,13,1,1,3,120.07,1.0,1.2,0-3 Mos (High Risk),Close (0-10km)
50646,0,19,Mobile,1,6,Credit Card,Male,2,3,Others,2,Married,10,0,15,1,2,2,296.27,1.0,1.2,1-5 Yrs,Close (0-10km)
50647,0,27,Mobile,3,8,Debit Card,Female,2,4,Fashion,3,Divorced,7,0,11,6,7,0,206.86,1.0,1.2,1-5 Yrs,Close (0-10km)
50648,0,29,Computer,1,15,Credit Card,Female,3,3,Mobile,3,Divorced,3,0,19,0,1,3,129.42,1.0,1.2,1-5 Yrs,Moderate (11-20km)
50649,0,9,Mobile,1,18,Credit Card,Female,2,4,Fashion,2,Single,1,0,11,5,7,8,188.58,1.0,1.2,4-12 Mos,Moderate (11-20km)
50650,0,28,Computer,1,8,Credit Card,Male,2,4,Grocery,5,Single,8,0,15,1,6,2,267.56,1.0,1.2,1-5 Yrs,Close (0-10km)
50651,0,16,Mobile,3,31,Credit Card,Male,3,4,Fashion,2,Married,6,0,13,1,2,0,234.0,1.0,1.2,1-5 Yrs,Far (21-50km)
50652,1,0,Computer,3,14,E wallet,Female,2,3,Mobile,2,Single,2,1,14,0,1,2,123.22999999999999,1.0,1.2,0-3 Mos (High Risk),Moderate (11-20km)
50653,1,3,Mobile,1,16,Debit Card,Female,2,4,Mobile,5,Single,2,0,13,1,1,0,114.16,1.0,1.2,0-3 Mos (High Risk),Moderate (11-20km)
50654,0,19,Mobile,1,14,Debit Card,Female,3,4,Laptop & Accessory,5,Married,9,1,23,1,1,7,146.15,1.0,1.2,1-5 Yrs,Moderate (11-20km)
50655,1,14,Mobile,1,13,Debit Card,Male,2,3,Mobile,3,Divorced,10,1,12,1,2,7,124.61000000000001,1.0,1.2,1-5 Yrs,Moderate (11-20km)
50656,1,0,Computer,1,30,Cash on Delivery,Male,3,4,Fashion,5,Single,2,0,12,0,1,9,187.22,1.0,1.2,0-3 Mos (High Risk),Far (21-50km)
50657,0,0,Mobile,1,6,Credit Card,Male,2,4,Mobile,5,Divorced,2,0,16,0,1,3,139.55,1.0,1.2,0-3 Mos (High Risk),Close (0-10km)
50658,0,3,Mobile,1,26,UPI,Male,2,3,Laptop & Accessory,5,Divorced,1,0,15,1,1,2,199.57,1.0,1.2,0-3 Mos (High Risk),Far (21-50km)
50659,0,14,Mobile,1,13,Cash on Delivery,Female,2,1,Mobile,3,Divorced,2,0,13,1,1,8,133.76,1.0,1.2,1-5 Yrs,Moderate (11-20km)
50660,0,11,Mobile,1,23,Debit Card,Female,3,4,Fashion,3,Divorced,1,0,18,0,1,9,188.23,1.0,1.2,4-12 Mos,Far (21-50km)
50661,0,13,Mobile,1,26,Cash on Delivery,Male,3,3,Fashion,2,Divorced,5,0,20,4,11,1,203.22,1.0,1.2,1-5 Yrs,Far (21-50km)
50662,0,0,Computer,1,14,Debit Card,Male,2,5,Mobile,3,Divorced,2,0,19,1,1,2,146.21,1.0,1.2,0-3 Mos (High Risk),Moderate (11-20km)
50663,0,28,Computer,1,8,Debit Card,Male,3,3,Fashion,4,Divorced,4,0,18,1,1,3,209.76,1.0,1.2,1-5 Yrs,Close (0-10km)
50664,0,1,Mobile,1,16,UPI,Female,2,3,Laptop & Accessory,3,Single,4,0,13,1,1,7,136.6,1.0,1.2,0-3 Mos (High Risk),Moderate (11-20km)
50665,1,7,Mobile,2,6,Credit Card,Male,3,4,Fashion,5,Divorced,10,0,14,2,3,6,204.82,1.0,1.2,4-12 Mos,Close (0-10km)
50666,0,6,Mobile,1,11,Debit Card,Male,2,4,Fashion,2,Married,5,0,15,0,1,2,171.19,1.0,1.2,4-12 Mos,Moderate (11-20km)
50667,1,0,Mobile,3,10,Cash on Delivery,Male,2,3,Fashion,5,Single,1,1,22,3,4,7,195.82,1.0,1.2,0-3 Mos (High Risk),Close (0-10km)
50668,1,0,Computer,1,35,Credit Card,Female,2,4,Laptop & Accessory,3,Single,2,0,22,3,3,8,145.08,1.0,1.2,0-3 Mos (High Risk),Far (21-50km)
50669,0,3,Mobile,1,21,Debit Card,Male,2,3,Mobile,3,Married,2,0,16,2,2,2,122.07,1.0,1.2,0-3 Mos (High Risk),Far (21-50km)
50670,0,7,Computer,1,9,Debit Card,Male,2,3,Laptop & Accessory,2,Single,1,0,17,1,1,4,177.56,1.0,1.2,4-12 Mos,Close (0-10km)
50671,0,10,Mobile,3,16,Debit Card,Female,2,4,Laptop & Accessory,2,Married,3,1,14,0,1,0,166.94,1.0,1.2,4-12 Mos,Moderate (11-20km)
50672,1,0,Mobile,1,10,Cash on Delivery,Male,2,3,Mobile,2,Divorced,2,1,15,5,5,6,136.91,1.0,1.2,0-3 Mos (High Risk),Close (0-10km)
50673,1,0,Mobile,1,13,Credit Card,Male,2,3,Mobile,3,Married,2,0,20,1,1,0,123.77000000000001,1.0,1.2,0-3 Mos (High Risk),Moderate (11-20km)
50674,1,3,Mobile,1,31,Credit Card,Male,2,4,Mobile,4,Single,5,1,20,0,2,2,123.13,1.0,1.2,0-3 Mos (High Risk),Far (21-50km)
50675,0,15,Mobile,1,8,Credit Card,Male,2,3,Grocery,5,Divorced,1,0,17,1,13,7,276.65,1.0,1.2,1-5 Yrs,Close (0-10km)
50676,1,0,Computer,1,13,Credit Card,Male,2,4,Mobile,4,Married,2,0,15,0,1,0,125.96000000000001,1.0,1.2,0-3 Mos (High Risk),Moderate (11-20km)
50677,1,13,Computer,3,6,UPI,Male,2,3,Laptop & Accessory,3,Single,4,1,14,0,1,0,147.28,1.0,1.2,1-5 Yrs,Close (0-10km)
50678,0,6,Computer,3,13,Debit Card,Female,1,3,Laptop & Accessory,4,Divorced,1,0,17,1,1,2,143.02,1.0,1.2,4-12 Mos,Moderate (11-20km)
50679,0,7,Computer,1,9,Debit Card,Male,3,4,Mobile,2,Divorced,4,0,17,1,1,0,129.79,1.0,1.2,4-12 Mos,Close (0-10km)
50680,0,21,Computer,1,6,Credit Card,Male,2,1,Grocery,2,Single,3,0,22,1,2,1,268.85,1.0,1.2,1-5 Yrs,Close (0-10km)
50681,0,18,Computer,3,15,Debit Card,Female,3,4,Laptop & Accessory,3,Divorced,2,0,13,0,4,12,155.93,1.0,1.2,1-5 Yrs,Moderate (11-20km)
50682,0,25,Mobile,1,13,Debit Card,Male,2,3,Fashion,4,Single,8,0,19,3,4,0,204.45,1.0,1.2,1-5 Yrs,Moderate (11-20km)
50683,0,11,Mobile,3,16,E wallet,Male,3,4,Fashion,3,Married,1,1,14,2,2,7,187.4,1.0,1.2,4-12 Mos,Moderate (11-20km)
50684,0,2,Mobile,1,13,Debit Card,Female,3,3,Mobile,2,Married,5,0,22,0,1,7,125.13999999999999,1.0,1.2,0-3 Mos (High Risk),Moderate (11-20km)
50685,0,1,Mobile,1,9,Credit Card,Female,3,3,Fashion,4,Married,1,0,17,0,1,7,176.55,1.0,1.2,0-3 Mos (High Risk),Close (0-10km)
50686,0,19,Mobile,3,9,E wallet,Male,2,3,Grocery,3,Divorced,4,0,12,1,4,9,274.65,1.0,1.2,1-5 Yrs,Close (0-10km)
50687,0,11,Mobile,3,8,E wallet,Male,2,3,Fashion,4,Single,8,0,16,1,1,0,173.51,1.0,1.2,4-12 Mos,Close (0-10km)
50688,0,16,Computer,1,33,Debit Card,Female,2,3,Fashion,5,Divorced,9,0,11,0,1,1,208.2,1.0,1.2,1-5 Yrs,Far (21-50km)
50689,1,2,Computer,1,8,Debit Card,Male,2,3,Grocery,2,Married,8,0,11,7,11,3,221.69,1.0,1.2,0-3 Mos (High Risk),Close (0-10km)
50690,0,13,Mobile,1,20,Credit Card,Male,2,4,Others,3,Single,2,0,15,4,4,9,296.26,1.0,1.2,1-5 Yrs,Moderate (11-20km)
50691,0,3,Mobile,1,6,Cash on Delivery,Female,3,4,Mobile,4,Single,2,1,11,0,2,2,120.69999999999999,1.0,1.2,0-3 Mos (High Risk),Close (0-10km)
50692,0,12,Computer,1,15,Debit Card,Male,3,3,Laptop & Accessory,4,Single,21,0,15,1,1,3,167.82,1.0,1.2,4-12 Mos,Moderate (11-20km)
50693,0,9,Computer,1,24,Debit Card,Male,3,3,Laptop & Accessory,2,Single,3,0,20,1,1,9,177.79,1.0,1.2,4-12 Mos,Far (21-50km)
50694,0,4,Computer,3,26,Debit Card,Male,3,1,Mobile,2,Divorced,1,0,12,1,2,2,127.91,1.0,1.2,4-12 Mos,Far (21-50km)
50695,0,1,Mobile,1,8,Debit Card,Male,3,4,Mobile,4,Divorced,1,0,17,0,1,4,132.01,1.0,1.2,0-3 Mos (High Risk),Close (0-10km)
50696,0,8,Computer,3,17,E wallet,Male,2,3,Laptop & Accessory,2,Married,2,0,11,0,1,2,149.68,1.0,1.2,4-12 Mos,Moderate (11-20km)
50697,0,22,Mobile,3,14,Cash on Delivery,Male,2,4,Grocery,4,Divorced,7,0,17,1,2,3,231.2,1.0,1.2,1-5 Yrs,Moderate (11-20km)
50698,0,7,Computer,1,8,Debit Card,Male,3,3,Laptop & Accessory,3,Single,3,0,11,1,1,2,140.33,1.0,1.2,4-12 Mos,Close (0-10km)
50699,0,2,Computer,1,16,Debit Card,Female,3,3,Mobile,4,Married,1,0,14,1,1,1,132.91,1.0,1.2,0-3 Mos (High Risk),Moderate (11-20km)
50700,0,15,Mobile,1,35,Credit Card,Male,2,5,Laptop & Accessory,2,Single,5,0,19,1,1,0,142.72,1.0,1.2,1-5 Yrs,Far (21-50km)
50701,0,2,Mobile,1,14,Credit Card,Male,3,4,Laptop & Accessory,2,Divorced,2,1,13,0,1,2,150.56,1.0,1.2,0-3 Mos (High Risk),Moderate (11-20km)
50702,0,11,Mobile,2,6,UPI,Male,3,1,Mobile,3,Divorced,2,0,13,1,5,0,128.44,1.0,1.2,4-12 Mos,Close (0-10km)
50703,0,4,Computer,1,12,Debit Card,Male,3,4,Mobile,3,Married,2,1,14,1,1,2,127.03,1.0,1.2,4-12 Mos,Moderate (11-20km)
50704,1,3,Computer,1,14,Credit Card,Male,3,3,Mobile,3,Single,2,0,12,0,1,0,119.03999999999999,1.0,1.2,0-3 Mos (High Risk),Moderate (11-20km)
50705,1,0,Mobile,3,15,E wallet,Female,3,3,Laptop & Accessory,5,Single,1,1,17,0,1,3,182.24,1.0,1.2,0-3 Mos (High Risk),Moderate (11-20km)
50706,0,14,Mobile,1,18,Debit Card,Male,2,3,Mobile,2,Divorced,4,1,11,1,1,0,147.66,1.0,1.2,1-5 Yrs,Moderate (11-20km)
50707,1,0,Computer,1,13,Credit Card,Male,3,3,Mobile,3,Divorced,2,0,12,2,2,2,126.1,1.0,1.2,0-3 Mos (High Risk),Moderate (11-20km)
50708,0,10,Mobile,1,31,Credit Card,Female,2,4,Laptop & Accessory,2,Married,8,0,13,0,1,3,157.31,1.0,1.2,4-12 Mos,Far (21-50km)
50709,0,0,Mobile,1,13,Debit Card,Male,2,4,Mobile,3,Divorced,2,0,13,2,2,2,125.38999999999999,1.0,1.2,0-3 Mos (High Risk),Moderate (11-20km)
50710,0,7,Mobile,3,15,Debit Card,Female,3,3,Laptop & Accessory,3,Divorced,2,0,20,1,1,3,157.14,1.0,1.2,4-12 Mos,Moderate (11-20km)
50711,0,8,Mobile,2,14,Cash on Delivery,Male,3,3,Mobile,3,Single,2,0,17,0,1,4,143.23,1.0,1.2,4-12 Mos,Moderate (11-20km)
50712,1,0,Mobile,3,29,Debit Card,Female,2,4,Fashion,5,Divorced,2,0,13,0,3,10,173.36,1.0,1.2,0-3 Mos (High Risk),Far (21-50km)
50713,0,13,Computer,1,15,Credit Card,Female,2,3,Fashion,3,Single,10,0,17,0,2,13,234.99,1.0,1.2,1-5 Yrs,Moderate (11-20km)
50714,1,5,Computer,3,18,Debit Card,Male,2,3,Grocery,5,Single,1,1,12,7,4,14,237.57999999999998,1.0,1.2,4-12 Mos,Moderate (11-20km)
50715,0,15,Mobile,3,10,E wallet,Male,2,3,Laptop & Accessory,5,Single,8,0,13,1,1,5,151.55,1.0,1.2,1-5 Yrs,Close (0-10km)
50716,0,3,Mobile,1,6,Credit Card,Male,2,4,Mobile,3,Divorced,7,0,12,1,1,7,122.58000000000001,1.0,1.2,0-3 Mos (High Risk),Close (0-10km)
50717,0,0,Mobile,1,30,Credit Card,Male,2,3,Mobile,4,Single,9,0,22,1,1,2,135.97,1.0,1.2,0-3 Mos (High Risk),Far (21-50km)
50718,1,0,Mobile,1,13,Debit Card,Female,3,3,Mobile,2,Divorced,2,1,11,1,1,0,125.15,1.0,1.2,0-3 Mos (High Risk),Moderate (11-20km)
50719,0,0,Mobile,1,9,Credit Card,Male,2,1,Mobile,2,Divorced,2,0,22,1,1,7,144.2,1.0,1.2,0-3 Mos (High Risk),Close (0-10km)
50720,0,3,Mobile,3,16,E wallet,Male,3,4,Laptop & Accessory,3,Divorced,2,0,18,1,1,4,165.78,1.0,1.2,0-3 Mos (High Risk),Moderate (11-20km)
50721,0,13,Computer,1,32,Credit Card,Female,3,4,Laptop & Accessory,2,Divorced,4,1,13,1,1,0,144.22,1.0,1.2,1-5 Yrs,Far (21-50km)
50722,0,8,Mobile,1,8,Debit Card,Male,2,4,Fashion,4,Married,3,0,18,6,6,4,202.74,1.0,1.2,4-12 Mos,Close (0-10km)
50723,0,7,Computer,1,6,Credit Card,Male,3,4,Laptop & Accessory,5,Single,1,0,20,1,4,9,153.43,1.0,1.2,4-12 Mos,Close (0-10km)
50724,0,8,Computer,1,13,UPI,Male,2,4,Mobile,2,Divorced,2,0,13,2,2,2,123.75999999999999,1.0,1.2,4-12 Mos,Moderate (11-20km)
50725,1,6,Mobile,3,15,E wallet,Female,2,5,Laptop & Accessory,3,Single,9,0,13,1,1,3,153.46,1.0,1.2,4-12 Mos,Moderate (11-20km)
50726,0,5,Computer,3,8,Debit Card,Female,3,3,Mobile,5,Married,2,0,12,0,1,0,128.27,1.0,1.2,4-12 Mos,Close (0-10km)
50727,0,29,Mobile,1,10,Cash on Delivery,Female,3,3,Others,5,Married,5,0,15,0,4,2,299.43,1.0,1.2,1-5 Yrs,Close (0-10km)
50728,0,2,Mobile,1,12,Credit Card,Female,3,3,Mobile,2,Divorced,2,0,13,0,1,8,131.31,1.0,1.2,0-3 Mos (High Risk),Moderate (11-20km)
50729,0,0,Mobile,1,13,Debit Card,Male,2,3,Mobile,5,Single,2,0,25,0,1,0,125.52000000000001,1.0,1.2,0-3 Mos (High Risk),Moderate (11-20km)
50730,0,18,Mobile,1,13,Credit Card,Female,2,3,Mobile,3,Divorced,5,1,19,1,1,2,144.77,1.0,1.2,1-5 Yrs,Moderate (11-20km)
50731,0,10,Mobile,1,6,Debit Card,Female,2,4,Laptop & Accessory,2,Divorced,2,0,13,3,3,11,164.74,1.0,1.2,4-12 Mos,Close (0-10km)
50732,0,0,Mobile,1,9,Debit Card,Male,3,4,Mobile,3,Single,2,0,12,0,1,2,130.33,1.0,1.2,0-3 Mos (High Risk),Close (0-10km)
50733,1,7,Mobile,1,16,Debit Card,Male,3,3,Mobile,3,Single,2,1,11,1,1,2,129.36,1.0,1.2,4-12 Mos,Moderate (11-20km)
50734,0,26,Mobile,1,13,Credit Card,Female,2,3,Others,3,Married,4,0,18,1,4,7,286.06,1.0,1.2,1-5 Yrs,Moderate (11-20km)
50735,0,3,Mobile,1,21,Debit Card,Female,3,5,Mobile,2,Divorced,1,1,18,1,1,3,121.68,1.0,1.2,0-3 Mos (High Risk),Far (21-50km)
50736,1,0,Computer,1,9,Debit Card,Male,3,4,Mobile,2,Divorced,1,1,11,0,1,0,128.53,1.0,1.2,0-3 Mos (High Risk),Close (0-10km)
50737,0,19,Mobile,3,8,E wallet,Female,3,3,Grocery,5,Divorced,9,0,23,1,15,9,270.48,1.0,1.2,1-5 Yrs,Close (0-10km)
50738,0,3,Computer,1,23,Debit Card,Male,3,5,Mobile,3,Single,3,0,13,1,1,0,122.9,1.0,1.2,0-3 Mos (High Risk),Far (21-50km)
50739,0,6,Mobile,2,8,UPI,Male,2,3,Mobile,3,Divorced,2,0,13,0,1,4,136.0,1.0,1.2,4-12 Mos,Close (0-10km)
50740,1,3,Computer,1,11,Debit Card,Male,3,4,Mobile,5,Married,7,0,17,1,1,0,121.07,1.0,1.2,0-3 Mos (High Risk),Moderate (11-20km)
50741,0,3,Mobile,3,35,Debit Card,Male,3,3,Laptop & Accessory,5,Married,9,0,19,1,1,3,141.15,1.0,1.2,0-3 Mos (High Risk),Far (21-50km)
50742,0,13,Computer,3,8,Credit Card,Male,3,3,Laptop & Accessory,4,Divorced,6,0,12,1,1,0,143.27,1.0,1.2,1-5 Yrs,Close (0-10km)
50743,0,23,Computer,1,8,Credit Card,Female,1,3,Grocery,5,Divorced,3,0,22,1,2,2,278.56,1.0,1.2,1-5 Yrs,Close (0-10km)
50744,0,1,Mobile,1,25,Credit Card,Male,3,4,Mobile,5,Divorced,2,0,12,1,3,3,131.96,1.0,1.2,0-3 Mos (High Risk),Far (21-50km)
50745,0,19,Mobile,1,21,Debit Card,Male,2,3,Others,4,Divorced,6,0,11,1,1,3,290.81,1.0,1.2,1-5 Yrs,Far (21-50km)
50746,0,8,Mobile,3,23,Debit Card,Male,3,3,Laptop & Accessory,5,Divorced,4,1,15,1,1,7,189.66,1.0,1.2,4-12 Mos,Far (21-50km)
50747,1,3,Mobile,1,23,Debit Card,Female,3,3,Mobile,4,Divorced,2,0,13,0,1,0,122.1,1.0,1.2,0-3 Mos (High Risk),Far (21-50km)
50748,0,6,Computer,3,31,Credit Card,Female,2,3,Laptop & Accessory,3,Divorced,2,0,12,0,1,1,145.39,1.0,1.2,4-12 Mos,Far (21-50km)
50749,0,9,Mobile,1,12,Debit Card,Male,3,5,Mobile,3,Married,2,0,14,0,1,7,127.41,1.0,1.2,4-12 Mos,Moderate (11-20km)
50750,0,3,Mobile,1,13,Debit Card,Male,2,3,Laptop & Accessory,3,Married,2,0,13,8,8,9,134.91,1.0,1.2,0-3 Mos (High Risk),Moderate (11-20km)
50751,0,17,Mobile,1,35,UPI,Male,2,3,Laptop & Accessory,2,Single,2,0,25,1,1,17,145.41,1.0,1.2,1-5 Yrs,Far (21-50km)
50752,0,0,Mobile,3,27,E wallet,Male,3,1,Mobile,2,Single,2,0,17,0,2,2,126.78,1.0,1.2,0-3 Mos (High Risk),Far (21-50km)
50753,0,19,Mobile,1,8,Cash on Delivery,Male,2,3,Laptop & Accessory,2,Married,3,0,11,1,1,4,173.79,1.0,1.2,1-5 Yrs,Close (0-10km)
50754,0,15,Computer,2,8,Credit Card,Male,3,1,Laptop & Accessory,5,Divorced,8,0,16,0,1,3,162.72,1.0,1.2,1-5 Yrs,Close (0-10km)
50755,0,30,Mobile,3,13,E wallet,Male,2,1,Laptop & Accessory,2,Married,1,1,18,0,1,9,152.2,1.0,1.2,1-5 Yrs,Moderate (11-20km)
50756,0,5,Computer,1,19,UPI,Female,3,4,Mobile,4,Divorced,2,0,20,0,2,2,127.43,1.0,1.2,4-12 Mos,Moderate (11-20km)
50757,0,5,Computer,1,8,Debit Card,Female,2,3,Laptop & Accessory,3,Single,5,1,14,1,1,7,149.98,1.0,1.2,4-12 Mos,Close (0-10km)
50758,0,9,Mobile,1,6,Cash on Delivery,Female,3,5,Fashion,5,Married,3,1,21,5,7,7,202.52,2.0,2.4,4-12 Mos,Close (0-10km)
50759,0,6,Mobile,1,15,Credit Card,Male,3,3,Mobile,2,Divorced,1,0,13,1,4,10,127.81,1.0,1.2,4-12 Mos,Moderate (11-20km)
50760,0,13,Mobile,3,16,Cash on Delivery,Female,2,4,Laptop & Accessory,4,Married,8,0,12,1,1,3,168.52,1.0,1.2,1-5 Yrs,Moderate (11-20km)
50761,0,0,Mobile,3,16,Debit Card,Male,2,3,Laptop & Accessory,2,Single,1,0,14,0,1,1,149.5,1.0,1.2,0-3 Mos (High Risk),Moderate (11-20km)
50762,0,3,Mobile,1,6,Credit Card,Male,3,3,Mobile,4,Divorced,1,1,21,1,5,7,135.79,1.0,1.2,0-3 Mos (High Risk),Close (0-10km)
50763,0,15,Computer,1,32,Credit Card,Female,2,3,Fashion,5,Divorced,4,1,17,0,2,0,231.91000000000003,1.0,1.2,1-5 Yrs,Far (21-50km)
50764,0,8,Computer,3,14,E wallet,Female,3,4,Fashion,2,Divorced,5,1,11,2,4,12,203.77,1.0,1.2,4-12 Mos,Moderate (11-20km)
50765,0,3,Mobile,1,20,Debit Card,Male,2,3,Mobile,5,Divorced,2,1,14,2,6,8,122.35,2.0,2.4,0-3 Mos (High Risk),Moderate (11-20km)
50766,0,27,Computer,1,6,Debit Card,Female,2,3,Fashion,3,Married,8,0,17,1,1,4,205.02,1.0,1.2,1-5 Yrs,Close (0-10km)
50767,0,3,Mobile,1,8,Debit Card,Female,3,1,Mobile,2,Divorced,2,0,13,6,7,7,120.11000000000001,1.0,1.2,0-3 Mos (High Risk),Close (0-10km)
50768,1,3,Computer,1,16,Credit Card,Female,3,4,Mobile,4,Single,2,1,25,1,1,0,118.59,1.0,1.2,0-3 Mos (High Risk),Moderate (11-20km)
50769,0,2,Mobile,1,6,Debit Card,Female,3,3,Mobile,2,Married,2,0,15,0,1,2,137.6,1.0,1.2,0-3 Mos (High Risk),Close (0-10km)
50770,0,27,Mobile,1,9,Debit Card,Male,2,3,Grocery,2,Divorced,4,0,14,1,1,9,277.79,1.0,1.2,1-5 Yrs,Close (0-10km)
50771,0,4,Mobile,1,17,Credit Card,Male,3,3,Laptop & Accessory,5,Divorced,2,1,12,0,1,1,168.33,1.0,1.2,4-12 Mos,Moderate (11-20km)
50772,0,4,Mobile,1,30,Credit Card,Female,3,4,Laptop & Accessory,5,Single,2,0,19,0,1,8,168.12,1.0,1.2,4-12 Mos,Far (21-50km)
50773,0,30,Mobile,3,9,Debit Card,Female,2,4,Laptop & Accessory,2,Single,6,0,17,0,1,5,151.71,1.0,1.2,1-5 Yrs,Close (0-10km)
50774,0,16,Mobile,1,9,Debit Card,Male,3,5,Others,2,Divorced,4,0,15,1,1,7,297.4,1.0,1.2,1-5 Yrs,Close (0-10km)
50775,0,22,Mobile,1,10,Credit Card,Male,2,4,Others,3,Divorced,3,0,13,1,1,0,287.11,1.0,1.2,1-5 Yrs,Close (0-10km)
50776,0,9,Computer,1,9,Cash on Delivery,Male,2,3,Mobile,4,Divorced,2,0,12,1,1,7,136.92,1.0,1.2,4-12 Mos,Close (0-10km)
50777,0,21,Mobile,1,13,Cash on Delivery,Male,3,1,Mobile,4,Single,6,0,11,0,1,0,125.59,1.0,1.2,1-5 Yrs,Moderate (11-20km)
50778,0,0,Mobile,1,13,Debit Card,Male,3,3,Mobile,3,Married,2,0,11,1,1,3,125.16999999999999,1.0,1.2,0-3 Mos (High Risk),Moderate (11-20km)
50779,0,2,Mobile,1,13,Debit Card,Male,2,3,Laptop & Accessory,2,Married,2,1,11,0,1,0,166.23,1.0,1.2,0-3 Mos (High Risk),Moderate (11-20km)
50780,0,21,Mobile,1,6,Debit Card,Male,3,4,Others,2,Single,7,0,12,1,1,0,282.65,1.0,1.2,1-5 Yrs,Close (0-10km)
50781,0,2,Mobile,1,6,Debit Card,Female,2,4,Grocery,2,Married,4,0,14,1,1,7,261.24,1.0,1.2,0-3 Mos (High Risk),Close (0-10km)
50782,0,7,Mobile,1,13,Cash on Delivery,Female,2,1,Mobile,3,Divorced,1,0,17,1,1,0,125.85,1.0,1.2,4-12 Mos,Moderate (11-20km)
50783,0,17,Mobile,3,11,E wallet,Male,2,3,Others,4,Divorced,8,0,11,1,3,10,282.13,1.0,1.2,1-5 Yrs,Moderate (11-20km)
50784,0,6,Mobile,3,16,E wallet,Male,2,1,Fashion,3,Married,1,1,14,1,1,8,183.8,1.0,1.2,4-12 Mos,Moderate (11-20km)
50785,0,0,Mobile,1,31,Debit Card,Female,3,1,Mobile,2,Single,2,1,12,1,1,1,129.94,1.0,1.2,0-3 Mos (High Risk),Far (21-50km)
50786,0,3,Mobile,1,6,Debit Card,Male,2,3,Mobile,3,Divorced,2,0,22,0,1,1,112.22999999999999,1.0,1.2,0-3 Mos (High Risk),Close (0-10km)
50787,1,0,Computer,3,30,Debit Card,Male,3,5,Mobile,2,Single,2,1,14,1,1,0,111.18,1.0,1.2,0-3 Mos (High Risk),Far (21-50km)
50788,0,0,Mobile,1,10,Debit Card,Male,3,3,Mobile,2,Single,2,1,20,0,2,2,128.75,1.0,1.2,0-3 Mos (High Risk),Close (0-10km)
50789,1,8,Mobile,3,8,E wallet,Female,3,5,Others,4,Single,3,1,16,1,1,11,288.24,1.0,1.2,4-12 Mos,Close (0-10km)
50790,0,28,Computer,1,14,Credit Card,Male,2,4,Grocery,4,Married,2,1,15,3,4,0,235.76999999999998,1.0,1.2,1-5 Yrs,Moderate (11-20km)
50791,1,0,Computer,1,13,Debit Card,Female,2,4,Mobile,3,Single,2,0,20,2,2,2,126.25,1.0,1.2,0-3 Mos (High Risk),Moderate (11-20km)
50792,0,19,Mobile,3,10,E wallet,Female,2,4,Others,4,Divorced,3,0,14,1,1,8,287.89,1.0,1.2,1-5 Yrs,Close (0-10km)
50793,0,7,Mobile,3,8,E wallet,Female,2,3,Laptop & Accessory,5,Single,1,1,12,1,1,2,145.38,1.0,1.2,4-12 Mos,Close (0-10km)
50794,0,24,Computer,3,15,Debit Card,Male,2,3,Others,4,Married,5,1,15,2,11,10,298.47,3.0,3.5999999999999996,1-5 Yrs,Moderate (11-20km)
50795,0,30,Mobile,1,24,Credit Card,Male,3,3,Fashion,2,Single,7,0,12,1,5,4,205.12,1.0,1.2,1-5 Yrs,Far (21-50km)
50796,0,7,Computer,1,25,Credit Card,Female,2,3,Laptop & Accessory,4,Married,5,0,13,3,5,10,144.44,1.0,1.2,4-12 Mos,Far (21-50km)
50797,0,3,Computer,1,6,Credit Card,Male,2,3,Mobile,3,Single,1,1,11,0,1,2,121.53999999999999,1.0,1.2,0-3 Mos (High Risk),Close (0-10km)
50798,0,17,Mobile,1,10,Debit Card,Male,3,1,Others,5,Married,2,0,14,1,14,13,291.9,1.0,1.2,1-5 Yrs,Close (0-10km)
50799,0,7,Computer,2,17,Debit Card,Male,2,4,Laptop & Accessory,4,Divorced,5,0,11,0,1,8,144.9,1.0,1.2,4-12 Mos,Moderate (11-20km)
50800,0,8,Mobile,1,12,Debit Card,Male,3,3,Mobile,3,Divorced,1,1,14,1,2,2,135.06,1.0,1.2,4-12 Mos,Moderate (11-20km)
50801,0,15,Mobile,1,13,Credit Card,Female,3,1,Laptop & Accessory,4,Divorced,7,1,16,0,1,0,123.72,1.0,1.2,1-5 Yrs,Moderate (11-20km)
50802,0,16,Mobile,3,10,E wallet,Female,2,4,Fashion,2,Single,4,0,14,10,15,17,202.31,1.0,1.2,1-5 Yrs,Close (0-10km)
50803,0,9,Mobile,1,8,Debit Card,Female,2,3,Laptop & Accessory,4,Single,10,1,11,4,5,12,154.1,1.0,1.2,4-12 Mos,Close (0-10km)
50804,1,7,Mobile,1,21,Credit Card,Female,3,3,Fashion,2,Divorced,2,0,11,0,1,5,179.78,1.0,1.2,4-12 Mos,Far (21-50km)
50805,0,1,Computer,1,8,Debit Card,Male,2,4,Mobile,2,Divorced,2,1,12,2,2,2,138.67,1.0,1.2,0-3 Mos (High Risk),Close (0-10km)
50806,0,24,Computer,1,12,Credit Card,Female,3,4,Mobile,3,Single,1,0,14,7,7,7,128.38,1.0,1.2,1-5 Yrs,Moderate (11-20km)
50807,0,3,Computer,1,15,Credit Card,Female,3,3,Laptop & Accessory,3,Single,8,1,18,1,1,7,146.95,1.0,1.2,0-3 Mos (High Risk),Moderate (11-20km)
50808,1,0,Mobile,1,13,Cash on Delivery,Female,2,3,Mobile,3,Married,4,1,13,1,7,7,133.39,2.0,2.4,0-3 Mos (High Risk),Moderate (11-20km)
50809,0,3,Mobile,1,6,Cash on Delivery,Male,2,3,Mobile,5,Single,3,0,11,0,1,2,120.80000000000001,1.0,1.2,0-3 Mos (High Risk),Close (0-10km)
50810,0,3,Mobile,1,6,Credit Card,Female,2,3,Mobile,4,Single,2,0,18,1,2,1,120.96000000000001,1.0,1.2,0-3 Mos (High Risk),Close (0-10km)
50811,0,5,Mobile,3,14,Credit Card,Male,2,1,Laptop & Accessory,2,Divorced,2,0,15,0,1,8,162.09,1.0,1.2,4-12 Mos,Moderate (11-20km)
50812,0,18,Computer,1,31,Credit Card,Female,2,3,Others,4,Single,4,0,22,1,1,0,280.61,1.0,1.2,1-5 Yrs,Far (21-50km)
50813,0,12,Mobile,1,19,Credit Card,Female,3,4,Grocery,4,Married,7,1,13,1,15,2,271.23,3.0,3.5999999999999996,4-12 Mos,Moderate (11-20km)
50814,0,30,Mobile,1,13,Debit Card,Male,2,3,Mobile,3,Married,2,0,12,2,2,2,123.72,1.0,1.2,1-5 Yrs,Moderate (11-20km)
50815,1,0,Mobile,1,13,Debit Card,Male,3,3,Laptop & Accessory,3,Divorced,2,0,18,1,1,1,148.83,1.0,1.2,0-3 Mos (High Risk),Moderate (11-20km)
50816,1,2,Mobile,1,29,Credit Card,Male,3,3,Mobile,5,Single,1,0,13,0,1,3,139.04,1.0,1.2,0-3 Mos (High Risk),Far (21-50km)
50817,0,3,Mobile,1,12,Cash on Delivery,Female,2,4,Laptop & Accessory,2,Divorced,1,0,12,5,6,7,146.27,1.0,1.2,0-3 Mos (High Risk),Moderate (11-20km)
50818,0,9,Mobile,1,16,Cash on Delivery,Female,3,3,Fashion,3,Divorced,4,0,12,0,1,7,170.94,1.0,1.2,4-12 Mos,Moderate (11-20km)
50819,0,19,Mobile,2,6,Debit Card,Female,2,3,Mobile,5,Single,7,0,12,3,5,7,134.23,1.0,1.2,1-5 Yrs,Close (0-10km)
50820,0,1,Computer,1,6,Debit Card,Female,2,5,Laptop & Accessory,2,Divorced,1,0,11,7,7,5,166.74,1.0,1.2,0-3 Mos (High Risk),Close (0-10km)
50821,0,23,Mobile,1,34,Debit Card,Female,2,3,Grocery,5,Divorced,5,1,11,1,1,2,268.8,1.0,1.2,1-5 Yrs,Far (21-50km)
50822,1,3,Mobile,3,31,E wallet,Male,2,4,Fashion,4,Single,3,1,12,0,1,0,190.94,1.0,1.2,0-3 Mos (High Risk),Far (21-50km)
50823,1,15,Mobile,3,11,Debit Card,Male,3,3,Fashion,4,Single,10,1,19,5,7,7,184.46,2.0,2.4,1-5 Yrs,Moderate (11-20km)
50824,0,3,Mobile,1,23,Credit Card,Female,3,3,Fashion,5,Divorced,2,1,23,0,1,3,219.16000000000003,1.0,1.2,0-3 Mos (High Risk),Far (21-50km)
50825,0,12,Mobile,1,24,Debit Card,Male,2,3,Laptop & Accessory,3,Single,1,0,11,0,1,7,145.34,1.0,1.2,4-12 Mos,Far (21-50km)
50826,0,4,Computer,3,8,Debit Card,Female,2,3,Fashion,3,Married,2,1,19,3,9,6,198.52,2.0,2.4,4-12 Mos,Close (0-10km)
50827,0,14,Computer,3,16,Credit Card,Male,2,5,Laptop & Accessory,4,Single,2,0,13,3,11,9,161.51,1.0,1.2,1-5 Yrs,Moderate (11-20km)
50828,1,3,Computer,3,6,Debit Card,Female,2,3,Mobile,4,Single,2,1,11,1,2,2,123.02000000000001,1.0,1.2,0-3 Mos (High Risk),Close (0-10km)
50829,1,7,Mobile,1,13,Debit Card,Male,2,3,Mobile,5,Divorced,5,0,12,1,1,2,123.62,1.0,1.2,4-12 Mos,Moderate (11-20km)
50830,0,15,Computer,1,8,Debit Card,Male,2,3,Grocery,3,Divorced,1,1,13,1,2,10,278.61,1.0,1.2,1-5 Yrs,Close (0-10km)
50831,0,28,Mobile,1,8,Credit Card,Female,2,5,Others,3,Divorced,5,0,14,1,9,11,291.87,1.0,1.2,1-5 Yrs,Close (0-10km)
50832,0,29,Mobile,2,14,Debit Card,Male,2,3,Others,4,Single,7,0,15,1,7,7,297.17,1.0,1.2,1-5 Yrs,Moderate (11-20km)
50833,0,13,Computer,1,22,Debit Card,Male,3,3,Mobile,3,Married,10,0,16,1,1,0,135.44,1.0,1.2,1-5 Yrs,Far (21-50km)
50834,0,7,Mobile,1,15,Debit Card,Male,2,3,Fashion,2,Married,1,0,11,1,1,6,185.0,1.0,1.2,4-12 Mos,Moderate (11-20km)
50835,0,13,Mobile,1,8,Debit Card,Male,3,3,Laptop & Accessory,2,Single,2,0,13,3,8,8,146.61,1.0,1.2,1-5 Yrs,Close (0-10km)
50836,0,14,Computer,3,6,E wallet,Female,3,3,Laptop & Accessory,5,Married,1,0,17,0,1,7,141.03,1.0,1.2,1-5 Yrs,Close (0-10km)
50837,0,8,Computer,1,10,Debit Card,Male,2,3,Laptop & Accessory,3,Single,2,1,11,1,1,1,142.49,1.0,1.2,4-12 Mos,Close (0-10km)
50838,0,24,Mobile,2,11,Debit Card,Male,2,3,Grocery,4,Married,2,1,11,1,4,10,240.26,1.0,1.2,1-5 Yrs,Moderate (11-20km)
50839,0,11,Mobile,3,8,Debit Card,Female,2,3,Laptop & Accessory,5,Married,4,0,15,0,1,7,168.93,1.0,1.2,4-12 Mos,Close (0-10km)
50840,0,7,Mobile,3,21,Credit Card,Female,3,3,Laptop & Accessory,5,Single,2,0,12,1,9,6,161.25,1.0,1.2,4-12 Mos,Far (21-50km)
50841,0,0,Mobile,1,25,Credit Card,Male,3,3,Mobile,2,Divorced,4,0,11,1,1,2,136.69,1.0,1.2,0-3 Mos (High Risk),Far (21-50km)
50842,1,20,Mobile,1,13,Credit Card,Female,2,4,Fashion,5,Divorced,8,1,14,4,5,9,200.08,1.0,1.2,1-5 Yrs,Moderate (11-20km)
50843,0,13,Mobile,1,13,Debit Card,Male,2,3,Mobile,4,Divorced,4,0,22,1,1,3,123.87,1.0,1.2,1-5 Yrs,Moderate (11-20km)
50844,0,9,Computer,3,13,E wallet,Female,2,1,Laptop & Accessory,5,Divorced,3,0,16,5,6,13,146.39,1.0,1.2,4-12 Mos,Moderate (11-20km)
50845,0,21,Mobile,1,10,Debit Card,Male,2,3,Fashion,2,Single,2,0,11,1,1,8,178.98,1.0,1.2,1-5 Yrs,Close (0-10km)
50846,0,0,Mobile,3,14,Credit Card,Female,3,1,Mobile,2,Divorced,9,0,14,1,1,0,125.34,1.0,1.2,0-3 Mos (High Risk),Moderate (11-20km)
50847,0,24,Mobile,1,17,Cash on Delivery,Female,2,4,Grocery,4,Single,4,0,16,0,1,3,231.42000000000002,1.0,1.2,1-5 Yrs,Moderate (11-20km)
50848,0,3,Computer,1,6,Debit Card,Female,3,3,Mobile,2,Single,2,0,15,1,1,0,116.11000000000001,1.0,1.2,0-3 Mos (High Risk),Close (0-10km)
50849,0,8,Mobile,1,6,Credit Card,Female,2,4,Laptop & Accessory,2,Divorced,1,0,12,1,1,0,153.63,1.0,1.2,4-12 Mos,Close (0-10km)
50850,0,0,Computer,3,8,Debit Card,Male,2,5,Laptop & Accessory,2,Single,4,0,20,1,1,0,150.71,1.0,1.2,0-3 Mos (High Risk),Close (0-10km)
50851,1,18,Mobile,3,19,E wallet,Male,2,1,Grocery,3,Single,7,1,17,2,4,8,236.95,1.0,1.2,1-5 Yrs,Moderate (11-20km)
50852,0,29,Mobile,1,29,Debit Card,Male,3,3,Grocery,4,Divorced,5,1,12,11,4,9,234.01999999999998,1.0,1.2,1-5 Yrs,Far (21-50km)
50853,0,3,Computer,1,32,Cash on Delivery,Female,3,4,Mobile,3,Married,2,0,20,1,1,0,120.28999999999999,1.0,1.2,0-3 Mos (High Risk),Far (21-50km)
50854,0,13,Mobile,1,8,Credit Card,Female,2,1,Laptop & Accessory,3,Married,6,0,20,5,11,8,163.77,1.0,1.2,1-5 Yrs,Close (0-10km)
50855,0,7,Mobile,1,35,Credit Card,Male,2,3,Laptop & Accessory,3,Divorced,5,0,13,0,7,7,154.29,1.0,1.2,4-12 Mos,Far (21-50km)
50856,1,0,Computer,3,8,Debit Card,Female,3,4,Mobile,2,Single,8,0,14,0,1,0,127.85,1.0,1.2,0-3 Mos (High Risk),Close (0-10km)
50857,1,0,Computer,3,24,E wallet,Female,3,3,Laptop & Accessory,3,Divorced,1,1,18,3,3,2,146.14,1.0,1.2,0-3 Mos (High Risk),Far (21-50km)
50858,0,11,Computer,1,13,Debit Card,Male,2,1,Mobile,3,Married,2,0,11,0,1,3,126.1,1.0,1.2,4-12 Mos,Moderate (11-20km)
50859,0,7,Mobile,1,8,Cash on Delivery,Female,3,3,Laptop & Accessory,2,Single,2,0,11,1,4,11,166.87,1.0,1.2,4-12 Mos,Close (0-10km)
50860,0,1,Mobile,3,32,Debit Card,Male,2,4,Laptop & Accessory,5,Divorced,2,0,11,1,1,4,147.24,1.0,1.2,0-3 Mos (High Risk),Far (21-50km)
50861,1,0,Mobile,1,28,Credit Card,Male,3,3,Laptop & Accessory,3,Divorced,2,1,15,3,6,7,161.79,2.0,2.4,0-3 Mos (High Risk),Far (21-50km)
50862,0,12,Mobile,3,27,Debit Card,Male,2,4,Laptop & Accessory,2,Divorced,4,1,12,0,1,4,161.2,1.0,1.2,4-12 Mos,Far (21-50km)
50863,0,24,Computer,3,8,E wallet,Male,2,3,Fashion,4,Divorced,3,0,11,0,3,2,205.96,1.0,1.2,1-5 Yrs,Close (0-10km)
50864,0,14,Computer,1,28,Debit Card,Female,3,3,Laptop & Accessory,2,Married,4,1,14,0,3,3,154.67,1.0,1.2,1-5 Yrs,Far (21-50km)
50865,0,10,Mobile,1,10,Debit Card,Male,3,3,Mobile,3,Divorced,8,1,15,1,1,3,129.96,1.0,1.2,4-12 Mos,Close (0-10km)
50866,0,6,Computer,3,11,Debit Card,Male,3,3,Laptop & Accessory,2,Divorced,7,0,13,1,1,2,199.98,1.0,1.2,4-12 Mos,Moderate (11-20km)
50867,0,5,Mobile,3,8,E wallet,Male,2,3,Laptop & Accessory,4,Divorced,1,1,13,0,1,2,140.78,1.0,1.2,4-12 Mos,Close (0-10km)
50868,0,12,Computer,1,31,Debit Card,Male,3,3,Fashion,3,Divorced,4,0,21,0,1,5,209.2,1.0,1.2,4-12 Mos,Far (21-50km)
50869,0,0,Mobile,3,24,Debit Card,Male,3,1,Laptop & Accessory,3,Divorced,3,0,11,0,1,2,162.32,1.0,1.2,0-3 Mos (High Risk),Far (21-50km)
50870,0,25,Computer,1,34,Credit Card,Female,2,1,Grocery,3,Divorced,3,1,11,0,4,2,232.47000000000003,1.0,1.2,1-5 Yrs,Far (21-50km)
50871,0,16,Mobile,1,12,Credit Card,Female,3,4,Laptop & Accessory,3,Single,2,1,14,1,1,8,140.81,1.0,1.2,1-5 Yrs,Moderate (11-20km)
50872,0,0,Mobile,3,16,E wallet,Female,3,4,Laptop & Accessory,2,Divorced,2,1,11,2,4,4,157.69,1.0,1.2,0-3 Mos (High Risk),Moderate (11-20km)
50873,1,0,Mobile,1,13,Debit Card,Female,2,3,Mobile,3,Single,2,1,13,3,7,7,123.94,2.0,2.4,0-3 Mos (High Risk),Moderate (11-20km)
50874,0,0,Mobile,1,8,Credit Card,Male,2,4,Mobile,2,Single,1,0,12,0,1,1,139.04,1.0,1.2,0-3 Mos (High Risk),Close (0-10km)
50875,0,15,Mobile,2,16,UPI,Female,2,3,Grocery,5,Divorced,1,0,14,1,1,9,267.99,1.0,1.2,1-5 Yrs,Moderate (11-20km)
50876,0,25,Mobile,1,14,UPI,Female,3,3,Mobile,5,Divorced,10,0,13,1,1,4,129.5,1.0,1.2,1-5 Yrs,Moderate (11-20km)
50877,0,10,Mobile,1,17,Credit Card,Female,3,3,Mobile,3,Single,5,0,18,0,1,2,136.29,1.0,1.2,4-12 Mos,Moderate (11-20km)
50878,0,8,Computer,1,24,Debit Card,Male,2,3,Fashion,2,Single,3,0,11,0,2,2,193.62,1.0,1.2,4-12 Mos,Far (21-50km)
50879,0,0,Mobile,1,6,Cash on Delivery,Male,2,3,Mobile,2,Divorced,5,0,11,1,1,2,132.29,1.0,1.2,0-3 Mos (High Risk),Close (0-10km)
50880,0,0,Mobile,1,13,UPI,Male,3,1,Mobile,5,Single,1,0,12,1,1,7,135.78,1.0,1.2,0-3 Mos (High Risk),Moderate (11-20km)
50881,0,2,Mobile,2,23,UPI,Male,2,4,Fashion,5,Single,2,0,13,0,1,9,179.88,1.0,1.2,0-3 Mos (High Risk),Far (21-50km)
50882,1,0,Computer,1,34,Debit Card,Male,3,4,Laptop & Accessory,5,Single,4,0,20,0,1,3,142.84,1.0,1.2,0-3 Mos (High Risk),Far (21-50km)
50883,1,0,Computer,1,20,UPI,Female,2,3,Fashion,2,Single,1,1,12,2,7,7,175.53,2.0,2.4,0-3 Mos (High Risk),Moderate (11-20km)
50884,0,27,Mobile,1,6,Credit Card,Female,2,3,Grocery,2,Single,7,0,19,1,12,7,273.28,1.0,1.2,1-5 Yrs,Close (0-10km)
50885,0,30,Mobile,1,6,Credit Card,Female,3,3,Others,5,Divorced,4,1,15,1,1,5,297.01,1.0,1.2,1-5 Yrs,Close (0-10km)
50886,0,28,Mobile,1,6,Credit Card,Male,2,1,Grocery,2,Married,3,0,13,1,4,0,247.32,1.0,1.2,1-5 Yrs,Close (0-10km)
50887,0,9,Mobile,3,9,E wallet,Female,2,3,Laptop & Accessory,4,Single,4,1,16,0,1,1,192.78,1.0,1.2,4-12 Mos,Close (0-10km)
50888,1,3,Computer,3,6,Debit Card,Female,2,5,Mobile,3,Single,2,0,12,1,1,0,113.59,1.0,1.2,0-3 Mos (High Risk),Close (0-10km)
50889,0,3,Mobile,3,13,E wallet,Female,3,3,Laptop & Accessory,5,Married,8,0,14,1,1,2,147.79,1.0,1.2,0-3 Mos (High Risk),Moderate (11-20km)
50890,0,4,Mobile,1,14,Debit Card,Female,3,3,Grocery,4,Single,4,0,11,1,1,0,264.22,1.0,1.2,4-12 Mos,Moderate (11-20km)
50891,0,7,Computer,1,6,UPI,Male,3,3,Mobile,5,Married,6,0,14,1,1,3,129.96,1.0,1.2,4-12 Mos,Close (0-10km)
50892,1,3,Mobile,1,14,Debit Card,Female,2,4,Mobile,4,Single,2,0,12,0,1,0,112.61000000000001,1.0,1.2,0-3 Mos (High Risk),Moderate (11-20km)
50893,0,3,Mobile,1,17,Debit Card,Male,3,3,Mobile,5,Divorced,1,0,14,1,1,4,120.99000000000001,1.0,1.2,0-3 Mos (High Risk),Moderate (11-20km)
50894,0,9,Mobile,1,10,Debit Card,Male,2,4,Laptop & Accessory,2,Single,2,0,16,1,1,8,158.1,1.0,1.2,4-12 Mos,Close (0-10km)
50895,0,9,Mobile,3,22,E wallet,Female,3,4,Laptop & Accessory,5,Divorced,5,0,13,1,1,2,156.47,1.0,1.2,4-12 Mos,Far (21-50km)
50896,0,20,Mobile,1,6,Cash on Delivery,Male,3,3,Mobile,2,Divorced,8,0,12,1,1,2,134.2,1.0,1.2,1-5 Yrs,Close (0-10km)
50897,1,0,Mobile,3,15,Debit Card,Male,3,4,Mobile,5,Divorced,4,0,12,1,2,2,144.0,1.0,1.2,0-3 Mos (High Risk),Moderate (11-20km)
50898,0,10,Computer,1,11,Cash on Delivery,Male,2,1,Mobile,3,Single,1,0,14,1,1,3,135.0,1.0,1.2,4-12 Mos,Moderate (11-20km)
50899,0,3,Mobile,1,6,Debit Card,Female,2,3,Mobile,5,Divorced,3,0,22,1,1,0,120.66,1.0,1.2,0-3 Mos (High Risk),Close (0-10km)
50900,0,20,Mobile,1,8,Credit Card,Female,2,3,Grocery,3,Divorced,4,0,19,1,5,6,271.69,1.0,1.2,1-5 Yrs,Close (0-10km)
50901,0,0,Mobile,3,10,Credit Card,Female,2,3,Laptop & Accessory,3,Divorced,2,1,12,1,1,3,141.62,1.0,1.2,0-3 Mos (High Risk),Close (0-10km)
50902,0,5,Mobile,3,13,E wallet,Male,3,3,Laptop & Accessory,2,Divorced,5,0,12,1,1,3,192.04,1.0,1.2,4-12 Mos,Moderate (11-20km)
50903,0,7,Mobile,1,6,Debit Card,Female,2,4,Mobile,4,Divorced,6,0,17,1,1,2,132.94,1.0,1.2,4-12 Mos,Close (0-10km)
50904,0,3,Mobile,1,11,Credit Card,Male,2,1,Mobile,3,Divorced,3,1,12,1,1,3,121.27000000000001,1.0,1.2,0-3 Mos (High Risk),Moderate (11-20km)
50905,0,13,Computer,1,15,UPI,Male,2,3,Laptop & Accessory,3,Married,4,0,11,1,1,7,139.75,1.0,1.2,1-5 Yrs,Moderate (11-20km)
50906,0,4,Mobile,3,14,Debit Card,Male,2,3,Fashion,2,Married,2,0,18,2,9,9,207.93,1.0,1.2,4-12 Mos,Moderate (11-20km)
50907,1,9,Mobile,3,15,E wallet,Male,2,3,Fashion,1,Married,5,0,11,0,4,3,200.96,1.0,1.2,4-12 Mos,Moderate (11-20km)
50908,1,2,Computer,1,8,Debit Card,Female,2,4,Mobile,5,Single,3,1,23,0,1,0,136.46,1.0,1.2,0-3 Mos (High Risk),Close (0-10km)
50909,1,0,Computer,1,6,Debit Card,Female,3,1,Fashion,4,Single,2,0,11,3,4,7,174.46,1.0,1.2,0-3 Mos (High Risk),Close (0-10km)
50910,0,18,Mobile,1,26,Credit Card,Male,3,5,Fashion,5,Married,3,1,18,0,1,7,208.51,1.0,1.2,1-5 Yrs,Far (21-50km)
50911,0,3,Mobile,2,14,Credit Card,Female,3,1,Mobile,4,Single,10,0,18,0,1,2,121.09,1.0,1.2,0-3 Mos (High Risk),Moderate (11-20km)
50912,1,0,Computer,1,8,Debit Card,Male,3,3,Mobile,1,Divorced,7,1,13,2,2,2,137.22,1.0,1.2,0-3 Mos (High Risk),Close (0-10km)
50913,0,18,Mobile,1,35,Cash on Delivery,Male,2,3,Fashion,1,Divorced,5,1,18,1,1,2,193.8,1.0,1.2,1-5 Yrs,Far (21-50km)
50914,0,21,Mobile,3,13,E wallet,Male,3,3,Laptop & Accessory,5,Married,5,0,11,1,2,2,154.86,1.0,1.2,1-5 Yrs,Moderate (11-20km)
50915,1,0,Mobile,2,15,Cash on Delivery,Female,3,3,Mobile,3,Divorced,2,0,15,1,2,2,127.41999999999999,1.0,1.2,0-3 Mos (High Risk),Moderate (11-20km)
50916,0,13,Computer,1,14,Credit Card,Male,2,4,Fashion,4,Married,3,0,11,1,2,8,237.57,1.0,1.2,1-5 Yrs,Moderate (11-20km)
50917,0,1,Mobile,3,11,Credit Card,Male,2,3,Laptop & Accessory,5,Single,1,0,18,1,1,3,184.63,1.0,1.2,0-3 Mos (High Risk),Moderate (11-20km)
50918,0,17,Computer,1,11,Debit Card,Male,3,4,Mobile,3,Single,4,0,14,0,1,3,131.62,1.0,1.2,1-5 Yrs,Moderate (11-20km)
50919,0,26,Mobile,1,8,Credit Card,Male,2,1,Grocery,4,Single,5,0,12,1,8,8,265.98,1.0,1.2,1-5 Yrs,Close (0-10km)
50920,0,22,Mobile,1,11,Cash on Delivery,Male,3,3,Laptop & Accessory,3,Divorced,3,0,14,0,1,2,166.51,1.0,1.2,1-5 Yrs,Moderate (11-20km)
50921,0,13,Mobile,1,13,Credit Card,Male,3,3,Mobile,3,Married,3,0,14,0,1,2,123.44999999999999,1.0,1.2,1-5 Yrs,Moderate (11-20km)
50922,0,17,Mobile,1,26,Debit Card,Male,2,3,Mobile,4,Single,2,0,13,1,1,3,134.2,1.0,1.2,1-5 Yrs,Far (21-50km)
50923,0,6,Computer,3,13,Credit Card,Male,2,3,Laptop & Accessory,5,Divorced,1,0,14,0,1,3,143.73,1.0,1.2,4-12 Mos,Moderate (11-20km)
50924,0,7,Mobile,3,9,UPI,Male,2,5,Laptop & Accessory,5,Single,4,0,18,2,3,12,147.59,1.0,1.2,4-12 Mos,Close (0-10km)
50925,0,3,Mobile,3,22,Debit Card,Male,3,3,Laptop & Accessory,3,Divorced,9,0,15,0,2,2,153.01,1.0,1.2,0-3 Mos (High Risk),Far (21-50km)
50926,0,15,Computer,1,15,Credit Card,Female,3,3,Mobile,1,Single,2,0,13,4,5,8,136.73,1.0,1.2,1-5 Yrs,Moderate (11-20km)
50927,0,17,Computer,3,6,E wallet,Female,3,3,Laptop & Accessory,3,Divorced,8,0,12,1,1,0,147.68,1.0,1.2,1-5 Yrs,Close (0-10km)
50928,0,3,Computer,1,13,Cash on Delivery,Male,3,3,Mobile,3,Married,2,0,13,0,1,0,112.74000000000001,1.0,1.2,0-3 Mos (High Risk),Moderate (11-20km)
50929,0,50,Mobile,1,6,Debit Card,Male,3,1,Laptop & Accessory,3,Divorced,1,0,24,1,2,8,149.0,1.0,1.2,1-5 Yrs,Close (0-10km)
50930,0,22,Mobile,1,13,Debit Card,Male,2,3,Fashion,4,Married,4,0,14,0,1,7,204.66,1.0,1.2,1-5 Yrs,Moderate (11-20km)
50931,0,7,Computer,1,21,Credit Card,Male,3,3,Grocery,5,Married,8,0,14,1,6,9,270.07,1.0,1.2,4-12 Mos,Far (21-50km)
50932,1,0,Computer,3,6,Cash on Delivery,Male,3,3,Mobile,3,Divorced,4,0,15,1,1,2,129.09,1.0,1.2,0-3 Mos (High Risk),Close (0-10km)
50933,1,0,Computer,3,19,Cash on Delivery,Female,2,3,Laptop & Accessory,4,Single,6,0,11,0,1,0,157.65,1.0,1.2,0-3 Mos (High Risk),Moderate (11-20km)
50934,1,0,Mobile,3,30,Credit Card,Female,2,4,Laptop & Accessory,4,Single,1,1,23,2,10,10,145.99,2.0,2.4,0-3 Mos (High Risk),Far (21-50km)
50935,0,8,Mobile,3,14,Debit Card,Male,3,3,Mobile,3,Divorced,2,0,13,1,1,0,124.03999999999999,1.0,1.2,4-12 Mos,Moderate (11-20km)
50936,1,0,Computer,1,15,Credit Card,Male,2,3,Mobile,5,Single,3,1,11,0,1,0,131.72,1.0,1.2,0-3 Mos (High Risk),Moderate (11-20km)
50937,0,3,Computer,3,19,Debit Card,Female,3,3,Mobile,4,Divorced,2,0,13,0,1,0,120.33000000000001,1.0,1.2,0-3 Mos (High Risk),Moderate (11-20km)
50938,0,17,Computer,1,8,Credit Card,Male,2,3,Fashion,3,Single,6,1,18,0,2,2,202.09,1.0,1.2,1-5 Yrs,Close (0-10km)
50939,0,2,Mobile,3,25,Debit Card,Male,3,4,Laptop & Accessory,3,Married,2,0,14,1,1,4,186.2,1.0,1.2,0-3 Mos (High Risk),Far (21-50km)
50940,0,3,Mobile,2,6,Debit Card,Male,2,3,Mobile,3,Married,1,0,21,0,1,3,120.63999999999999,1.0,1.2,0-3 Mos (High Risk),Close (0-10km)
50941,0,28,Mobile,1,10,Debit Card,Male,1,3,Laptop & Accessory,3,Divorced,1,1,16,0,1,2,140.35,1.0,1.2,1-5 Yrs,Close (0-10km)
50942,0,6,Mobile,1,10,Credit Card,Female,2,4,Mobile,4,Divorced,9,0,11,0,1,2,138.38,1.0,1.2,4-12 Mos,Close (0-10km)
50943,0,20,Mobile,3,20,Credit Card,Female,3,3,Laptop & Accessory,3,Divorced,4,1,17,1,1,2,145.91,1.0,1.2,1-5 Yrs,Moderate (11-20km)
50944,1,0,Computer,1,13,Credit Card,Male,2,4,Mobile,5,Single,8,0,11,0,1,0,125.61000000000001,1.0,1.2,0-3 Mos (High Risk),Moderate (11-20km)
50945,0,3,Mobile,1,6,Debit Card,Male,3,4,Mobile,3,Married,2,0,14,0,1,0,115.63,1.0,1.2,0-3 Mos (High Risk),Close (0-10km)
50946,0,1,Computer,3,13,Debit Card,Male,2,3,Laptop & Accessory,5,Single,1,0,14,1,1,3,148.98,1.0,1.2,0-3 Mos (High Risk),Moderate (11-20km)
50947,0,22,Mobile,1,9,Credit Card,Female,2,4,Laptop & Accessory,5,Divorced,5,0,25,1,1,2,147.89,1.0,1.2,1-5 Yrs,Close (0-10km)
50948,0,2,Computer,1,8,Debit Card,Female,3,3,Mobile,4,Divorced,1,0,13,0,1,2,131.8,1.0,1.2,0-3 Mos (High Risk),Close (0-10km)
50949,0,1,Mobile,1,35,Debit Card,Male,3,5,Laptop & Accessory,4,Divorced,2,0,14,1,1,7,165.49,1.0,1.2,0-3 Mos (High Risk),Far (21-50km)
50950,0,6,Mobile,1,14,Debit Card,Male,3,3,Laptop & Accessory,3,Single,3,1,17,0,1,0,163.88,1.0,1.2,4-12 Mos,Moderate (11-20km)
50951,0,5,Mobile,1,16,Credit Card,Male,0,3,Fashion,1,Single,3,0,25,0,1,3,212.44,1.0,1.2,4-12 Mos,Moderate (11-20km)
50952,0,27,Computer,1,17,Credit Card,Female,2,3,Grocery,1,Married,4,0,20,1,4,12,260.32,1.0,1.2,1-5 Yrs,Moderate (11-20km)
50953,1,0,Mobile,1,13,Cash on Delivery,Male,3,4,Mobile,5,Single,7,0,13,0,1,7,123.62,1.0,1.2,0-3 Mos (High Risk),Moderate (11-20km)
50954,0,17,Mobile,1,34,Debit Card,Male,2,3,Grocery,5,Divorced,4,0,13,1,14,17,263.28,1.0,1.2,1-5 Yrs,Far (21-50km)
50955,0,12,Mobile,1,12,Debit Card,Female,2,3,Fashion,4,Single,5,0,18,0,2,2,183.76,1.0,1.2,4-12 Mos,Moderate (11-20km)
50956,0,19,Mobile,3,9,Debit Card,Female,2,3,Grocery,4,Divorced,9,0,12,1,5,1,266.06,1.0,1.2,1-5 Yrs,Close (0-10km)
50957,0,8,Mobile,1,22,Debit Card,Female,3,4,Fashion,4,Single,2,0,19,1,3,3,186.06,1.0,1.2,4-12 Mos,Far (21-50km)
50958,0,8,Mobile,1,26,Debit Card,Male,3,3,Laptop & Accessory,3,Single,1,0,14,1,1,2,122.72,1.0,1.2,4-12 Mos,Far (21-50km)
50959,1,3,Mobile,1,15,Debit Card,Male,2,3,Mobile,5,Single,4,0,14,1,1,0,120.18,1.0,1.2,0-3 Mos (High Risk),Moderate (11-20km)
50960,0,7,Mobile,3,6,Cash on Delivery,Male,3,4,Fashion,3,Divorced,2,1,14,7,8,6,170.83,2.0,2.4,4-12 Mos,Close (0-10km)
50961,1,0,Computer,1,9,Debit Card,Female,2,3,Mobile,3,Single,2,0,12,6,7,7,140.84,1.0,1.2,0-3 Mos (High Risk),Close (0-10km)
50962,0,23,Computer,1,28,Credit Card,Male,2,5,Grocery,1,Single,2,1,13,13,4,9,244.11,1.0,1.2,1-5 Yrs,Far (21-50km)
50963,0,3,Mobile,3,13,Cash on Delivery,Male,2,3,Mobile,3,Married,1,1,25,0,5,7,123.08000000000001,1.0,1.2,0-3 Mos (High Risk),Moderate (11-20km)
50964,0,15,Mobile,1,8,Credit Card,Male,3,4,Mobile,4,Married,5,0,14,1,1,0,148.41,1.0,1.2,1-5 Yrs,Close (0-10km)
50965,0,10,Mobile,1,19,Credit Card,Male,2,3,Laptop & Accessory,1,Married,2,0,17,0,3,7,142.85,1.0,1.2,4-12 Mos,Moderate (11-20km)
50966,0,2,Mobile,1,14,UPI,Female,2,5,Laptop & Accessory,5,Married,4,0,13,0,1,7,197.15,1.0,1.2,0-3 Mos (High Risk),Moderate (11-20km)
50967,0,6,Mobile,1,31,Debit Card,Male,2,4,Laptop & Accessory,4,Single,2,0,13,0,1,2,143.2,1.0,1.2,4-12 Mos,Far (21-50km)
50968,0,3,Mobile,1,34,Cash on Delivery,Male,3,3,Mobile,1,Married,5,0,20,1,1,3,121.32,1.0,1.2,0-3 Mos (High Risk),Far (21-50km)
50969,0,15,Computer,1,8,Debit Card,Male,2,3,Fashion,1,Married,3,1,14,12,13,9,201.24,3.0,3.5999999999999996,1-5 Yrs,Close (0-10km)
50970,0,13,Mobile,3,15,Credit Card,Male,2,3,Laptop & Accessory,5,Married,1,0,12,2,7,1,154.73,1.0,1.2,1-5 Yrs,Moderate (11-20km)
50971,0,6,Mobile,1,34,Debit Card,Male,3,3,Laptop & Accessory,3,Married,2,1,12,1,5,7,152.07,1.0,1.2,4-12 Mos,Far (21-50km)
50972,0,13,Mobile,2,12,Credit Card,Male,2,3,Grocery,1,Single,2,1,21,1,7,7,264.37,2.0,2.4,1-5 Yrs,Moderate (11-20km)
50973,0,3,Mobile,1,27,Cash on Delivery,Male,2,4,Mobile,5,Married,1,0,14,0,1,0,122.96000000000001,1.0,1.2,0-3 Mos (High Risk),Far (21-50km)
50974,0,13,Computer,1,14,Debit Card,Male,3,3,Laptop & Accessory,1,Married,4,1,18,2,2,2,140.69,1.0,1.2,1-5 Yrs,Moderate (11-20km)
50975,0,18,Mobile,1,6,Cash on Delivery,Male,3,3,Fashion,4,Married,2,0,12,6,7,7,174.41,1.0,1.2,1-5 Yrs,Close (0-10km)
50976,0,8,Mobile,3,14,Debit Card,Female,3,4,Mobile,3,Married,1,0,23,2,4,2,124.30000000000001,1.0,1.2,4-12 Mos,Moderate (11-20km)
50977,0,5,Mobile,1,11,Debit Card,Female,3,4,Laptop & Accessory,4,Married,4,0,12,1,2,5,158.78,1.0,1.2,4-12 Mos,Moderate (11-20km)
50978,0,9,Mobile,3,14,Debit Card,Male,3,3,Mobile,1,Single,4,1,21,0,1,2,126.44,1.0,1.2,4-12 Mos,Moderate (11-20km)
50979,0,21,Mobile,3,22,Debit Card,Female,3,3,Laptop & Accessory,3,Married,9,0,14,1,7,7,164.39,1.0,1.2,1-5 Yrs,Far (21-50km)
50980,0,2,Mobile,1,13,Debit Card,Male,3,1,Mobile,3,Married,7,0,18,1,1,0,124.50999999999999,1.0,1.2,0-3 Mos (High Risk),Moderate (11-20km)
50981,0,6,Mobile,3,14,Debit Card,Male,2,3,Laptop & Accessory,5,Married,3,0,13,2,2,2,163.92,1.0,1.2,4-12 Mos,Moderate (11-20km)
50982,1,0,Mobile,3,6,Debit Card,Male,3,4,Laptop & Accessory,5,Married,2,0,11,3,6,7,197.14,1.0,1.2,0-3 Mos (High Risk),Close (0-10km)
50983,0,11,Computer,2,16,UPI,Male,3,3,Laptop & Accessory,3,Married,4,0,11,0,1,2,160.77,1.0,1.2,4-12 Mos,Moderate (11-20km)
50984,0,8,Mobile,1,13,Credit Card,Male,3,4,Mobile,5,Single,2,0,19,0,1,2,124.5,1.0,1.2,4-12 Mos,Moderate (11-20km)
50985,0,3,Mobile,3,35,Cash on Delivery,Male,2,3,Fashion,4,Married,4,0,12,0,1,3,192.5,1.0,1.2,0-3 Mos (High Risk),Far (21-50km)
50986,1,3,Mobile,1,8,Debit Card,Female,3,3,Mobile,5,Married,2,1,12,1,1,0,120.74000000000001,1.0,1.2,0-3 Mos (High Risk),Close (0-10km)
50987,1,16,Mobile,1,8,Cash on Delivery,Female,3,4,Fashion,1,Married,1,0,16,1,1,9,201.69,1.0,1.2,1-5 Yrs,Close (0-10km)
50988,1,1,Mobile,1,8,Credit Card,Male,2,3,Laptop & Accessory,4,Married,5,0,11,0,1,4,148.55,1.0,1.2,0-3 Mos (High Risk),Close (0-10km)
50989,0,5,Computer,1,6,Cash on Delivery,Male,3,3,Laptop & Accessory,5,Married,5,0,14,1,1,2,140.87,1.0,1.2,4-12 Mos,Close (0-10km)
50990,0,21,Mobile,1,13,UPI,Female,3,3,Mobile,5,Married,9,0,12,7,7,6,123.66999999999999,1.0,1.2,1-5 Yrs,Moderate (11-20km)
50991,0,7,Mobile,1,13,Credit Card,Male,3,3,Mobile,1,Single,2,0,13,0,1,0,129.72,1.0,1.2,4-12 Mos,Moderate (11-20km)
50992,0,28,Mobile,3,32,E wallet,Male,2,4,Others,1,Married,2,0,15,2,2,13,295.86,1.0,1.2,1-5 Yrs,Far (21-50km)
50993,0,7,Mobile,1,6,Debit Card,Male,2,3,Laptop & Accessory,1,Married,10,0,17,1,2,1,154.84,1.0,1.2,4-12 Mos,Close (0-10km)
50994,0,3,Mobile,1,9,Debit Card,Female,2,3,Mobile,1,Married,2,0,21,1,1,0,120.61000000000001,1.0,1.2,0-3 Mos (High Risk),Close (0-10km)
50995,0,11,Mobile,3,20,Debit Card,Male,3,3,Laptop & Accessory,4,Married,1,0,11,5,7,7,199.24,1.0,1.2,4-12 Mos,Moderate (11-20km)
50996,0,11,Mobile,3,22,Debit Card,Female,2,3,Laptop & Accessory,4,Single,3,0,12,0,1,2,141.98,1.0,1.2,4-12 Mos,Far (21-50km)
50997,0,9,Mobile,3,6,Debit Card,Female,3,3,Laptop & Accessory,3,Single,7,0,13,1,1,0,168.15,1.0,1.2,4-12 Mos,Close (0-10km)
50998,0,2,Mobile,1,9,Credit Card,Male,2,3,Mobile,5,Single,2,1,18,0,1,5,147.23,1.0,1.2,0-3 Mos (High Risk),Close (0-10km)
50999,0,8,Mobile,1,16,Credit Card,Female,2,3,Laptop & Accessory,3,Single,4,1,16,1,1,4,161.42,1.0,1.2,4-12 Mos,Moderate (11-20km)
51000,0,12,Mobile,3,12,Credit Card,Male,2,1,Fashion,3,Married,3,0,11,4,7,6,182.37,1.0,1.2,4-12 Mos,Moderate (11-20km)
51001,0,2,Computer,1,8,Debit Card,Male,2,3,Laptop & Accessory,1,Married,2,0,19,0,1,3,188.53,1.0,1.2,0-3 Mos (High Risk),Close (0-10km)
51002,0,23,Mobile,3,5,E wallet,Male,2,3,Others,3,Married,5,1,15,0,1,0,293.31,1.0,1.2,1-5 Yrs,Close (0-10km)
51003,0,3,Mobile,1,16,Cash on Delivery,Male,2,1,Mobile,3,Married,3,0,16,2,2,2,120.72999999999999,1.0,1.2,0-3 Mos (High Risk),Moderate (11-20km)
51004,0,9,Computer,1,12,Debit Card,Male,3,1,Laptop & Accessory,5,Married,4,1,13,1,1,2,155.62,1.0,1.2,4-12 Mos,Moderate (11-20km)
51005,0,15,Mobile,1,15,UPI,Male,3,4,Others,1,Single,9,0,15,1,1,1,296.13,1.0,1.2,1-5 Yrs,Moderate (11-20km)
51006,0,8,Mobile,1,34,Debit Card,Male,2,1,Laptop & Accessory,3,Married,2,0,17,5,6,8,134.07,1.0,1.2,4-12 Mos,Far (21-50km)
51007,0,7,Computer,1,16,Cash on Delivery,Male,3,4,Laptop & Accessory,3,Married,2,0,14,2,7,7,150.63,1.0,1.2,4-12 Mos,Moderate (11-20km)
51008,0,13,Mobile,3,20,Debit Card,Female,2,3,Laptop & Accessory,5,Married,2,0,15,0,1,2,146.39,1.0,1.2,1-5 Yrs,Moderate (11-20km)
51009,0,16,Mobile,1,33,Cash on Delivery,Male,2,1,Mobile,4,Married,6,0,12,1,1,2,148.76,1.0,1.2,1-5 Yrs,Far (21-50km)
51010,0,8,Mobile,1,13,Debit Card,Male,3,4,Mobile,1,Married,2,0,18,1,1,1,126.9,1.0,1.2,4-12 Mos,Moderate (11-20km)
51011,0,19,Mobile,3,6,Debit Card,Male,2,1,Grocery,5,Single,2,0,15,1,1,12,275.67,1.0,1.2,1-5 Yrs,Close (0-10km)
51012,1,0,Mobile,1,13,Credit Card,Male,2,3,Mobile,4,Married,2,1,17,0,1,0,124.08000000000001,1.0,1.2,0-3 Mos (High Risk),Moderate (11-20km)
51013,0,0,Computer,1,32,UPI,Female,3,4,Mobile,3,Married,2,1,14,0,1,3,128.14,1.0,1.2,0-3 Mos (High Risk),Far (21-50km)
51014,0,23,Computer,1,26,Credit Card,Male,2,3,Grocery,3,Married,3,1,15,3,12,3,212.45,3.0,3.5999999999999996,1-5 Yrs,Far (21-50km)
51015,0,5,Mobile,1,11,UPI,Female,2,1,Mobile,1,Married,4,0,17,1,1,2,133.12,1.0,1.2,4-12 Mos,Moderate (11-20km)
51016,0,17,Mobile,1,13,Credit Card,Female,2,3,Others,1,Married,1,1,14,1,1,10,290.49,1.0,1.2,1-5 Yrs,Moderate (11-20km)
51017,0,3,Mobile,1,13,Credit Card,Male,2,4,Mobile,4,Married,2,0,12,0,1,1,121.41,1.0,1.2,0-3 Mos (High Risk),Moderate (11-20km)
51018,0,18,Mobile,1,11,Credit Card,Female,2,5,Laptop & Accessory,5,Single,2,1,14,1,1,4,157.69,1.0,1.2,1-5 Yrs,Moderate (11-20km)
51019,0,18,Computer,3,32,E wallet,Male,2,4,Laptop & Accessory,5,Married,2,0,15,0,4,5,143.85,1.0,1.2,1-5 Yrs,Far (21-50km)
51020,0,4,Computer,3,8,UPI,Male,2,3,Laptop & Accessory,5,Single,8,0,13,0,1,3,153.32,1.0,1.2,4-12 Mos,Close (0-10km)
51021,0,9,Mobile,1,18,Debit Card,Female,3,3,Laptop & Accessory,3,Married,10,1,12,0,1,1,146.63,1.0,1.2,4-12 Mos,Moderate (11-20km)
51022,0,7,Computer,1,16,Debit Card,Male,2,1,Laptop & Accessory,1,Married,2,0,13,5,7,2,147.24,1.0,1.2,4-12 Mos,Moderate (11-20km)
51023,0,22,Mobile,1,31,Debit Card,Female,2,3,Mobile,5,Married,2,0,14,0,1,4,132.11,1.0,1.2,1-5 Yrs,Far (21-50km)
51024,0,12,Mobile,1,16,Credit Card,Male,3,3,Laptop & Accessory,5,Married,3,0,13,4,7,7,153.77,1.0,1.2,4-12 Mos,Moderate (11-20km)
51025,0,0,Mobile,1,25,UPI,Male,3,4,Mobile,5,Married,2,0,11,0,1,7,140.66,1.0,1.2,0-3 Mos (High Risk),Far (21-50km)
51026,0,8,Mobile,1,24,Debit Card,Male,2,1,Laptop & Accessory,5,Married,2,0,11,0,1,10,152.08,1.0,1.2,4-12 Mos,Far (21-50km)
51027,0,1,Mobile,1,33,Credit Card,Female,2,5,Laptop & Accessory,5,Married,1,0,21,1,1,0,0.0,1.0,1.2,0-3 Mos (High Risk),Far (21-50km)
51028,0,0,Mobile,1,11,Credit Card,Male,3,3,Mobile,1,Single,2,0,18,1,2,2,131.17,1.0,1.2,0-3 Mos (High Risk),Moderate (11-20km)
51029,1,3,Computer,3,9,Credit Card,Female,3,3,Mobile,1,Single,2,1,12,0,1,0,115.69,1.0,1.2,0-3 Mos (High Risk),Close (0-10km)
51030,0,20,Mobile,2,32,Debit Card,Female,3,3,Others,3,Married,4,0,15,1,1,0,296.58,1.0,1.2,1-5 Yrs,Far (21-50km)
51031,0,12,Mobile,1,9,Credit Card,Male,3,4,Laptop & Accessory,3,Married,1,0,15,0,1,7,130.69,1.0,1.2,4-12 Mos,Close (0-10km)
51032,0,13,Mobile,1,21,Debit Card,Female,3,4,Fashion,3,Married,2,0,13,1,14,12,204.35,1.0,1.2,1-5 Yrs,Far (21-50km)
51033,0,8,Computer,1,14,Debit Card,Female,2,3,Laptop & Accessory,3,Married,2,0,12,2,2,9,141.48,1.0,1.2,4-12 Mos,Moderate (11-20km)
51034,0,10,Mobile,1,25,Debit Card,Male,2,3,Laptop & Accessory,3,Married,4,0,17,0,1,2,157.68,1.0,1.2,4-12 Mos,Far (21-50km)
51035,0,12,Computer,1,10,Credit Card,Female,2,3,Laptop & Accessory,3,Single,1,0,13,3,3,8,150.42,1.0,1.2,4-12 Mos,Close (0-10km)
51036,0,18,Mobile,1,8,UPI,Female,2,4,Laptop & Accessory,1,Married,2,0,19,2,3,9,157.7,1.0,1.2,1-5 Yrs,Close (0-10km)
51037,0,11,Mobile,1,8,Credit Card,Female,2,4,Fashion,3,Married,4,1,19,1,1,2,177.56,1.0,1.2,4-12 Mos,Close (0-10km)
51038,1,0,Mobile,3,16,Credit Card,Male,2,4,Fashion,5,Married,10,0,17,4,6,0,203.06,1.0,1.2,0-3 Mos (High Risk),Moderate (11-20km)
51039,0,10,Mobile,1,16,Credit Card,Female,3,3,Mobile,4,Married,2,0,11,1,7,7,139.36,1.0,1.2,4-12 Mos,Moderate (11-20km)
51040,0,13,Mobile,1,22,Debit Card,Female,2,3,Fashion,1,Single,7,1,15,1,3,3,179.45,1.0,1.2,1-5 Yrs,Far (21-50km)
51041,0,17,Computer,2,6,UPI,Male,2,3,Laptop & Accessory,1,Married,5,1,11,1,1,2,157.43,1.0,1.2,1-5 Yrs,Close (0-10km)
51042,0,21,Computer,1,10,Credit Card,Male,2,4,Grocery,1,Married,3,0,25,2,4,2,252.01999999999998,1.0,1.2,1-5 Yrs,Close (0-10km)
51043,1,0,Mobile,3,21,Credit Card,Male,2,5,Laptop & Accessory,1,Married,7,1,14,1,2,2,154.4,1.0,1.2,0-3 Mos (High Risk),Far (21-50km)
51044,0,0,Computer,1,8,Cash on Delivery,Female,2,3,Mobile,1,Single,2,1,13,1,1,3,137.6,1.0,1.2,0-3 Mos (High Risk),Close (0-10km)
51045,0,0,Mobile,1,14,Credit Card,Female,2,1,Mobile,3,Married,8,0,17,0,1,2,135.17,1.0,1.2,0-3 Mos (High Risk),Moderate (11-20km)
51046,0,0,Computer,1,13,Credit Card,Male,2,3,Mobile,1,Single,3,0,13,0,1,2,125.80000000000001,1.0,1.2,0-3 Mos (High Risk),Moderate (11-20km)
51047,1,3,Mobile,1,13,Debit Card,Male,3,3,Mobile,5,Single,4,1,14,0,1,3,121.66,1.0,1.2,0-3 Mos (High Risk),Moderate (11-20km)
51048,0,2,Mobile,3,16,Credit Card,Male,2,4,Laptop & Accessory,3,Single,10,0,11,1,1,4,158.69,1.0,1.2,0-3 Mos (High Risk),Moderate (11-20km)
51049,0,9,Mobile,1,11,Debit Card,Female,2,3,Fashion,5,Married,5,0,12,1,1,2,180.08,1.0,1.2,4-12 Mos,Moderate (11-20km)
51050,0,0,Computer,1,8,Debit Card,Male,3,1,Laptop & Accessory,3,Married,2,0,17,0,1,7,152.06,1.0,1.2,0-3 Mos (High Risk),Close (0-10km)
51051,0,12,Mobile,1,18,Credit Card,Male,3,3,Laptop & Accessory,4,Married,5,0,21,1,1,0,152.95,1.0,1.2,4-12 Mos,Moderate (11-20km)
51052,0,22,Mobile,1,28,UPI,Female,3,3,Grocery,4,Married,4,0,16,1,1,2,264.13,1.0,1.2,1-5 Yrs,Far (21-50km)
51053,0,23,Mobile,1,23,Debit Card,Female,2,4,Fashion,5,Married,6,0,15,1,2,11,232.69,1.0,1.2,1-5 Yrs,Far (21-50km)
51054,0,0,Mobile,3,8,Credit Card,Female,3,3,Mobile,3,Single,2,0,19,0,2,2,127.83000000000001,1.0,1.2,0-3 Mos (High Risk),Close (0-10km)
51055,0,7,Mobile,1,9,Debit Card,Female,3,3,Laptop & Accessory,4,Married,2,0,12,7,7,9,154.33,1.0,1.2,4-12 Mos,Close (0-10km)
51056,0,3,Mobile,1,13,Debit Card,Male,3,3,Mobile,4,Single,3,0,11,0,1,3,120.13,1.0,1.2,0-3 Mos (High Risk),Moderate (11-20km)
51057,0,22,Mobile,1,12,Debit Card,Female,2,4,Grocery,3,Married,3,1,19,1,4,12,239.66000000000003,1.0,1.2,1-5 Yrs,Moderate (11-20km)
51058,0,9,Computer,1,6,Credit Card,Female,2,4,Laptop & Accessory,3,Married,1,0,15,1,1,2,143.74,1.0,1.2,4-12 Mos,Close (0-10km)
51059,0,9,Mobile,1,9,Debit Card,Male,3,1,Laptop & Accessory,5,Married,7,0,20,1,1,4,168.42,1.0,1.2,4-12 Mos,Close (0-10km)
51060,0,27,Mobile,1,28,Credit Card,Female,3,3,Grocery,3,Married,4,0,25,1,4,7,274.26,1.0,1.2,1-5 Yrs,Far (21-50km)
51061,0,16,Mobile,1,21,Debit Card,Male,3,4,Grocery,3,Married,2,0,24,1,6,11,276.03,1.0,1.2,1-5 Yrs,Far (21-50km)
51062,1,0,Computer,3,18,UPI,Male,2,3,Laptop & Accessory,1,Single,4,1,24,3,6,7,145.81,2.0,2.4,0-3 Mos (High Risk),Moderate (11-20km)
51063,0,11,Computer,1,6,Debit Card,Male,2,3,Laptop & Accessory,1,Married,8,0,15,2,2,9,147.35,1.0,1.2,4-12 Mos,Close (0-10km)
51064,0,2,Mobile,3,11,Credit Card,Male,2,4,Laptop & Accessory,4,Married,2,1,13,0,1,9,141.87,1.0,1.2,0-3 Mos (High Risk),Moderate (11-20km)
51065,0,6,Mobile,3,8,Credit Card,Male,3,3,Laptop & Accessory,1,Married,2,0,14,1,1,4,155.05,1.0,1.2,4-12 Mos,Close (0-10km)
51066,0,5,Mobile,1,8,Credit Card,Male,2,3,Laptop & Accessory,4,Married,1,0,13,0,1,6,154.7,1.0,1.2,4-12 Mos,Close (0-10km)
51067,0,4,Mobile,3,11,Debit Card,Female,3,3,Laptop & Accessory,1,Married,2,0,11,0,1,2,154.76,1.0,1.2,4-12 Mos,Moderate (11-20km)
51068,0,22,Mobile,1,13,Credit Card,Female,3,3,Mobile,5,Married,5,1,16,1,2,2,125.87,1.0,1.2,1-5 Yrs,Moderate (11-20km)
51069,0,11,Computer,1,13,Credit Card,Female,2,4,Mobile,4,Single,2,0,22,1,3,3,124.4,1.0,1.2,4-12 Mos,Moderate (11-20km)
51070,0,20,Mobile,3,8,Debit Card,Female,2,1,Grocery,4,Married,7,0,14,0,4,2,259.72,1.0,1.2,1-5 Yrs,Close (0-10km)
51071,0,22,Mobile,1,6,Debit Card,Male,2,3,Grocery,3,Single,5,0,14,1,4,0,253.79000000000002,1.0,1.2,1-5 Yrs,Close (0-10km)
51072,0,14,Mobile,3,29,Debit Card,Male,3,3,Fashion,3,Single,4,1,16,0,1,2,170.82,1.0,1.2,1-5 Yrs,Far (21-50km)
51073,0,0,Mobile,3,15,Debit Card,Male,3,3,Mobile,5,Single,2,0,11,0,1,2,127.28,1.0,1.2,0-3 Mos (High Risk),Moderate (11-20km)
51074,0,6,Computer,3,22,Debit Card,Female,2,3,Laptop & Accessory,1,Married,2,1,25,0,1,2,153.68,1.0,1.2,4-12 Mos,Far (21-50km)
51075,0,9,Mobile,1,32,Debit Card,Male,3,3,Laptop & Accessory,3,Married,7,0,14,1,1,2,153.47,1.0,1.2,4-12 Mos,Far (21-50km)
51076,0,17,Mobile,2,6,Debit Card,Female,2,3,Mobile,1,Married,5,1,18,2,2,2,131.95,1.0,1.2,1-5 Yrs,Close (0-10km)
51077,1,0,Mobile,1,14,Credit Card,Male,3,4,Mobile,3,Single,2,1,11,1,1,2,139.89,1.0,1.2,0-3 Mos (High Risk),Moderate (11-20km)
51078,0,11,Mobile,1,10,Credit Card,Female,2,3,Mobile,3,Married,8,0,19,0,1,0,133.06,1.0,1.2,4-12 Mos,Close (0-10km)
51079,0,26,Mobile,1,30,Credit Card,Male,2,1,Fashion,1,Married,4,0,15,0,1,2,170.05,1.0,1.2,1-5 Yrs,Far (21-50km)
51080,1,11,Computer,3,14,Credit Card,Female,3,3,Mobile,3,Married,3,1,11,4,7,7,126.55000000000001,2.0,2.4,4-12 Mos,Moderate (11-20km)
51081,1,3,Mobile,1,8,Debit Card,Male,3,3,Mobile,4,Single,2,0,12,1,1,0,113.93,1.0,1.2,0-3 Mos (High Risk),Close (0-10km)
51082,0,0,Computer,1,13,Credit Card,Male,3,3,Mobile,1,Single,2,0,20,5,5,7,125.69999999999999,1.0,1.2,0-3 Mos (High Risk),Moderate (11-20km)
51083,0,28,Mobile,1,28,Cash on Delivery,Male,3,4,Mobile,4,Married,6,0,12,1,1,2,135.37,1.0,1.2,1-5 Yrs,Far (21-50km)
51084,0,7,Mobile,1,11,Credit Card,Male,2,4,Laptop & Accessory,1,Married,2,0,14,4,4,13,139.86,1.0,1.2,4-12 Mos,Moderate (11-20km)
51085,0,30,Mobile,1,6,Credit Card,Male,3,5,Fashion,1,Married,4,0,20,0,1,0,208.82999999999998,1.0,1.2,1-5 Yrs,Close (0-10km)
51086,0,3,Mobile,1,27,Credit Card,Male,3,1,Mobile,4,Married,2,0,18,2,2,13,120.28,1.0,1.2,0-3 Mos (High Risk),Far (21-50km)
51087,0,10,Computer,3,6,Credit Card,Male,2,5,Laptop & Accessory,1,Married,2,0,14,0,1,3,195.25,1.0,1.2,4-12 Mos,Close (0-10km)
51088,0,7,Mobile,1,25,Debit Card,Female,3,4,Mobile,1,Married,2,0,12,3,8,7,129.29,1.0,1.2,4-12 Mos,Far (21-50km)
51089,1,3,Mobile,3,13,Debit Card,Male,2,3,Mobile,1,Married,2,1,21,1,1,2,122.75,1.0,1.2,0-3 Mos (High Risk),Moderate (11-20km)
51090,0,17,Mobile,1,8,Debit Card,Female,3,1,Fashion,1,Married,2,1,19,6,6,7,178.79,2.0,2.4,1-5 Yrs,Close (0-10km)
51091,0,8,Computer,1,8,Credit Card,Male,3,4,Mobile,1,Single,1,1,14,1,1,4,149.3,1.0,1.2,4-12 Mos,Close (0-10km)
51092,0,16,Mobile,3,8,Credit Card,Male,3,3,Laptop & Accessory,1,Married,2,1,17,0,8,8,178.47,2.0,2.4,1-5 Yrs,Close (0-10km)
51093,0,0,Mobile,1,15,Credit Card,Male,3,1,Mobile,3,Married,2,0,16,0,1,4,144.01,1.0,1.2,0-3 Mos (High Risk),Moderate (11-20km)
51094,0,14,Mobile,3,12,E wallet,Male,2,3,Fashion,3,Single,2,0,12,6,8,7,192.41,1.0,1.2,1-5 Yrs,Moderate (11-20km)
51095,0,2,Mobile,1,15,Credit Card,Female,3,3,Mobile,3,Married,10,0,17,1,1,2,129.74,1.0,1.2,0-3 Mos (High Risk),Moderate (11-20km)
51096,0,9,Mobile,3,8,Debit Card,Female,2,3,Laptop & Accessory,1,Single,4,0,15,3,6,7,145.02,1.0,1.2,4-12 Mos,Close (0-10km)
51097,0,18,Computer,1,6,Debit Card,Male,3,4,Fashion,3,Married,4,0,23,3,14,4,207.48000000000002,1.0,1.2,1-5 Yrs,Close (0-10km)
51098,1,3,Mobile,2,28,UPI,Male,2,5,Mobile,3,Married,2,0,11,0,1,0,115.55000000000001,1.0,1.2,0-3 Mos (High Risk),Far (21-50km)
51099,1,10,Computer,3,15,Debit Card,Male,2,5,Grocery,3,Married,8,0,11,1,14,3,229.36,1.0,1.2,4-12 Mos,Moderate (11-20km)
51100,0,3,Mobile,1,23,Credit Card,Male,3,5,Mobile,3,Married,2,0,15,0,1,2,123.05000000000001,1.0,1.2,0-3 Mos (High Risk),Far (21-50km)
51101,0,18,Mobile,1,34,Cash on Delivery,Female,2,4,Grocery,4,Single,2,0,11,1,8,6,267.04,1.0,1.2,1-5 Yrs,Far (21-50km)
51102,0,5,Computer,1,16,Debit Card,Male,2,3,Mobile,3,Married,7,0,13,0,1,3,134.33,1.0,1.2,4-12 Mos,Moderate (11-20km)
51103,0,4,Mobile,1,8,Debit Card,Male,3,3,Mobile,3,Married,2,0,14,0,1,3,134.77,1.0,1.2,4-12 Mos,Close (0-10km)
51104,0,14,Computer,2,10,UPI,Male,2,5,Laptop & Accessory,4,Married,7,0,19,0,1,2,164.3,1.0,1.2,1-5 Yrs,Close (0-10km)
51105,0,13,Mobile,1,14,Debit Card,Female,3,3,Laptop & Accessory,5,Married,3,1,16,0,1,0,165.16,1.0,1.2,1-5 Yrs,Moderate (11-20km)
51106,0,0,Mobile,1,35,Credit Card,Male,3,3,Mobile,5,Married,2,0,13,1,1,2,139.07,1.0,1.2,0-3 Mos (High Risk),Far (21-50km)
51107,0,19,Mobile,1,19,Debit Card,Male,2,3,Laptop & Accessory,4,Single,7,0,14,1,1,9,155.62,1.0,1.2,1-5 Yrs,Moderate (11-20km)
51108,0,8,Mobile,1,33,Debit Card,Male,2,3,Laptop & Accessory,3,Married,3,0,16,0,1,7,168.83,1.0,1.2,4-12 Mos,Far (21-50km)
51109,0,3,Mobile,1,22,Debit Card,Male,3,3,Mobile,1,Married,2,0,12,0,1,8,128.62,1.0,1.2,0-3 Mos (High Risk),Far (21-50km)
51110,0,20,Computer,3,8,E wallet,Male,2,3,Laptop & Accessory,4,Married,8,0,11,0,1,0,149.78,1.0,1.2,1-5 Yrs,Close (0-10km)
51111,0,19,Mobile,3,8,Debit Card,Male,3,3,Fashion,1,Married,5,1,12,0,1,3,203.68,1.0,1.2,1-5 Yrs,Close (0-10km)
51112,1,0,Mobile,3,19,E wallet,Male,3,4,Laptop & Accessory,5,Married,6,1,13,2,2,2,161.34,1.0,1.2,0-3 Mos (High Risk),Moderate (11-20km)
51113,1,0,Mobile,3,6,Debit Card,Male,2,5,Laptop & Accessory,4,Single,7,0,15,0,1,0,167.35,1.0,1.2,0-3 Mos (High Risk),Close (0-10km)
51114,0,0,Mobile,1,10,Credit Card,Female,2,3,Mobile,4,Single,2,0,13,1,1,2,132.95,1.0,1.2,0-3 Mos (High Risk),Close (0-10km)
51115,0,4,Computer,1,30,Cash on Delivery,Female,1,3,Laptop & Accessory,1,Single,3,0,20,1,1,4,152.38,1.0,1.2,4-12 Mos,Far (21-50km)
51116,0,12,Computer,1,6,Debit Card,Male,3,3,Laptop & Accessory,1,Married,2,1,15,3,5,8,164.72,1.0,1.2,4-12 Mos,Close (0-10km)
51117,0,5,Mobile,3,25,Debit Card,Male,3,5,Fashion,3,Married,4,0,13,1,1,2,196.1,1.0,1.2,4-12 Mos,Far (21-50km)
51118,0,13,Mobile,3,13,Credit Card,Male,2,3,Others,4,Single,2,0,15,1,12,8,298.33,1.0,1.2,1-5 Yrs,Moderate (11-20km)
51119,0,18,Mobile,2,10,Debit Card,Female,2,5,Fashion,3,Married,5,0,21,1,1,3,197.56,1.0,1.2,1-5 Yrs,Close (0-10km)
51120,0,3,Computer,1,8,Cash on Delivery,Female,3,4,Mobile,5,Single,1,0,16,0,1,7,149.68,1.0,1.2,0-3 Mos (High Risk),Close (0-10km)
51121,0,3,Computer,2,16,Credit Card,Male,2,3,Mobile,1,Married,1,0,14,1,2,1,121.44999999999999,1.0,1.2,0-3 Mos (High Risk),Moderate (11-20km)
51122,1,3,Computer,2,14,UPI,Female,3,4,Mobile,1,Married,7,0,11,1,1,2,121.80000000000001,1.0,1.2,0-3 Mos (High Risk),Moderate (11-20km)
51123,0,4,Mobile,3,11,Cash on Delivery,Male,2,3,Laptop & Accessory,3,Married,2,0,19,0,1,2,183.46,1.0,1.2,4-12 Mos,Moderate (11-20km)
51124,0,0,Mobile,1,14,Credit Card,Female,3,3,Mobile,1,Single,2,0,11,1,1,4,134.45,1.0,1.2,0-3 Mos (High Risk),Moderate (11-20km)
51125,1,0,Mobile,3,15,E wallet,Female,3,5,Mobile,4,Single,2,0,13,1,2,2,127.6,1.0,1.2,0-3 Mos (High Risk),Moderate (11-20km)
51126,0,2,Computer,1,6,Debit Card,Male,3,1,Laptop & Accessory,3,Single,9,1,12,0,1,2,162.94,1.0,1.2,0-3 Mos (High Risk),Close (0-10km)
51127,0,3,Mobile,3,21,E wallet,Male,3,4,Fashion,5,Married,3,0,11,0,1,7,171.4,1.0,1.2,0-3 Mos (High Risk),Far (21-50km)
51128,0,7,Mobile,1,8,Credit Card,Male,3,1,Mobile,1,Married,1,1,14,0,1,2,129.32,1.0,1.2,4-12 Mos,Close (0-10km)
51129,0,6,Computer,3,8,E wallet,Female,3,3,Laptop & Accessory,4,Single,9,0,15,0,1,7,151.47,1.0,1.2,4-12 Mos,Close (0-10km)
51130,0,22,Mobile,3,17,E wallet,Female,3,3,Laptop & Accessory,1,Single,4,0,12,0,1,4,145.07,1.0,1.2,1-5 Yrs,Moderate (11-20km)
51131,1,0,Mobile,3,22,Debit Card,Female,3,3,Fashion,5,Single,3,1,20,0,1,0,185.64,1.0,1.2,0-3 Mos (High Risk),Far (21-50km)
51132,0,11,Computer,1,13,Credit Card,Female,3,4,Mobile,4,Married,5,0,14,0,1,5,124.68,1.0,1.2,4-12 Mos,Moderate (11-20km)
51133,1,0,Mobile,3,22,E wallet,Male,3,3,Fashion,3,Married,3,0,13,1,1,0,181.61,1.0,1.2,0-3 Mos (High Risk),Far (21-50km)
51134,0,3,Mobile,1,10,Cash on Delivery,Female,3,4,Mobile,5,Married,2,0,13,0,1,0,121.09,1.0,1.2,0-3 Mos (High Risk),Close (0-10km)
51135,0,0,Mobile,1,22,Debit Card,Male,2,1,Laptop & Accessory,3,Married,4,0,16,1,1,7,152.94,1.0,1.2,0-3 Mos (High Risk),Far (21-50km)
51136,0,5,Computer,1,11,Cash on Delivery,Male,3,3,Mobile,4,Single,3,0,14,1,1,7,127.18,1.0,1.2,4-12 Mos,Moderate (11-20km)
51137,0,11,Mobile,1,24,Credit Card,Male,2,5,Laptop & Accessory,1,Married,4,1,16,0,1,0,158.11,1.0,1.2,4-12 Mos,Far (21-50km)
51138,1,6,Computer,1,13,Cash on Delivery,Male,2,4,Mobile,3,Married,10,1,16,1,1,0,124.37,1.0,1.2,4-12 Mos,Moderate (11-20km)
51139,0,15,Mobile,1,18,Credit Card,Male,3,3,Mobile,4,Married,9,0,22,1,1,4,127.66,1.0,1.2,1-5 Yrs,Moderate (11-20km)
51140,0,28,Mobile,1,8,Credit Card,Male,2,4,Others,5,Married,9,0,12,1,1,0,290.38,1.0,1.2,1-5 Yrs,Close (0-10km)
51141,0,6,Computer,1,10,Cash on Delivery,Male,3,3,Laptop & Accessory,4,Married,6,0,15,0,1,7,130.55,1.0,1.2,4-12 Mos,Close (0-10km)
51142,0,3,Mobile,1,15,Debit Card,Male,3,3,Mobile,5,Married,2,0,20,1,1,4,122.88999999999999,1.0,1.2,0-3 Mos (High Risk),Moderate (11-20km)
51143,0,7,Computer,3,16,Debit Card,Male,2,3,Laptop & Accessory,3,Married,2,1,14,1,1,7,140.01,1.0,1.2,4-12 Mos,Moderate (11-20km)
51144,0,26,Computer,1,6,Credit Card,Female,2,4,Grocery,3,Married,5,1,20,0,1,3,229.64999999999998,1.0,1.2,1-5 Yrs,Close (0-10km)
51145,0,16,Mobile,2,8,Debit Card,Male,3,3,Mobile,1,Single,1,0,13,0,1,8,135.39,1.0,1.2,1-5 Yrs,Close (0-10km)
51146,0,7,Mobile,3,9,Debit Card,Female,2,5,Laptop & Accessory,1,Single,6,0,12,1,2,2,160.29,1.0,1.2,4-12 Mos,Close (0-10km)
51147,1,0,Mobile,3,13,E wallet,Male,3,3,Mobile,4,Single,2,0,13,1,1,0,126.78999999999999,1.0,1.2,0-3 Mos (High Risk),Moderate (11-20km)
51148,0,11,Mobile,1,12,UPI,Female,2,4,Mobile,3,Married,2,0,11,0,1,4,137.02,1.0,1.2,4-12 Mos,Moderate (11-20km)
51149,1,0,Mobile,1,13,Credit Card,Female,3,3,Mobile,5,Married,2,1,17,0,1,0,123.97999999999999,1.0,1.2,0-3 Mos (High Risk),Moderate (11-20km)
51150,0,4,Mobile,3,35,E wallet,Female,3,4,Laptop & Accessory,1,Married,2,0,14,2,5,7,154.68,1.0,1.2,4-12 Mos,Far (21-50km)
51151,0,24,Mobile,1,9,Cash on Delivery,Female,2,3,Fashion,3,Married,3,0,11,2,2,3,231.16000000000003,1.0,1.2,1-5 Yrs,Close (0-10km)
51152,0,10,Mobile,3,15,E wallet,Male,2,4,Laptop & Accessory,4,Married,2,0,14,0,1,3,141.89,1.0,1.2,4-12 Mos,Moderate (11-20km)
51153,0,19,Mobile,1,8,Credit Card,Male,2,3,Others,1,Married,8,1,15,1,2,2,293.28,1.0,1.2,1-5 Yrs,Close (0-10km)
51154,0,9,Mobile,1,16,Debit Card,Male,2,3,Fashion,5,Married,8,1,13,1,5,7,183.21,1.0,1.2,4-12 Mos,Moderate (11-20km)
51155,1,7,Computer,1,13,Credit Card,Male,2,3,Mobile,4,Married,2,1,12,1,2,3,123.41999999999999,1.0,1.2,4-12 Mos,Moderate (11-20km)
51156,0,10,Mobile,2,14,UPI,Male,2,3,Laptop & Accessory,4,Married,3,0,13,4,4,7,140.71,1.0,1.2,4-12 Mos,Moderate (11-20km)
51157,1,0,Mobile,3,33,Debit Card,Male,2,3,Laptop & Accessory,1,Single,2,1,18,0,7,7,158.13,2.0,2.4,0-3 Mos (High Risk),Far (21-50km)
51158,0,6,Mobile,1,14,Debit Card,Male,3,1,Mobile,5,Married,7,0,19,6,7,6,131.43,1.0,1.2,4-12 Mos,Moderate (11-20km)
51159,0,3,Mobile,1,6,Debit Card,Male,2,3,Mobile,1,Married,2,0,11,0,1,3,120.44,1.0,1.2,0-3 Mos (High Risk),Close (0-10km)
51160,0,12,Mobile,1,16,Credit Card,Male,3,3,Fashion,3,Single,8,0,21,2,2,2,234.64,1.0,1.2,4-12 Mos,Moderate (11-20km)
51161,0,19,Computer,3,32,Debit Card,Male,3,4,Laptop & Accessory,4,Single,9,0,15,2,2,2,179.91,1.0,1.2,1-5 Yrs,Far (21-50km)
51162,0,13,Mobile,1,8,Debit Card,Female,2,3,Mobile,5,Married,5,0,17,1,1,2,133.77,1.0,1.2,1-5 Yrs,Close (0-10km)
51163,0,15,Mobile,1,19,Credit Card,Male,3,1,Laptop & Accessory,5,Married,6,0,18,1,1,0,155.38,1.0,1.2,1-5 Yrs,Moderate (11-20km)
51164,0,8,Computer,1,8,Credit Card,Male,2,3,Laptop & Accessory,1,Married,3,0,14,0,1,7,157.62,1.0,1.2,4-12 Mos,Close (0-10km)
51165,0,11,Computer,2,13,UPI,Male,3,3,Mobile,4,Married,6,0,13,3,3,8,125.91999999999999,1.0,1.2,4-12 Mos,Moderate (11-20km)
51166,1,0,Computer,1,15,Debit Card,Male,3,3,Laptop & Accessory,5,Married,5,0,17,0,1,7,153.46,1.0,1.2,0-3 Mos (High Risk),Moderate (11-20km)
51167,1,0,Mobile,1,16,Credit Card,Male,2,3,Laptop & Accessory,5,Single,2,0,15,0,1,8,142.13,1.0,1.2,0-3 Mos (High Risk),Moderate (11-20km)
51168,0,12,Computer,3,26,Debit Card,Male,2,3,Laptop & Accessory,1,Married,3,0,18,1,2,2,141.27,1.0,1.2,4-12 Mos,Far (21-50km)
51169,0,16,Computer,1,13,Debit Card,Male,2,3,Mobile,3,Single,5,0,13,0,1,2,124.38,1.0,1.2,1-5 Yrs,Moderate (11-20km)
51170,0,14,Mobile,1,11,Debit Card,Male,2,1,Laptop & Accessory,4,Single,4,0,12,1,1,2,168.7,1.0,1.2,1-5 Yrs,Moderate (11-20km)
51171,0,14,Mobile,3,10,E wallet,Female,2,3,Fashion,3,Married,1,1,13,0,13,5,204.47,3.0,3.5999999999999996,1-5 Yrs,Close (0-10km)
51172,0,3,Mobile,1,16,Credit Card,Female,3,3,Fashion,3,Single,10,0,14,0,1,2,196.67,1.0,1.2,0-3 Mos (High Risk),Moderate (11-20km)
51173,1,3,Mobile,2,26,Credit Card,Female,3,3,Mobile,4,Married,1,1,11,0,1,4,121.47999999999999,1.0,1.2,0-3 Mos (High Risk),Far (21-50km)
51174,1,9,Mobile,1,27,Credit Card,Female,3,3,Laptop & Accessory,4,Married,5,0,22,1,3,7,189.26,1.0,1.2,4-12 Mos,Far (21-50km)
51175,0,13,Mobile,1,6,Debit Card,Female,2,3,Laptop & Accessory,1,Married,5,0,17,0,1,3,165.13,1.0,1.2,1-5 Yrs,Close (0-10km)
51176,0,7,Mobile,3,14,Cash on Delivery,Male,3,1,Laptop & Accessory,3,Married,2,0,21,0,4,8,167.99,1.0,1.2,4-12 Mos,Moderate (11-20km)
51177,0,30,Computer,3,8,Credit Card,Male,2,3,Grocery,4,Married,5,0,22,10,14,14,0.0,1.0,1.2,1-5 Yrs,Close (0-10km)
51178,0,8,Mobile,1,29,Credit Card,Male,3,5,Mobile,3,Married,1,0,16,1,1,3,127.05000000000001,1.0,1.2,4-12 Mos,Far (21-50km)
51179,0,20,Mobile,1,10,Debit Card,Female,3,4,Fashion,4,Married,9,1,12,2,14,10,203.33,3.0,3.5999999999999996,1-5 Yrs,Close (0-10km)
51180,0,13,Mobile,1,18,Debit Card,Female,2,3,Laptop & Accessory,5,Married,3,0,12,7,7,7,144.48,1.0,1.2,1-5 Yrs,Moderate (11-20km)
51181,0,27,Mobile,1,13,Credit Card,Female,3,3,Laptop & Accessory,1,Married,5,0,15,1,1,7,168.54,1.0,1.2,1-5 Yrs,Moderate (11-20km)
51182,0,4,Computer,3,13,E wallet,Female,3,3,Fashion,5,Married,3,0,14,2,2,2,196.37,1.0,1.2,4-12 Mos,Moderate (11-20km)
51183,0,1,Mobile,1,6,Credit Card,Female,3,3,Mobile,5,Married,2,0,25,1,1,2,135.91,1.0,1.2,0-3 Mos (High Risk),Close (0-10km)
51184,0,11,Mobile,3,8,E wallet,Female,3,5,Laptop & Accessory,1,Married,3,1,20,0,1,3,154.05,1.0,1.2,4-12 Mos,Close (0-10km)
51185,0,0,Mobile,3,16,Credit Card,Male,2,3,Laptop & Accessory,1,Single,2,0,13,0,1,2,146.84,1.0,1.2,0-3 Mos (High Risk),Moderate (11-20km)
51186,0,30,Computer,1,21,Debit Card,Male,2,3,Grocery,3,Married,3,1,14,1,4,2,257.87,1.0,1.2,1-5 Yrs,Far (21-50km)
51187,0,3,Computer,1,20,Credit Card,Female,2,3,Mobile,3,Single,2,0,16,1,1,0,115.13999999999999,1.0,1.2,0-3 Mos (High Risk),Moderate (11-20km)
51188,1,0,Mobile,2,24,UPI,Male,3,1,Mobile,5,Married,1,0,17,1,1,0,129.56,1.0,1.2,0-3 Mos (High Risk),Far (21-50km)
51189,1,0,Mobile,2,13,UPI,Male,2,4,Mobile,5,Married,5,1,15,1,2,0,123.35,1.0,1.2,0-3 Mos (High Risk),Moderate (11-20km)
51190,0,18,Computer,3,8,Debit Card,Female,3,3,Laptop & Accessory,3,Married,5,0,22,3,5,7,151.54,1.0,1.2,1-5 Yrs,Close (0-10km)
51191,0,9,Mobile,1,8,UPI,Female,3,3,Laptop & Accessory,4,Married,5,1,22,0,1,0,169.62,1.0,1.2,4-12 Mos,Close (0-10km)
51192,0,16,Computer,3,8,Debit Card,Male,3,3,Laptop & Accessory,1,Married,2,0,20,5,7,7,156.75,1.0,1.2,1-5 Yrs,Close (0-10km)
51193,0,0,Computer,1,13,Debit Card,Female,2,3,Mobile,1,Single,1,1,14,1,1,2,123.78999999999999,1.0,1.2,0-3 Mos (High Risk),Moderate (11-20km)
51194,0,2,Computer,1,26,Credit Card,Male,2,3,Mobile,1,Married,2,0,13,1,3,10,138.12,1.0,1.2,0-3 Mos (High Risk),Far (21-50km)
51195,0,5,Computer,3,16,E wallet,Male,3,3,Laptop & Accessory,1,Single,9,0,13,1,1,0,146.48,1.0,1.2,4-12 Mos,Moderate (11-20km)
51196,0,15,Computer,1,16,Cash on Delivery,Male,3,3,Mobile,3,Married,4,0,22,1,3,3,129.36,1.0,1.2,1-5 Yrs,Moderate (11-20km)
51197,0,3,Mobile,1,15,Debit Card,Female,3,3,Mobile,3,Single,5,0,12,1,2,0,121.05000000000001,1.0,1.2,0-3 Mos (High Risk),Moderate (11-20km)
51198,0,19,Mobile,1,8,Debit Card,Male,2,3,Fashion,1,Married,4,0,14,1,4,7,185.78,1.0,1.2,1-5 Yrs,Close (0-10km)
51199,0,1,Computer,2,6,Debit Card,Male,3,3,Mobile,1,Married,2,0,15,0,2,2,127.06,1.0,1.2,0-3 Mos (High Risk),Close (0-10km)
51200,0,2,Mobile,1,35,Debit Card,Male,3,5,Laptop & Accessory,3,Married,9,0,17,1,1,6,163.84,1.0,1.2,0-3 Mos (High Risk),Far (21-50km)
51201,0,15,Mobile,1,14,Debit Card,Male,2,3,Mobile,3,Single,5,0,13,1,1,0,139.68,1.0,1.2,1-5 Yrs,Moderate (11-20km)
51202,1,0,Mobile,3,8,E wallet,Male,2,4,Laptop & Accessory,4,Single,8,1,12,2,2,2,199.07,1.0,1.2,0-3 Mos (High Risk),Close (0-10km)
51203,0,19,Mobile,3,9,Cash on Delivery,Female,2,1,Grocery,5,Married,3,0,12,1,4,8,232.25,1.0,1.2,1-5 Yrs,Close (0-10km)
51204,0,0,Mobile,3,29,Credit Card,Female,2,4,Laptop & Accessory,3,Married,2,0,21,4,5,8,135.4,1.0,1.2,0-3 Mos (High Risk),Far (21-50km)
51205,0,2,Mobile,2,12,Credit Card,Male,3,4,Mobile,4,Married,2,0,11,1,1,0,128.04,1.0,1.2,0-3 Mos (High Risk),Moderate (11-20km)
51206,0,16,Mobile,1,12,Credit Card,Female,2,4,Others,3,Married,8,0,15,3,6,14,293.92,1.0,1.2,1-5 Yrs,Moderate (11-20km)
51207,0,21,Mobile,1,16,Debit Card,Male,3,4,Others,4,Married,5,0,15,3,12,9,296.65,1.0,1.2,1-5 Yrs,Moderate (11-20km)
51208,1,0,Computer,1,13,Debit Card,Male,3,4,Mobile,1,Single,2,1,24,1,1,0,124.38999999999999,1.0,1.2,0-3 Mos (High Risk),Moderate (11-20km)
51209,1,9,Mobile,3,16,Debit Card,Female,3,3,Fashion,4,Married,6,0,21,0,1,7,173.14,1.0,1.2,4-12 Mos,Moderate (11-20km)
51210,0,0,Computer,1,21,Debit Card,Female,3,4,Mobile,5,Married,1,0,19,7,7,3,147.74,1.0,1.2,0-3 Mos (High Risk),Far (21-50km)
51211,0,12,Mobile,1,25,UPI,Male,2,3,Laptop & Accessory,1,Married,9,0,14,1,2,2,139.02,1.0,1.2,4-12 Mos,Far (21-50km)
51212,0,28,Mobile,1,8,Cash on Delivery,Male,3,4,Mobile,1,Married,9,0,20,0,1,4,126.62,1.0,1.2,1-5 Yrs,Close (0-10km)
51213,0,1,Mobile,3,9,Credit Card,Female,3,3,Mobile,4,Married,2,0,19,1,1,0,128.56,1.0,1.2,0-3 Mos (High Risk),Close (0-10km)
51214,1,0,Mobile,3,15,Credit Card,Male,2,3,Mobile,1,Single,2,0,13,0,1,0,110.81,1.0,1.2,0-3 Mos (High Risk),Moderate (11-20km)
51215,1,0,Mobile,1,13,Debit Card,Male,3,3,Mobile,4,Single,2,1,23,1,1,0,124.72,1.0,1.2,0-3 Mos (High Risk),Moderate (11-20km)
51216,0,9,Mobile,3,16,Cash on Delivery,Female,3,4,Laptop & Accessory,3,Married,2,1,13,1,1,7,156.73,1.0,1.2,4-12 Mos,Moderate (11-20km)
51217,0,4,Mobile,1,26,Debit Card,Male,2,3,Laptop & Accessory,3,Married,2,0,11,0,1,2,141.97,1.0,1.2,4-12 Mos,Far (21-50km)
51218,0,7,Mobile,3,10,Debit Card,Male,3,3,Fashion,1,Married,3,1,13,0,1,0,197.13,1.0,1.2,4-12 Mos,Close (0-10km)
51219,0,3,Mobile,1,13,Debit Card,Male,2,3,Mobile,5,Single,4,0,14,0,1,2,120.62,1.0,1.2,0-3 Mos (High Risk),Moderate (11-20km)
51220,0,10,Mobile,1,13,Credit Card,Male,3,3,Laptop & Accessory,5,Married,6,1,22,0,1,4,142.84,1.0,1.2,4-12 Mos,Moderate (11-20km)
51221,0,8,Mobile,1,22,UPI,Female,2,4,Laptop & Accessory,4,Married,1,1,11,1,1,2,147.88,1.0,1.2,4-12 Mos,Far (21-50km)
51222,0,18,Mobile,1,31,Debit Card,Female,3,4,Laptop & Accessory,1,Married,1,0,13,0,3,8,159.06,1.0,1.2,1-5 Yrs,Far (21-50km)
51223,0,9,Computer,2,8,UPI,Male,3,4,Laptop & Accessory,1,Single,2,0,21,1,1,8,138.86,1.0,1.2,4-12 Mos,Close (0-10km)
51224,0,13,Mobile,1,6,Debit Card,Male,3,3,Grocery,5,Married,3,0,11,1,11,16,268.23,1.0,1.2,1-5 Yrs,Close (0-10km)
51225,0,0,Mobile,1,6,Debit Card,Female,3,4,Mobile,3,Married,2,1,13,0,1,0,129.33,1.0,1.2,0-3 Mos (High Risk),Close (0-10km)
51226,0,0,Mobile,3,8,Credit Card,Female,2,1,Laptop & Accessory,3,Single,1,0,14,0,1,7,165.0,1.0,1.2,0-3 Mos (High Risk),Close (0-10km)
51227,0,21,Computer,1,28,Credit Card,Female,2,3,Grocery,1,Married,4,0,11,1,4,7,271.74,1.0,1.2,1-5 Yrs,Far (21-50km)
51228,0,17,Mobile,1,6,Debit Card,Male,3,1,Laptop & Accessory,5,Married,3,0,15,2,2,2,150.33,1.0,1.2,1-5 Yrs,Close (0-10km)
51229,1,3,Computer,1,22,Cash on Delivery,Male,2,5,Mobile,5,Married,2,1,23,3,3,0,123.07,1.0,1.2,0-3 Mos (High Risk),Far (21-50km)
51230,1,19,Mobile,1,13,Debit Card,Male,3,3,Mobile,1,Single,2,0,16,0,1,0,125.87,1.0,1.2,1-5 Yrs,Moderate (11-20km)
51231,0,9,Mobile,3,23,E wallet,Male,2,4,Laptop & Accessory,4,Married,3,0,16,1,1,3,155.07,1.0,1.2,4-12 Mos,Far (21-50km)
51232,0,14,Mobile,3,14,E wallet,Female,2,3,Laptop & Accessory,4,Married,6,0,21,1,1,4,143.93,1.0,1.2,1-5 Yrs,Moderate (11-20km)
51233,0,15,Mobile,1,12,Credit Card,Male,2,3,Fashion,5,Married,10,0,13,3,2,7,233.48000000000002,1.0,1.2,1-5 Yrs,Moderate (11-20km)
51234,0,4,Mobile,3,16,Credit Card,Female,2,3,Laptop & Accessory,1,Married,3,1,11,0,1,4,165.83,1.0,1.2,4-12 Mos,Moderate (11-20km)
51235,0,7,Mobile,3,9,Credit Card,Female,3,4,Laptop & Accessory,1,Married,4,1,12,0,1,1,181.03,1.0,1.2,4-12 Mos,Close (0-10km)
51236,0,4,Mobile,1,10,Credit Card,Female,3,1,Mobile,3,Married,9,0,12,2,2,2,139.78,1.0,1.2,4-12 Mos,Close (0-10km)
51237,0,0,Computer,1,13,UPI,Male,3,1,Mobile,1,Married,1,0,18,2,7,7,125.44,1.0,1.2,0-3 Mos (High Risk),Moderate (11-20km)
51238,0,18,Computer,1,6,Credit Card,Male,2,3,Laptop & Accessory,3,Single,5,0,12,1,1,3,153.99,1.0,1.2,1-5 Yrs,Close (0-10km)
51239,0,6,Mobile,3,16,E wallet,Male,2,3,Laptop & Accessory,3,Single,2,0,14,0,1,9,154.87,1.0,1.2,4-12 Mos,Moderate (11-20km)
51240,0,1,Computer,3,6,Debit Card,Male,2,4,Laptop & Accessory,1,Married,2,1,12,0,1,7,168.34,1.0,1.2,0-3 Mos (High Risk),Close (0-10km)
51241,1,0,Computer,3,30,Cash on Delivery,Male,2,1,Mobile,5,Single,2,0,17,1,1,0,110.91,1.0,1.2,0-3 Mos (High Risk),Far (21-50km)
51242,0,12,Computer,3,27,Debit Card,Female,2,5,Laptop & Accessory,3,Married,7,0,19,0,1,2,157.36,1.0,1.2,4-12 Mos,Far (21-50km)
51243,0,3,Mobile,1,8,Cash on Delivery,Male,2,3,Mobile,4,Married,2,0,11,1,1,2,122.25999999999999,1.0,1.2,0-3 Mos (High Risk),Close (0-10km)
51244,0,7,Computer,1,28,UPI,Male,2,4,Laptop & Accessory,1,Married,2,1,15,3,6,11,157.47,2.0,2.4,4-12 Mos,Far (21-50km)
51245,1,0,Mobile,3,19,E wallet,Female,2,3,Laptop & Accessory,3,Single,4,1,11,2,2,2,198.54,1.0,1.2,0-3 Mos (High Risk),Moderate (11-20km)
51246,0,20,Computer,1,20,Cash on Delivery,Male,3,3,Laptop & Accessory,4,Married,9,0,18,0,1,7,154.67,1.0,1.2,1-5 Yrs,Moderate (11-20km)
51247,0,29,Mobile,3,17,E wallet,Female,2,4,Laptop & Accessory,5,Married,5,0,16,0,1,0,153.8,1.0,1.2,1-5 Yrs,Moderate (11-20km)
51248,0,12,Mobile,1,15,Credit Card,Male,2,3,Laptop & Accessory,5,Married,2,0,25,4,7,9,151.51,1.0,1.2,4-12 Mos,Moderate (11-20km)
51249,0,8,Computer,1,14,Credit Card,Female,2,4,Laptop & Accessory,4,Married,2,1,16,1,1,7,121.33000000000001,1.0,1.2,4-12 Mos,Moderate (11-20km)
51250,0,30,Mobile,3,27,Debit Card,Female,3,3,Grocery,1,Married,5,1,13,1,1,0,278.75,1.0,1.2,1-5 Yrs,Far (21-50km)
51251,1,0,Computer,1,13,Debit Card,Female,2,1,Mobile,3,Single,4,1,14,0,1,3,124.32,1.0,1.2,0-3 Mos (High Risk),Moderate (11-20km)
51252,0,11,Mobile,1,15,Debit Card,Male,3,3,Mobile,1,Married,3,0,19,1,1,3,147.71,1.0,1.2,4-12 Mos,Moderate (11-20km)
51253,0,22,Computer,1,8,Debit Card,Male,2,3,Others,1,Married,4,0,15,1,4,3,291.61,1.0,1.2,1-5 Yrs,Close (0-10km)
51254,0,15,Mobile,3,18,E wallet,Male,3,3,Laptop & Accessory,1,Married,4,1,12,0,1,0,150.87,1.0,1.2,1-5 Yrs,Moderate (11-20km)
51255,1,0,Computer,2,28,UPI,Female,3,4,Mobile,4,Married,2,0,12,1,1,0,128.63,1.0,1.2,0-3 Mos (High Risk),Far (21-50km)
51256,0,8,Mobile,3,24,Credit Card,Male,3,3,Laptop & Accessory,5,Married,1,0,16,0,1,4,0.0,1.0,1.2,4-12 Mos,Far (21-50km)
51257,0,3,Computer,1,22,Credit Card,Male,2,3,Mobile,3,Single,2,0,14,0,1,4,121.44,1.0,1.2,0-3 Mos (High Risk),Far (21-50km)
51258,0,4,Computer,1,9,Credit Card,Male,3,3,Mobile,5,Married,2,1,13,0,2,3,130.65,1.0,1.2,4-12 Mos,Close (0-10km)
51259,0,9,Computer,1,15,Debit Card,Male,3,1,Mobile,4,Married,2,0,22,1,1,2,128.1,1.0,1.2,4-12 Mos,Moderate (11-20km)
51260,0,7,Mobile,3,6,E wallet,Male,2,3,Fashion,1,Single,2,0,21,1,2,1,198.88,1.0,1.2,4-12 Mos,Close (0-10km)
51261,0,7,Mobile,3,19,Credit Card,Male,2,3,Fashion,3,Married,2,0,18,1,1,1,186.28,1.0,1.2,4-12 Mos,Moderate (11-20km)
51262,0,0,Mobile,1,6,Credit Card,Male,3,3,Mobile,5,Single,1,0,13,3,7,6,128.67,1.0,1.2,0-3 Mos (High Risk),Close (0-10km)
51263,0,2,Mobile,1,6,Debit Card,Male,2,3,Laptop & Accessory,5,Married,1,0,12,1,1,2,153.73,1.0,1.2,0-3 Mos (High Risk),Close (0-10km)
51264,0,5,Computer,1,21,Credit Card,Female,2,3,Laptop & Accessory,1,Married,6,0,18,0,1,2,166.67,1.0,1.2,4-12 Mos,Far (21-50km)
51265,0,4,Computer,1,6,Debit Card,Male,2,5,Laptop & Accessory,5,Married,2,0,21,1,8,7,150.03,1.0,1.2,4-12 Mos,Close (0-10km)
51266,1,0,Mobile,1,13,Cash on Delivery,Male,2,4,Mobile,1,Married,6,0,12,0,1,3,123.66999999999999,1.0,1.2,0-3 Mos (High Risk),Moderate (11-20km)
51267,0,11,Mobile,3,6,Debit Card,Male,3,4,Mobile,5,Single,5,0,14,0,1,0,128.58,1.0,1.2,4-12 Mos,Close (0-10km)
51268,0,8,Mobile,3,13,Debit Card,Female,2,3,Laptop & Accessory,1,Married,2,1,11,1,1,9,152.04,1.0,1.2,4-12 Mos,Moderate (11-20km)
51269,0,0,Mobile,3,15,E wallet,Male,2,3,Laptop & Accessory,1,Single,2,0,14,0,1,7,141.05,1.0,1.2,0-3 Mos (High Risk),Moderate (11-20km)
51270,0,5,Mobile,1,11,Debit Card,Male,2,4,Laptop & Accessory,1,Single,9,0,24,0,1,0,196.79,1.0,1.2,4-12 Mos,Moderate (11-20km)
51271,1,0,Computer,3,32,E wallet,Male,3,3,Laptop & Accessory,1,Married,2,1,11,0,1,8,156.17,1.0,1.2,0-3 Mos (High Risk),Far (21-50km)
51272,1,16,Mobile,3,30,Debit Card,Male,3,3,Fashion,5,Single,7,1,13,2,2,2,204.48,1.0,1.2,1-5 Yrs,Far (21-50km)
51273,0,27,Mobile,1,15,Debit Card,Female,3,3,Laptop & Accessory,3,Married,4,0,11,0,2,3,128.97,1.0,1.2,1-5 Yrs,Moderate (11-20km)
51274,0,6,Computer,1,13,Debit Card,Male,2,3,Laptop & Accessory,3,Married,2,0,20,2,2,8,159.68,1.0,1.2,4-12 Mos,Moderate (11-20km)
51275,0,16,Mobile,1,17,Debit Card,Male,1,3,Fashion,3,Married,2,0,17,1,1,9,175.1,1.0,1.2,1-5 Yrs,Moderate (11-20km)
51276,0,11,Computer,2,6,UPI,Male,3,3,Mobile,4,Married,1,1,11,1,1,2,129.91,1.0,1.2,4-12 Mos,Close (0-10km)
51277,0,28,Mobile,2,32,UPI,Male,3,1,Others,4,Married,5,1,15,1,1,4,296.36,1.0,1.2,1-5 Yrs,Far (21-50km)
51278,0,4,Mobile,1,8,Credit Card,Female,2,5,Mobile,1,Married,2,1,11,1,1,0,111.28999999999999,1.0,1.2,4-12 Mos,Close (0-10km)
51279,0,12,Mobile,3,21,E wallet,Male,3,3,Grocery,5,Single,1,0,12,4,4,10,233.41000000000003,1.0,1.2,4-12 Mos,Far (21-50km)
51280,0,15,Computer,1,29,Debit Card,Male,2,4,Laptop & Accessory,3,Single,2,0,12,2,3,7,143.32,1.0,1.2,1-5 Yrs,Far (21-50km)
51281,0,4,Computer,1,16,Credit Card,Female,2,3,Fashion,3,Married,5,0,20,3,4,3,210.31,1.0,1.2,4-12 Mos,Moderate (11-20km)
51282,0,27,Mobile,1,16,Credit Card,Female,3,3,Laptop & Accessory,5,Single,7,1,19,0,1,4,144.4,1.0,1.2,1-5 Yrs,Moderate (11-20km)
51283,0,0,Mobile,1,6,Debit Card,Male,2,4,Laptop & Accessory,3,Single,2,0,12,1,1,2,146.17,1.0,1.2,0-3 Mos (High Risk),Close (0-10km)
51284,0,0,Mobile,1,13,UPI,Male,3,3,Mobile,1,Single,2,0,13,1,1,4,126.47,1.0,1.2,0-3 Mos (High Risk),Moderate (11-20km)
51285,0,13,Computer,1,17,Cash on Delivery,Female,3,3,Laptop & Accessory,3,Married,2,0,11,2,9,4,163.23,1.0,1.2,1-5 Yrs,Moderate (11-20km)
51286,0,13,Mobile,3,8,E wallet,Female,3,3,Laptop & Accessory,4,Married,4,0,14,1,5,10,156.77,1.0,1.2,1-5 Yrs,Close (0-10km)
51287,0,3,Mobile,2,8,UPI,Female,2,3,Mobile,4,Married,5,0,14,0,1,2,121.87,1.0,1.2,0-3 Mos (High Risk),Close (0-10km)
51288,0,3,Mobile,1,6,Credit Card,Male,3,3,Mobile,4,Married,2,0,13,0,1,7,137.48,1.0,1.2,0-3 Mos (High Risk),Close (0-10km)
51289,0,0,Mobile,1,8,UPI,Male,2,3,Mobile,3,Married,7,1,19,0,1,2,139.77,1.0,1.2,0-3 Mos (High Risk),Close (0-10km)
51290,0,20,Mobile,1,31,Credit Card,Male,2,3,Fashion,3,Single,3,0,23,1,12,11,186.33,1.0,1.2,1-5 Yrs,Far (21-50km)
51291,0,3,Computer,1,6,Credit Card,Male,2,4,Mobile,3,Married,2,0,12,0,1,0,120.08000000000001,1.0,1.2,0-3 Mos (High Risk),Close (0-10km)
51292,0,11,Mobile,3,6,Debit Card,Male,2,3,Laptop & Accessory,4,Married,1,0,15,4,5,8,144.4,1.0,1.2,4-12 Mos,Close (0-10km)
51293,0,4,Mobile,3,8,Debit Card,Male,3,3,Mobile,3,Married,1,0,19,1,1,2,130.67,1.0,1.2,4-12 Mos,Close (0-10km)
51294,0,11,Computer,1,12,Debit Card,Male,3,4,Laptop & Accessory,3,Married,3,0,11,2,7,7,153.21,1.0,1.2,4-12 Mos,Moderate (11-20km)
51295,0,15,Mobile,1,24,Debit Card,Male,2,3,Laptop & Accessory,5,Married,7,1,17,0,1,2,154.1,1.0,1.2,1-5 Yrs,Far (21-50km)
51296,0,14,Mobile,1,6,Debit Card,Male,3,3,Mobile,1,Married,4,0,22,0,1,0,127.82,1.0,1.2,1-5 Yrs,Close (0-10km)
51297,0,20,Computer,1,6,Credit Card,Female,3,3,Fashion,4,Married,1,0,18,0,5,3,219.57,1.0,1.2,1-5 Yrs,Close (0-10km)
51298,0,8,Mobile,1,17,Credit Card,Male,2,3,Mobile,3,Married,8,1,11,0,2,2,126.6,1.0,1.2,4-12 Mos,Moderate (11-20km)
51299,0,0,Mobile,1,6,Debit Card,Male,3,3,Mobile,3,Single,1,0,12,0,1,2,133.75,1.0,1.2,0-3 Mos (High Risk),Close (0-10km)
51300,0,8,Mobile,1,15,Credit Card,Male,2,3,Laptop & Accessory,3,Single,2,0,19,0,1,8,150.98,1.0,1.2,4-12 Mos,Moderate (11-20km)
51301,0,6,Mobile,1,21,Credit Card,Female,3,3,Laptop & Accessory,1,Married,1,1,13,5,8,1,12.0,2.0,2.4,4-12 Mos,Far (21-50km)
51302,0,5,Mobile,1,35,Debit Card,Female,3,4,Mobile,4,Single,2,0,13,3,4,1,128.37,1.0,1.2,4-12 Mos,Far (21-50km)
51303,0,13,Mobile,1,13,Debit Card,Male,2,3,Mobile,1,Married,9,0,19,0,1,0,124.06,1.0,1.2,1-5 Yrs,Moderate (11-20km)
51304,0,3,Mobile,3,6,Credit Card,Male,3,4,Mobile,4,Married,1,0,14,0,2,2,122.69,1.0,1.2,0-3 Mos (High Risk),Close (0-10km)
51305,0,12,Mobile,1,30,Debit Card,Male,2,3,Laptop & Accessory,1,Single,8,0,13,1,1,7,141.08,1.0,1.2,4-12 Mos,Far (21-50km)
51306,0,11,Mobile,1,16,Credit Card,Female,2,5,Fashion,3,Married,4,0,12,1,2,11,232.06,1.0,1.2,4-12 Mos,Moderate (11-20km)
51307,0,5,Mobile,3,6,E wallet,Female,2,3,Fashion,1,Married,2,0,19,3,5,7,204.22,1.0,1.2,4-12 Mos,Close (0-10km)
51308,0,10,Mobile,1,16,Debit Card,Female,2,1,Fashion,1,Married,2,1,25,0,2,8,237.44,1.0,1.2,4-12 Mos,Moderate (11-20km)
51309,0,0,Mobile,3,14,UPI,Female,2,3,Laptop & Accessory,3,Married,1,1,22,1,1,4,149.07,1.0,1.2,0-3 Mos (High Risk),Moderate (11-20km)
51310,0,25,Computer,3,126,Debit Card,Male,2,3,Mobile,1,Married,3,0,15,1,1,0,134.82,1.0,1.2,1-5 Yrs,Very Far (>50km)
51311,0,17,Mobile,1,13,Credit Card,Male,2,3,Mobile,1,Single,7,1,12,0,1,2,124.36000000000001,1.0,1.2,1-5 Yrs,Moderate (11-20km)
51312,0,0,Mobile,3,14,Credit Card,Male,2,3,Mobile,5,Single,2,1,11,1,1,2,123.80000000000001,1.0,1.2,0-3 Mos (High Risk),Moderate (11-20km)
51313,0,12,Computer,1,15,Debit Card,Male,2,3,Others,1,Single,3,0,15,0,1,3,294.31,1.0,1.2,4-12 Mos,Moderate (11-20km)
51314,1,3,Computer,3,15,E wallet,Male,2,3,Mobile,5,Married,2,0,19,1,1,0,117.9,1.0,1.2,0-3 Mos (High Risk),Moderate (11-20km)
51315,0,9,Mobile,3,9,Credit Card,Female,3,4,Fashion,1,Married,1,0,19,3,3,4,176.44,1.0,1.2,4-12 Mos,Close (0-10km)
51316,0,9,Computer,1,10,Debit Card,Female,3,3,Laptop & Accessory,4,Married,8,0,13,1,1,2,151.31,1.0,1.2,4-12 Mos,Close (0-10km)
51317,0,29,Computer,1,6,Debit Card,Male,2,3,Laptop & Accessory,3,Married,2,0,21,0,1,9,163.06,1.0,1.2,1-5 Yrs,Close (0-10km)
51318,1,0,Mobile,1,6,Credit Card,Male,2,3,Mobile,1,Married,10,1,14,2,2,2,147.87,1.0,1.2,0-3 Mos (High Risk),Close (0-10km)
51319,0,15,Mobile,1,8,Debit Card,Male,2,3,Others,3,Married,6,0,11,1,4,14,288.8,1.0,1.2,1-5 Yrs,Close (0-10km)
51320,1,19,Mobile,1,13,Cash on Delivery,Male,3,3,Mobile,3,Married,9,0,11,6,9,8,123.38999999999999,1.0,1.2,1-5 Yrs,Moderate (11-20km)
51321,0,14,Mobile,1,34,Debit Card,Female,2,4,Grocery,4,Married,1,0,23,1,4,10,235.7,1.0,1.2,1-5 Yrs,Far (21-50km)
51322,0,7,Mobile,3,34,E wallet,Female,3,4,Laptop & Accessory,3,Married,2,0,21,1,1,7,167.12,1.0,1.2,4-12 Mos,Far (21-50km)
51323,0,9,Computer,3,21,E wallet,Male,2,5,Laptop & Accessory,1,Married,2,0,24,4,11,11,154.06,1.0,1.2,4-12 Mos,Far (21-50km)
51324,0,14,Mobile,3,9,Debit Card,Male,2,4,Laptop & Accessory,4,Married,3,0,11,0,1,4,189.38,1.0,1.2,1-5 Yrs,Close (0-10km)
51325,0,5,Mobile,1,13,Cash on Delivery,Male,3,3,Mobile,5,Single,2,0,14,1,1,2,124.38999999999999,1.0,1.2,4-12 Mos,Moderate (11-20km)
51326,0,8,Mobile,2,32,Debit Card,Female,2,3,Fashion,1,Single,2,1,16,1,1,7,188.37,1.0,1.2,4-12 Mos,Far (21-50km)
51327,0,11,Mobile,3,16,Debit Card,Female,3,3,Laptop & Accessory,1,Married,2,0,11,0,1,9,153.43,1.0,1.2,4-12 Mos,Moderate (11-20km)
51328,1,13,Computer,3,6,Debit Card,Male,3,3,Laptop & Accessory,3,Married,8,0,12,1,1,1,167.28,1.0,1.2,1-5 Yrs,Close (0-10km)
51329,0,9,Mobile,3,17,E wallet,Female,3,4,Laptop & Accessory,1,Married,5,0,13,1,1,0,166.52,1.0,1.2,4-12 Mos,Moderate (11-20km)
51330,0,18,Mobile,3,26,Debit Card,Female,2,3,Laptop & Accessory,3,Single,9,0,15,1,1,1,148.5,1.0,1.2,1-5 Yrs,Far (21-50km)
51331,0,13,Mobile,1,8,Debit Card,Male,3,4,Mobile,3,Single,3,0,14,0,2,2,128.09,1.0,1.2,1-5 Yrs,Close (0-10km)
51332,0,8,Computer,1,24,Debit Card,Male,3,3,Laptop & Accessory,3,Married,2,1,14,1,1,2,156.89,1.0,1.2,4-12 Mos,Far (21-50km)
51333,0,3,Mobile,1,8,Credit Card,Female,3,3,Mobile,3,Married,3,0,14,1,1,2,120.00999999999999,1.0,1.2,0-3 Mos (High Risk),Close (0-10km)
51334,0,8,Mobile,1,6,Debit Card,Female,3,5,Mobile,1,Married,2,0,12,0,1,1,129.77,1.0,1.2,4-12 Mos,Close (0-10km)
51335,0,2,Mobile,1,19,UPI,Male,2,4,Laptop & Accessory,4,Married,5,1,13,1,1,3,140.25,1.0,1.2,0-3 Mos (High Risk),Moderate (11-20km)
51336,0,2,Mobile,1,34,Credit Card,Female,3,4,Mobile,5,Single,2,0,14,0,1,4,137.85,1.0,1.2,0-3 Mos (High Risk),Far (21-50km)
51337,1,13,Mobile,3,34,E wallet,Male,2,4,Fashion,5,Married,5,1,13,0,2,0,208.54000000000002,1.0,1.2,1-5 Yrs,Far (21-50km)
51338,0,12,Mobile,3,30,E wallet,Female,2,4,Grocery,1,Married,1,0,11,1,9,3,220.31,1.0,1.2,4-12 Mos,Far (21-50km)
51339,0,4,Computer,1,11,Credit Card,Male,3,3,Laptop & Accessory,5,Single,1,0,19,0,1,7,199.36,1.0,1.2,4-12 Mos,Moderate (11-20km)
51340,0,0,Mobile,3,11,UPI,Female,3,4,Mobile,3,Single,1,0,18,0,1,0,129.66,1.0,1.2,0-3 Mos (High Risk),Moderate (11-20km)
51341,0,9,Computer,1,13,Credit Card,Male,2,1,Laptop & Accessory,1,Married,5,0,17,0,1,3,125.71000000000001,1.0,1.2,4-12 Mos,Moderate (11-20km)
51342,0,12,Mobile,1,12,Credit Card,Male,2,4,Fashion,5,Married,5,0,15,1,1,7,199.91,1.0,1.2,4-12 Mos,Moderate (11-20km)
51343,0,0,Mobile,1,10,Debit Card,Male,2,1,Laptop & Accessory,4,Married,2,1,20,1,1,3,161.42,1.0,1.2,0-3 Mos (High Risk),Close (0-10km)
51344,0,22,Computer,3,8,Credit Card,Male,3,4,Laptop & Accessory,4,Married,3,0,14,1,1,8,153.9,1.0,1.2,1-5 Yrs,Close (0-10km)
51345,0,7,Mobile,1,14,Credit Card,Male,2,1,Laptop & Accessory,3,Married,3,0,12,0,1,2,144.04,1.0,1.2,4-12 Mos,Moderate (11-20km)
51346,1,4,Mobile,3,6,Debit Card,Female,3,3,Laptop & Accessory,1,Single,9,1,11,0,1,5,159.93,1.0,1.2,4-12 Mos,Close (0-10km)
51347,0,22,Computer,1,14,Debit Card,Male,3,4,Laptop & Accessory,4,Married,2,0,23,0,1,7,151.3,1.0,1.2,1-5 Yrs,Moderate (11-20km)
51348,1,3,Mobile,1,8,UPI,Male,3,4,Mobile,3,Single,7,1,15,0,1,0,120.9,1.0,1.2,0-3 Mos (High Risk),Close (0-10km)
51349,0,6,Computer,1,9,Debit Card,Female,3,3,Mobile,3,Married,2,1,11,2,3,0,129.09,1.0,1.2,4-12 Mos,Close (0-10km)
51350,0,0,Mobile,1,8,Credit Card,Male,2,3,Mobile,4,Married,10,0,12,1,2,2,134.68,1.0,1.2,0-3 Mos (High Risk),Close (0-10km)
51351,0,5,Computer,1,8,Debit Card,Male,3,3,Mobile,1,Single,1,0,13,1,3,6,130.68,1.0,1.2,4-12 Mos,Close (0-10km)
51352,0,30,Mobile,1,9,Credit Card,Female,3,1,Mobile,5,Married,5,1,20,0,1,0,126.69999999999999,1.0,1.2,1-5 Yrs,Close (0-10km)
51353,0,3,Mobile,1,30,Debit Card,Male,3,3,Mobile,3,Married,2,0,22,1,1,0,126.93,1.0,1.2,0-3 Mos (High Risk),Far (21-50km)
51354,0,11,Computer,1,29,Debit Card,Male,2,4,Fashion,3,Single,1,0,21,1,1,8,195.26,1.0,1.2,4-12 Mos,Far (21-50km)
51355,0,9,Mobile,1,33,Credit Card,Male,3,3,Laptop & Accessory,3,Married,7,0,13,0,7,7,152.37,1.0,1.2,4-12 Mos,Far (21-50km)
51356,0,8,Mobile,1,13,Credit Card,Male,2,1,Mobile,4,Married,1,0,13,1,1,3,124.25999999999999,1.0,1.2,4-12 Mos,Moderate (11-20km)
51357,0,2,Mobile,1,21,Debit Card,Female,2,4,Laptop & Accessory,3,Single,1,1,12,1,1,8,141.93,1.0,1.2,0-3 Mos (High Risk),Far (21-50km)
51358,0,4,Mobile,1,32,Debit Card,Male,3,3,Mobile,3,Married,2,0,17,3,4,3,129.11,1.0,1.2,4-12 Mos,Far (21-50km)
51359,0,7,Mobile,1,25,Credit Card,Male,3,3,Mobile,1,Married,1,0,11,0,1,2,126.61000000000001,1.0,1.2,4-12 Mos,Far (21-50km)
51360,1,3,Mobile,1,30,Debit Card,Male,2,4,Mobile,3,Single,6,1,14,0,1,3,120.28,1.0,1.2,0-3 Mos (High Risk),Far (21-50km)
51361,0,2,Mobile,1,27,Debit Card,Female,2,1,Fashion,5,Married,2,0,11,6,8,8,199.8,1.0,1.2,0-3 Mos (High Risk),Far (21-50km)
51362,0,5,Mobile,1,11,Debit Card,Male,3,1,Mobile,4,Married,1,1,12,1,1,5,132.98,1.0,1.2,4-12 Mos,Moderate (11-20km)
51363,0,0,Computer,1,22,Credit Card,Male,3,1,Mobile,1,Married,2,1,13,0,1,0,129.35,1.0,1.2,0-3 Mos (High Risk),Far (21-50km)
51364,0,26,Mobile,3,8,Debit Card,Female,3,4,Grocery,1,Married,3,0,16,0,4,7,254.26999999999998,1.0,1.2,1-5 Yrs,Close (0-10km)
51365,0,11,Mobile,1,8,Debit Card,Male,2,3,Mobile,1,Single,6,1,11,0,1,2,139.44,1.0,1.2,4-12 Mos,Close (0-10km)
51366,0,0,Computer,1,17,UPI,Female,3,1,Laptop & Accessory,3,Married,1,0,18,0,1,3,140.11,1.0,1.2,0-3 Mos (High Risk),Moderate (11-20km)
51367,1,0,Mobile,3,15,Debit Card,Male,2,4,Mobile,5,Single,8,0,23,0,1,3,134.07,1.0,1.2,0-3 Mos (High Risk),Moderate (11-20km)
51368,0,7,Mobile,1,13,Debit Card,Female,2,3,Fashion,4,Single,1,0,11,0,2,3,219.94,1.0,1.2,4-12 Mos,Moderate (11-20km)
51369,0,3,Mobile,1,21,Debit Card,Male,3,3,Mobile,1,Single,2,0,14,1,1,0,112.32,1.0,1.2,0-3 Mos (High Risk),Far (21-50km)
51370,1,0,Mobile,1,12,Credit Card,Male,3,3,Mobile,5,Single,3,0,11,0,1,3,129.6,1.0,1.2,0-3 Mos (High Risk),Moderate (11-20km)
51371,0,26,Mobile,1,11,UPI,Female,2,3,Others,3,Married,5,0,11,1,4,8,290.94,1.0,1.2,1-5 Yrs,Moderate (11-20km)
51372,1,0,Computer,1,22,Debit Card,Female,3,5,Mobile,5,Single,2,1,22,0,6,7,139.19,2.0,2.4,0-3 Mos (High Risk),Far (21-50km)
51373,0,15,Mobile,3,14,E wallet,Male,2,3,Laptop & Accessory,4,Married,1,0,11,2,4,2,168.25,1.0,1.2,1-5 Yrs,Moderate (11-20km)
51374,0,17,Mobile,1,13,Credit Card,Female,2,4,Fashion,1,Married,4,0,14,0,5,17,202.48,1.0,1.2,1-5 Yrs,Moderate (11-20km)
51375,0,19,Mobile,3,8,E wallet,Female,2,3,Others,5,Single,4,0,12,1,2,1,289.47,1.0,1.2,1-5 Yrs,Close (0-10km)
51376,0,6,Mobile,1,13,Credit Card,Male,3,3,Mobile,1,Single,5,0,11,0,1,0,124.96000000000001,1.0,1.2,4-12 Mos,Moderate (11-20km)
51377,0,17,Mobile,1,16,UPI,Male,2,3,Laptop & Accessory,1,Married,3,1,13,0,1,3,164.65,1.0,1.2,1-5 Yrs,Moderate (11-20km)
51378,0,3,Mobile,1,15,Credit Card,Male,2,4,Mobile,3,Single,2,0,13,0,1,8,122.06,1.0,1.2,0-3 Mos (High Risk),Moderate (11-20km)
51379,1,8,Mobile,3,11,Cash on Delivery,Male,2,3,Laptop & Accessory,1,Married,4,0,14,0,1,0,120.86000000000001,1.0,1.2,4-12 Mos,Moderate (11-20km)
51380,1,3,Mobile,1,6,Credit Card,Male,3,3,Mobile,1,Married,3,1,16,0,2,0,122.93,1.0,1.2,0-3 Mos (High Risk),Close (0-10km)
51381,0,16,Mobile,1,13,Credit Card,Female,3,1,Mobile,3,Married,2,0,12,1,1,4,126.44999999999999,1.0,1.2,1-5 Yrs,Moderate (11-20km)
51382,1,13,Mobile,3,9,E wallet,Male,3,4,Mobile,3,Married,2,1,14,1,1,2,126.83000000000001,1.0,1.2,1-5 Yrs,Close (0-10km)
51383,0,3,Mobile,3,8,E wallet,Female,3,3,Mobile,1,Married,2,0,13,2,2,2,120.13999999999999,1.0,1.2,0-3 Mos (High Risk),Close (0-10km)
51384,0,9,Mobile,1,11,Debit Card,Female,2,4,Mobile,5,Married,10,1,14,1,1,0,134.19,1.0,1.2,4-12 Mos,Moderate (11-20km)
51385,0,6,Computer,3,6,Debit Card,Female,2,1,Laptop & Accessory,5,Married,3,0,19,0,1,3,153.76,1.0,1.2,4-12 Mos,Close (0-10km)
51386,0,3,Mobile,1,10,UPI,Male,3,3,Mobile,1,Married,2,0,12,1,1,0,119.50999999999999,1.0,1.2,0-3 Mos (High Risk),Close (0-10km)
51387,0,0,Mobile,1,13,Debit Card,Female,2,3,Mobile,5,Married,2,0,13,1,1,0,123.41,1.0,1.2,0-3 Mos (High Risk),Moderate (11-20km)
51388,1,3,Mobile,1,31,Debit Card,Male,2,5,Mobile,3,Single,2,0,12,0,1,1,122.93,1.0,1.2,0-3 Mos (High Risk),Far (21-50km)
51389,0,0,Computer,3,14,Debit Card,Male,2,3,Fashion,3,Single,2,0,15,1,1,7,187.26,1.0,1.2,0-3 Mos (High Risk),Moderate (11-20km)
51390,0,3,Computer,1,6,Credit Card,Female,2,3,Laptop & Accessory,1,Single,2,0,23,1,3,7,140.11,1.0,1.2,0-3 Mos (High Risk),Close (0-10km)
51391,1,4,Mobile,1,18,Cash on Delivery,Female,2,3,Others,3,Married,2,0,15,1,15,8,295.45,1.0,1.2,4-12 Mos,Moderate (11-20km)
51392,0,7,Computer,3,29,E wallet,Male,3,3,Laptop & Accessory,3,Single,1,0,20,0,8,7,145.68,1.0,1.2,4-12 Mos,Far (21-50km)
51393,0,10,Mobile,1,25,Debit Card,Male,3,3,Mobile,4,Married,5,0,21,0,1,0,130.22,1.0,1.2,4-12 Mos,Far (21-50km)
51394,0,19,Computer,3,11,E wallet,Male,3,3,Laptop & Accessory,1,Single,5,1,21,1,1,8,157.72,1.0,1.2,1-5 Yrs,Moderate (11-20km)
51395,0,3,Mobile,1,14,Debit Card,Male,2,1,Mobile,1,Married,2,0,19,1,1,1,122.69,1.0,1.2,0-3 Mos (High Risk),Moderate (11-20km)
51396,1,11,Mobile,1,6,Debit Card,Male,3,4,Fashion,3,Single,10,1,13,0,1,0,153.81,1.0,1.2,4-12 Mos,Close (0-10km)
51397,1,0,Mobile,1,11,Cash on Delivery,Male,2,3,Mobile,3,Single,2,1,13,0,2,2,134.41,1.0,1.2,0-3 Mos (High Risk),Moderate (11-20km)
51398,0,17,Mobile,3,6,E wallet,Female,3,3,Laptop & Accessory,5,Married,6,1,21,1,1,3,154.54,1.0,1.2,1-5 Yrs,Close (0-10km)
51399,0,8,Computer,1,17,Credit Card,Male,3,4,Fashion,5,Married,3,1,13,1,2,3,198.84,1.0,1.2,4-12 Mos,Moderate (11-20km)
51400,0,0,Mobile,3,29,E wallet,Female,2,4,Laptop & Accessory,1,Married,8,1,19,0,1,0,141.57,1.0,1.2,0-3 Mos (High Risk),Far (21-50km)
51401,0,6,Computer,1,29,Debit Card,Female,3,3,Fashion,1,Single,2,1,12,3,2,12,234.57999999999998,1.0,1.2,4-12 Mos,Far (21-50km)
51402,0,8,Computer,3,5,Debit Card,Male,3,3,Fashion,5,Married,2,0,22,0,1,8,190.69,1.0,1.2,4-12 Mos,Close (0-10km)
51403,0,8,Mobile,1,29,Credit Card,Female,1,3,Mobile,5,Married,4,1,15,0,2,2,140.14,1.0,1.2,4-12 Mos,Far (21-50km)
51404,0,4,Mobile,1,13,Debit Card,Male,2,3,Laptop & Accessory,1,Married,4,0,22,0,1,7,159.15,1.0,1.2,4-12 Mos,Moderate (11-20km)
51405,0,10,Mobile,1,6,Debit Card,Male,2,4,Laptop & Accessory,3,Married,2,0,18,0,1,7,159.93,1.0,1.2,4-12 Mos,Close (0-10km)
51406,0,5,Mobile,1,6,Credit Card,Male,2,3,Laptop & Accessory,1,Married,2,1,22,5,7,8,161.62,2.0,2.4,4-12 Mos,Close (0-10km)
51407,0,11,Computer,1,13,Debit Card,Female,2,3,Laptop & Accessory,1,Single,2,0,11,6,9,9,124.06,1.0,1.2,4-12 Mos,Moderate (11-20km)
51408,0,23,Mobile,1,13,Credit Card,Female,2,4,Others,3,Married,6,1,12,1,13,8,287.4,3.0,3.5999999999999996,1-5 Yrs,Moderate (11-20km)
51409,0,30,Mobile,3,31,Debit Card,Female,4,3,Fashion,5,Single,8,0,11,6,7,9,176.37,1.0,1.2,1-5 Yrs,Far (21-50km)
51410,0,9,Mobile,1,14,Cash on Delivery,Female,2,3,Fashion,3,Married,2,0,13,7,12,8,200.96,1.0,1.2,4-12 Mos,Moderate (11-20km)
51411,0,28,Mobile,1,14,Credit Card,Female,2,3,Grocery,3,Married,3,1,14,1,4,2,247.56,1.0,1.2,1-5 Yrs,Moderate (11-20km)
51412,0,9,Computer,1,17,Debit Card,Male,3,4,Laptop & Accessory,4,Single,2,0,13,1,1,3,164.99,1.0,1.2,4-12 Mos,Moderate (11-20km)
51413,0,18,Mobile,1,13,Debit Card,Male,2,3,Fashion,5,Married,3,0,17,0,1,0,197.24,1.0,1.2,1-5 Yrs,Moderate (11-20km)
51414,0,3,Computer,1,6,Credit Card,Male,3,3,Mobile,5,Married,5,0,13,0,1,2,121.94,1.0,1.2,0-3 Mos (High Risk),Close (0-10km)
51415,1,0,Mobile,1,15,Credit Card,Male,3,4,Mobile,3,Married,1,1,17,1,1,0,133.88,1.0,1.2,0-3 Mos (High Risk),Moderate (11-20km)
51416,0,30,Computer,3,6,Debit Card,Female,2,4,Laptop & Accessory,3,Single,8,0,11,1,1,3,154.73,1.0,1.2,1-5 Yrs,Close (0-10km)
51417,0,2,Mobile,1,8,Debit Card,Male,3,3,Mobile,4,Married,1,0,23,1,1,4,127.03,1.0,1.2,0-3 Mos (High Risk),Close (0-10km)
51418,0,4,Mobile,1,13,Credit Card,Male,2,3,Mobile,4,Single,2,0,17,1,1,0,125.00999999999999,1.0,1.2,4-12 Mos,Moderate (11-20km)
51419,0,5,Mobile,1,6,Debit Card,Male,3,3,Laptop & Accessory,4,Married,2,0,17,1,1,9,162.2,1.0,1.2,4-12 Mos,Close (0-10km)
51420,0,9,Mobile,1,12,Debit Card,Female,3,1,Mobile,1,Married,4,0,12,0,1,0,130.38,1.0,1.2,4-12 Mos,Moderate (11-20km)
51421,0,4,Mobile,1,14,Debit Card,Female,3,3,Laptop & Accessory,1,Single,2,0,23,1,1,8,144.24,1.0,1.2,4-12 Mos,Moderate (11-20km)
51422,0,8,Mobile,3,6,E wallet,Male,2,4,Laptop & Accessory,5,Single,1,0,14,1,2,8,143.12,1.0,1.2,4-12 Mos,Close (0-10km)
51423,0,18,Mobile,1,12,UPI,Male,2,3,Fashion,5,Married,5,1,14,1,2,0,232.45,1.0,1.2,1-5 Yrs,Moderate (11-20km)
51424,0,10,Mobile,1,13,Credit Card,Male,1,3,Fashion,3,Single,5,0,13,0,2,2,236.64,1.0,1.2,4-12 Mos,Moderate (11-20km)
51425,0,19,Mobile,2,11,Credit Card,Male,3,3,Laptop & Accessory,4,Married,2,1,22,1,1,2,150.21,1.0,1.2,1-5 Yrs,Moderate (11-20km)
51426,0,3,Mobile,1,6,Debit Card,Male,2,4,Laptop & Accessory,1,Married,2,1,12,1,3,0,151.26,1.0,1.2,0-3 Mos (High Risk),Close (0-10km)
51427,0,8,Mobile,1,6,Credit Card,Male,3,4,Mobile,3,Single,2,0,18,1,1,4,128.59,1.0,1.2,4-12 Mos,Close (0-10km)
51428,0,28,Mobile,3,6,Debit Card,Male,3,3,Fashion,1,Married,4,0,14,0,1,0,202.39,1.0,1.2,1-5 Yrs,Close (0-10km)
51429,0,11,Computer,1,12,Credit Card,Female,3,5,Laptop & Accessory,1,Married,8,1,12,0,1,9,153.29,1.0,1.2,4-12 Mos,Moderate (11-20km)
51430,0,7,Mobile,1,6,Credit Card,Male,3,3,Laptop & Accessory,4,Married,2,0,15,1,1,3,143.25,1.0,1.2,4-12 Mos,Close (0-10km)
51431,0,29,Mobile,1,13,Debit Card,Male,2,5,Fashion,1,Single,5,0,11,0,1,2,172.6,1.0,1.2,1-5 Yrs,Moderate (11-20km)
51432,0,0,Mobile,3,14,Cash on Delivery,Male,3,3,Mobile,5,Married,4,0,13,1,1,0,123.22,1.0,1.2,0-3 Mos (High Risk),Moderate (11-20km)
51433,0,3,Mobile,1,15,Debit Card,Male,3,3,Mobile,1,Married,4,0,23,1,1,3,120.75,1.0,1.2,0-3 Mos (High Risk),Moderate (11-20km)
51434,0,3,Mobile,1,8,Debit Card,Male,4,4,Laptop & Accessory,1,Married,2,0,19,3,10,8,141.52,1.0,1.2,0-3 Mos (High Risk),Close (0-10km)
51435,1,9,Mobile,3,15,Credit Card,Male,3,4,Fashion,1,Single,2,0,16,3,4,7,196.19,1.0,1.2,4-12 Mos,Moderate (11-20km)
51436,0,13,Computer,1,6,Debit Card,Male,3,4,Grocery,4,Married,2,0,22,5,4,11,235.02999999999997,1.0,1.2,1-5 Yrs,Close (0-10km)
51437,0,24,Mobile,3,27,E wallet,Male,3,3,Laptop & Accessory,1,Single,1,1,22,0,1,0,154.41,1.0,1.2,1-5 Yrs,Far (21-50km)
51438,0,3,Mobile,3,10,Credit Card,Female,3,4,Laptop & Accessory,4,Married,2,1,12,2,2,7,152.09,1.0,1.2,0-3 Mos (High Risk),Close (0-10km)
51439,0,19,Computer,1,6,Credit Card,Male,2,4,Fashion,5,Married,3,1,13,4,9,5,206.73000000000002,2.0,2.4,1-5 Yrs,Close (0-10km)
51440,0,5,Mobile,3,12,Credit Card,Male,2,3,Laptop & Accessory,3,Single,2,0,16,5,5,7,150.1,1.0,1.2,4-12 Mos,Moderate (11-20km)
51441,0,27,Mobile,1,8,Cash on Delivery,Female,2,3,Fashion,3,Married,10,0,12,0,2,3,235.49,1.0,1.2,1-5 Yrs,Close (0-10km)
51442,0,0,Mobile,3,9,UPI,Female,2,3,Laptop & Accessory,3,Married,1,0,21,0,1,2,149.99,1.0,1.2,0-3 Mos (High Risk),Close (0-10km)
51443,0,1,Computer,3,10,Credit Card,Male,2,3,Laptop & Accessory,3,Married,2,0,15,0,1,4,142.21,1.0,1.2,0-3 Mos (High Risk),Close (0-10km)
51444,0,30,Mobile,3,16,Credit Card,Male,2,3,Grocery,3,Single,1,0,13,0,4,8,238.72000000000003,1.0,1.2,1-5 Yrs,Moderate (11-20km)
51445,0,8,Computer,1,29,Credit Card,Male,3,3,Laptop & Accessory,4,Married,5,0,12,0,1,2,120.41999999999999,1.0,1.2,4-12 Mos,Far (21-50km)
51446,1,3,Mobile,2,12,UPI,Male,3,3,Mobile,5,Married,5,1,22,0,1,2,120.72999999999999,1.0,1.2,0-3 Mos (High Risk),Moderate (11-20km)
51447,0,5,Mobile,1,6,Debit Card,Male,3,3,Mobile,5,Single,2,0,13,0,1,0,129.56,1.0,1.2,4-12 Mos,Close (0-10km)
51448,1,0,Computer,1,12,Debit Card,Female,3,4,Mobile,1,Single,2,1,18,0,1,0,129.26,1.0,1.2,0-3 Mos (High Risk),Moderate (11-20km)
51449,0,7,Mobile,1,12,UPI,Female,2,3,Laptop & Accessory,3,Single,2,0,14,0,2,10,148.09,1.0,1.2,4-12 Mos,Moderate (11-20km)
51450,0,10,Computer,1,8,Debit Card,Male,3,4,Laptop & Accessory,1,Married,6,0,14,1,1,0,151.63,1.0,1.2,4-12 Mos,Close (0-10km)
51451,0,30,Computer,2,8,UPI,Female,2,4,Others,1,Married,10,0,21,1,2,2,288.44,1.0,1.2,1-5 Yrs,Close (0-10km)
51452,0,23,Computer,1,6,Debit Card,Female,3,3,Others,4,Married,4,1,19,1,1,7,281.72,1.0,1.2,1-5 Yrs,Close (0-10km)
51453,1,0,Mobile,3,11,E wallet,Male,2,4,Laptop & Accessory,3,Single,2,1,11,0,1,3,157.44,1.0,1.2,0-3 Mos (High Risk),Moderate (11-20km)
51454,0,0,Mobile,1,13,Credit Card,Male,3,4,Mobile,1,Married,2,0,11,0,2,1,128.89,1.0,1.2,0-3 Mos (High Risk),Moderate (11-20km)
51455,0,0,Mobile,1,21,Credit Card,Female,3,3,Mobile,1,Single,2,0,15,1,1,0,128.71,1.0,1.2,0-3 Mos (High Risk),Far (21-50km)
51456,0,24,Computer,1,6,Credit Card,Female,1,4,Fashion,5,Single,4,0,20,4,12,8,174.84,1.0,1.2,1-5 Yrs,Close (0-10km)
51457,1,0,Computer,1,13,Debit Card,Male,3,5,Laptop & Accessory,3,Single,2,1,24,1,1,6,160.74,1.0,1.2,0-3 Mos (High Risk),Moderate (11-20km)
51458,0,27,Computer,2,32,UPI,Female,1,1,Grocery,1,Single,3,1,12,1,4,4,273.28,1.0,1.2,1-5 Yrs,Far (21-50km)
51459,0,0,Mobile,1,24,Debit Card,Male,3,3,Mobile,3,Married,1,0,12,0,1,2,127.74000000000001,1.0,1.2,0-3 Mos (High Risk),Far (21-50km)
51460,0,7,Mobile,1,12,Debit Card,Female,2,4,Laptop & Accessory,4,Married,7,0,15,1,1,0,145.05,1.0,1.2,4-12 Mos,Moderate (11-20km)
51461,0,10,Mobile,3,9,Debit Card,Male,2,3,Fashion,1,Single,3,0,12,0,1,3,174.28,1.0,1.2,4-12 Mos,Close (0-10km)
51462,0,7,Mobile,1,11,Credit Card,Female,2,4,Fashion,5,Single,3,0,12,2,5,3,216.31,1.0,1.2,4-12 Mos,Moderate (11-20km)
51463,0,9,Computer,3,17,Cash on Delivery,Female,3,3,Fashion,1,Married,1,0,14,0,2,8,197.38,1.0,1.2,4-12 Mos,Moderate (11-20km)
51464,0,9,Mobile,1,9,Debit Card,Female,3,3,Mobile,1,Married,6,0,22,0,1,0,128.35,1.0,1.2,4-12 Mos,Close (0-10km)
51465,0,16,Computer,3,32,Debit Card,Male,3,3,Grocery,1,Married,2,1,12,1,4,12,269.59,1.0,1.2,1-5 Yrs,Far (21-50km)
51466,0,3,Computer,1,13,Debit Card,Male,3,5,Mobile,3,Married,2,0,25,0,1,9,126.13,1.0,1.2,0-3 Mos (High Risk),Moderate (11-20km)
51467,0,6,Computer,3,28,E wallet,Male,3,3,Laptop & Accessory,4,Married,1,0,13,0,1,7,161.46,1.0,1.2,4-12 Mos,Far (21-50km)
51468,1,19,Mobile,1,20,Debit Card,Female,3,3,Mobile,4,Married,10,1,18,3,4,3,149.63,1.0,1.2,1-5 Yrs,Moderate (11-20km)
51469,0,24,Mobile,1,12,Debit Card,Male,2,3,Others,3,Single,8,0,15,8,15,15,295.37,1.0,1.2,1-5 Yrs,Moderate (11-20km)
51470,1,0,Mobile,3,12,Debit Card,Male,3,5,Laptop & Accessory,3,Married,5,1,18,0,7,7,161.72,2.0,2.4,0-3 Mos (High Risk),Moderate (11-20km)
51471,0,0,Mobile,1,13,UPI,Female,2,4,Mobile,4,Married,2,0,19,2,4,3,123.68,1.0,1.2,0-3 Mos (High Risk),Moderate (11-20km)
51472,1,20,Mobile,1,29,Credit Card,Female,3,3,Fashion,1,Married,2,0,12,7,15,6,203.12,1.0,1.2,1-5 Yrs,Far (21-50km)
51473,1,3,Mobile,3,28,E wallet,Male,2,3,Mobile,3,Single,2,1,19,1,1,0,116.75,1.0,1.2,0-3 Mos (High Risk),Far (21-50km)
51474,0,0,Mobile,1,13,Cash on Delivery,Male,3,3,Mobile,1,Married,1,0,14,2,2,1,125.22999999999999,1.0,1.2,0-3 Mos (High Risk),Moderate (11-20km)
51475,0,22,Mobile,1,26,Credit Card,Female,3,3,Laptop & Accessory,5,Married,2,0,14,5,5,11,165.67,1.0,1.2,1-5 Yrs,Far (21-50km)
51476,0,16,Computer,1,34,Credit Card,Female,3,1,Mobile,3,Single,5,0,12,0,1,2,147.39,1.0,1.2,1-5 Yrs,Far (21-50km)
51477,0,23,Computer,3,18,E wallet,Female,3,3,Fashion,1,Single,5,0,11,1,2,1,192.08,1.0,1.2,1-5 Yrs,Moderate (11-20km)
51478,1,0,Mobile,3,26,Debit Card,Female,3,5,Laptop & Accessory,3,Married,4,1,11,0,2,2,145.59,1.0,1.2,0-3 Mos (High Risk),Far (21-50km)
51479,0,14,Mobile,3,15,Debit Card,Male,3,3,Fashion,3,Married,4,1,13,0,1,7,181.89,1.0,1.2,1-5 Yrs,Moderate (11-20km)
51480,0,0,Mobile,2,31,Debit Card,Female,3,3,Mobile,3,Married,2,0,23,2,5,7,129.42,1.0,1.2,0-3 Mos (High Risk),Far (21-50km)
51481,0,9,Mobile,1,12,Credit Card,Male,2,3,Laptop & Accessory,4,Married,7,0,20,0,1,1,149.41,1.0,1.2,4-12 Mos,Moderate (11-20km)
51482,1,14,Computer,1,14,Debit Card,Male,2,5,Fashion,1,Single,3,0,15,1,1,3,206.5,1.0,1.2,1-5 Yrs,Moderate (11-20km)
51483,0,12,Mobile,3,10,Debit Card,Female,2,4,Laptop & Accessory,3,Married,5,0,14,5,5,9,159.02,1.0,1.2,4-12 Mos,Close (0-10km)
51484,0,0,Mobile,3,34,Debit Card,Male,2,4,Laptop & Accessory,3,Married,3,0,18,1,2,2,186.39,1.0,1.2,0-3 Mos (High Risk),Far (21-50km)
51485,0,3,Mobile,2,15,UPI,Male,2,3,Laptop & Accessory,1,Married,1,1,19,4,4,7,163.47,1.0,1.2,0-3 Mos (High Risk),Moderate (11-20km)
51486,1,0,Mobile,1,15,Credit Card,Female,2,3,Mobile,5,Single,8,0,22,1,1,4,142.0,1.0,1.2,0-3 Mos (High Risk),Moderate (11-20km)
51487,0,18,Mobile,1,35,Credit Card,Male,2,3,Mobile,1,Single,6,0,13,1,1,3,134.52,1.0,1.2,1-5 Yrs,Far (21-50km)
51488,0,11,Mobile,1,9,Cash on Delivery,Female,2,3,Laptop & Accessory,3,Single,4,1,20,2,2,2,143.17,1.0,1.2,4-12 Mos,Close (0-10km)
51489,0,3,Mobile,1,13,Debit Card,Female,3,3,Mobile,3,Single,2,0,14,1,1,4,126.32,1.0,1.2,0-3 Mos (High Risk),Moderate (11-20km)
51490,0,5,Computer,3,15,Credit Card,Male,2,5,Laptop & Accessory,1,Married,1,0,17,0,1,7,146.68,1.0,1.2,4-12 Mos,Moderate (11-20km)
51491,0,3,Mobile,1,11,Cash on Delivery,Female,2,3,Mobile,5,Married,6,0,14,0,2,30,132.04,1.0,1.2,0-3 Mos (High Risk),Moderate (11-20km)
51492,0,3,Mobile,1,8,Credit Card,Male,3,4,Mobile,1,Single,1,0,13,0,1,2,127.19999999999999,1.0,1.2,0-3 Mos (High Risk),Close (0-10km)
51493,0,14,Computer,1,16,Debit Card,Male,3,4,Grocery,5,Married,5,0,13,1,7,7,271.81,1.0,1.2,1-5 Yrs,Moderate (11-20km)
51494,0,3,Mobile,1,15,Debit Card,Male,3,3,Mobile,5,Married,3,0,21,0,1,4,122.38,1.0,1.2,0-3 Mos (High Risk),Moderate (11-20km)
51495,0,3,Mobile,1,9,Credit Card,Female,3,3,Mobile,4,Single,2,0,14,1,1,0,114.83000000000001,1.0,1.2,0-3 Mos (High Risk),Close (0-10km)
51496,0,13,Computer,1,32,Credit Card,Female,2,3,Laptop & Accessory,4,Married,2,0,11,0,2,13,156.05,1.0,1.2,1-5 Yrs,Far (21-50km)
51497,0,8,Mobile,3,6,E wallet,Male,3,3,Fashion,4,Married,2,0,13,0,1,6,172.95,1.0,1.2,4-12 Mos,Close (0-10km)
51498,0,8,Mobile,3,12,E wallet,Male,2,3,Laptop & Accessory,3,Married,3,1,20,0,4,5,123.06,1.0,1.2,4-12 Mos,Moderate (11-20km)
51499,0,18,Mobile,1,13,Debit Card,Male,2,3,Laptop & Accessory,4,Married,9,0,18,1,1,15,123.47999999999999,1.0,1.2,1-5 Yrs,Moderate (11-20km)
51500,0,5,Computer,3,14,E wallet,Female,2,3,Fashion,1,Single,2,0,14,2,3,7,189.98,1.0,1.2,4-12 Mos,Moderate (11-20km)
51501,0,2,Computer,1,6,Cash on Delivery,Male,2,3,Laptop & Accessory,3,Married,2,0,13,0,1,9,143.19,1.0,1.2,0-3 Mos (High Risk),Close (0-10km)
51502,0,24,Mobile,1,13,Credit Card,Male,2,4,Laptop & Accessory,3,Married,3,0,17,1,1,0,161.32,1.0,1.2,1-5 Yrs,Moderate (11-20km)
51503,0,30,Mobile,1,15,Credit Card,Female,3,4,Mobile,4,Married,5,1,20,1,1,0,133.46,1.0,1.2,1-5 Yrs,Moderate (11-20km)
51504,0,13,Mobile,3,10,E wallet,Male,3,4,Fashion,1,Married,8,0,11,1,2,11,208.55,1.0,1.2,1-5 Yrs,Close (0-10km)
51505,0,3,Computer,3,8,E wallet,Female,3,3,Mobile,3,Married,7,0,18,0,1,2,122.31,1.0,1.2,0-3 Mos (High Risk),Close (0-10km)
51506,0,0,Mobile,1,13,Credit Card,Male,3,3,Mobile,1,Married,2,0,24,2,2,2,123.22999999999999,1.0,1.2,0-3 Mos (High Risk),Moderate (11-20km)
51507,0,3,Computer,1,15,Credit Card,Male,2,3,Mobile,4,Married,7,0,18,2,2,2,120.24000000000001,1.0,1.2,0-3 Mos (High Risk),Moderate (11-20km)
51508,0,1,Mobile,1,27,Credit Card,Male,3,3,Mobile,1,Married,2,0,11,0,1,2,127.13,1.0,1.2,0-3 Mos (High Risk),Far (21-50km)
51509,0,30,Mobile,1,30,Debit Card,Male,2,1,Fashion,1,Married,4,1,16,1,1,4,194.39,1.0,1.2,1-5 Yrs,Far (21-50km)
51510,0,0,Computer,1,13,Credit Card,Male,3,4,Mobile,3,Married,2,1,15,0,1,1,125.66,1.0,1.2,0-3 Mos (High Risk),Moderate (11-20km)
51511,0,23,Mobile,1,17,Debit Card,Female,2,3,Others,4,Single,4,0,15,0,4,4,299.26,1.0,1.2,1-5 Yrs,Moderate (11-20km)
51512,0,14,Mobile,1,13,Debit Card,Male,2,3,Mobile,3,Married,5,0,12,1,1,8,124.50999999999999,1.0,1.2,1-5 Yrs,Moderate (11-20km)
51513,0,3,Mobile,3,11,Debit Card,Female,2,3,Fashion,1,Married,3,0,12,1,7,4,194.19,1.0,1.2,0-3 Mos (High Risk),Moderate (11-20km)
51514,0,11,Mobile,3,6,Debit Card,Female,2,4,Laptop & Accessory,1,Single,5,0,22,0,1,7,186.86,1.0,1.2,4-12 Mos,Close (0-10km)
51515,0,5,Mobile,1,12,Debit Card,Male,3,3,Mobile,3,Single,4,0,20,0,1,4,130.38,1.0,1.2,4-12 Mos,Moderate (11-20km)
51516,0,0,Mobile,1,23,Cash on Delivery,Male,3,3,Mobile,4,Married,1,1,16,0,1,1,130.58,1.0,1.2,0-3 Mos (High Risk),Far (21-50km)
51517,1,0,Computer,3,14,Cash on Delivery,Female,3,5,Mobile,5,Single,1,0,21,1,1,0,123.25,1.0,1.2,0-3 Mos (High Risk),Moderate (11-20km)
51518,0,3,Computer,1,9,Credit Card,Male,1,3,Mobile,4,Single,5,0,12,2,7,2,120.88,1.0,1.2,0-3 Mos (High Risk),Close (0-10km)
51519,0,3,Computer,1,15,Credit Card,Male,3,3,Laptop & Accessory,5,Married,2,0,11,5,6,10,130.72,1.0,1.2,0-3 Mos (High Risk),Moderate (11-20km)
51520,0,18,Mobile,3,10,Debit Card,Female,1,3,Laptop & Accessory,5,Married,5,1,11,0,1,3,150.06,1.0,1.2,1-5 Yrs,Close (0-10km)
51521,0,29,Mobile,1,14,Debit Card,Female,3,3,Mobile,5,Married,5,1,18,2,2,2,142.57,1.0,1.2,1-5 Yrs,Moderate (11-20km)
51522,0,6,Mobile,1,13,Debit Card,Male,2,3,Mobile,1,Single,1,0,14,1,1,2,125.0,1.0,1.2,4-12 Mos,Moderate (11-20km)
51523,1,0,Mobile,1,8,Debit Card,Male,2,4,Mobile,1,Single,2,0,22,1,1,0,111.02000000000001,1.0,1.2,0-3 Mos (High Risk),Close (0-10km)
51524,0,19,Mobile,3,6,E wallet,Female,3,3,Fashion,5,Married,2,0,25,8,15,7,204.53,1.0,1.2,1-5 Yrs,Close (0-10km)
51525,0,3,Mobile,1,15,Debit Card,Female,3,3,Mobile,1,Single,2,0,12,1,2,1,122.88,1.0,1.2,0-3 Mos (High Risk),Moderate (11-20km)
51526,0,4,Mobile,1,18,Credit Card,Female,3,3,Mobile,1,Married,9,1,23,1,1,2,139.29,1.0,1.2,4-12 Mos,Moderate (11-20km)
51527,0,3,Mobile,1,33,Credit Card,Female,3,3,Mobile,4,Single,3,0,15,0,1,2,123.11000000000001,1.0,1.2,0-3 Mos (High Risk),Far (21-50km)
51528,1,4,Mobile,3,26,E wallet,Female,3,3,Mobile,4,Single,2,1,22,0,1,2,131.4,1.0,1.2,4-12 Mos,Far (21-50km)
51529,0,23,Mobile,1,6,Credit Card,Male,2,4,Mobile,3,Married,3,0,15,1,1,2,136.9,1.0,1.2,1-5 Yrs,Close (0-10km)
51530,0,26,Mobile,1,19,Credit Card,Female,2,1,Laptop & Accessory,5,Married,2,0,11,1,1,3,144.5,1.0,1.2,1-5 Yrs,Moderate (11-20km)
51531,0,6,Mobile,1,20,Credit Card,Female,3,3,Mobile,4,Married,2,0,13,1,1,6,127.56,1.0,1.2,4-12 Mos,Moderate (11-20km)
51532,0,13,Mobile,1,10,Credit Card,Female,2,3,Others,3,Married,2,0,14,1,9,9,290.33,1.0,1.2,1-5 Yrs,Close (0-10km)
51533,0,28,Mobile,1,20,Credit Card,Male,3,1,Others,4,Single,9,0,11,1,2,15,287.22,1.0,1.2,1-5 Yrs,Moderate (11-20km)
51534,0,7,Computer,1,8,Debit Card,Male,2,4,Laptop & Accessory,3,Married,2,0,17,0,1,9,195.47,1.0,1.2,4-12 Mos,Close (0-10km)
51535,0,24,Mobile,1,9,Credit Card,Female,3,3,Grocery,4,Single,4,0,18,1,4,0,237.33999999999997,1.0,1.2,1-5 Yrs,Close (0-10km)
51536,0,25,Mobile,1,6,Debit Card,Male,3,4,Others,3,Married,1,0,15,7,11,9,299.99,1.0,1.2,1-5 Yrs,Close (0-10km)
51537,0,3,Mobile,1,15,Credit Card,Female,4,3,Mobile,4,Single,2,0,16,0,1,3,122.78999999999999,1.0,1.2,0-3 Mos (High Risk),Moderate (11-20km)
51538,1,0,Mobile,1,29,Debit Card,Male,2,4,Laptop & Accessory,3,Married,4,1,13,1,1,1,159.16,1.0,1.2,0-3 Mos (High Risk),Far (21-50km)
51539,0,3,Computer,1,13,Credit Card,Male,2,1,Mobile,1,Married,5,0,14,1,2,2,120.88999999999999,1.0,1.2,0-3 Mos (High Risk),Moderate (11-20km)
51540,0,18,Computer,1,8,Credit Card,Male,3,4,Grocery,1,Married,10,0,23,1,11,8,267.92,1.0,1.2,1-5 Yrs,Close (0-10km)
51541,0,10,Mobile,1,27,Debit Card,Male,3,1,Mobile,5,Married,2,1,12,1,1,7,135.64,1.0,1.2,4-12 Mos,Far (21-50km)
51542,0,8,Computer,1,8,Credit Card,Female,2,3,Laptop & Accessory,4,Single,6,0,11,0,1,2,144.25,1.0,1.2,4-12 Mos,Close (0-10km)
51543,0,15,Computer,1,27,Credit Card,Female,2,3,Laptop & Accessory,3,Married,3,0,16,0,1,2,152.65,1.0,1.2,1-5 Yrs,Far (21-50km)
51544,0,11,Mobile,1,8,Debit Card,Male,2,3,Laptop & Accessory,3,Married,10,0,14,1,1,0,165.53,1.0,1.2,4-12 Mos,Close (0-10km)
51545,0,11,Mobile,1,35,Cash on Delivery,Male,2,3,Laptop & Accessory,1,Married,4,0,18,0,1,7,162.61,1.0,1.2,4-12 Mos,Far (21-50km)
51546,0,0,Computer,1,6,Cash on Delivery,Male,2,4,Laptop & Accessory,5,Married,6,0,19,2,2,0,142.98,1.0,1.2,0-3 Mos (High Risk),Close (0-10km)
51547,0,22,Computer,1,24,Debit Card,Male,3,3,Laptop & Accessory,1,Married,2,1,15,0,1,7,168.04,1.0,1.2,1-5 Yrs,Far (21-50km)
51548,0,7,Computer,1,16,Credit Card,Male,2,3,Mobile,3,Married,2,1,17,2,2,0,138.15,1.0,1.2,4-12 Mos,Moderate (11-20km)
51549,0,13,Mobile,1,25,Credit Card,Male,3,3,Laptop & Accessory,1,Married,9,1,15,3,3,7,127.41,1.0,1.2,1-5 Yrs,Far (21-50km)
51550,1,1,Mobile,1,35,Credit Card,Male,3,3,Laptop & Accessory,5,Married,8,1,19,1,1,0,166.73,1.0,1.2,0-3 Mos (High Risk),Far (21-50km)
51551,1,0,Mobile,3,33,E wallet,Female,2,3,Fashion,1,Married,2,0,22,0,1,9,176.39,1.0,1.2,0-3 Mos (High Risk),Far (21-50km)
51552,0,0,Mobile,1,13,Debit Card,Male,2,1,Mobile,4,Married,2,1,16,2,2,2,123.28,1.0,1.2,0-3 Mos (High Risk),Moderate (11-20km)
51553,0,3,Computer,1,24,Credit Card,Female,3,3,Mobile,1,Single,2,0,13,0,1,7,121.53,1.0,1.2,0-3 Mos (High Risk),Far (21-50km)
51554,0,13,Computer,1,15,Debit Card,Male,3,4,Laptop & Accessory,1,Married,10,0,14,0,1,2,148.76,1.0,1.2,1-5 Yrs,Moderate (11-20km)
51555,0,19,Mobile,1,6,Credit Card,Male,3,3,Fashion,5,Married,8,0,16,0,1,3,193.96,1.0,1.2,1-5 Yrs,Close (0-10km)
51556,1,0,Mobile,3,10,Credit Card,Male,2,5,Fashion,1,Married,2,0,11,6,9,8,204.0,1.0,1.2,0-3 Mos (High Risk),Close (0-10km)
51557,0,3,Computer,1,6,Debit Card,Male,2,4,Fashion,3,Single,2,0,22,4,5,8,184.74,1.0,1.2,0-3 Mos (High Risk),Close (0-10km)
51558,0,0,Computer,3,26,Debit Card,Female,2,3,Laptop & Accessory,3,Single,2,0,14,1,1,7,199.81,1.0,1.2,0-3 Mos (High Risk),Far (21-50km)
51559,0,24,Mobile,1,14,Debit Card,Male,2,4,Fashion,4,Married,6,0,16,2,4,3,224.89999999999998,1.0,1.2,1-5 Yrs,Moderate (11-20km)
51560,1,0,Mobile,1,13,Cash on Delivery,Female,2,3,Mobile,5,Single,6,1,11,0,1,4,126.57,1.0,1.2,0-3 Mos (High Risk),Moderate (11-20km)
51561,0,14,Mobile,3,12,Debit Card,Female,3,3,Fashion,1,Single,4,1,18,0,2,0,235.91000000000003,1.0,1.2,1-5 Yrs,Moderate (11-20km)
51562,1,0,Computer,3,32,E wallet,Female,2,4,Laptop & Accessory,5,Single,6,0,15,1,1,1,166.96,1.0,1.2,0-3 Mos (High Risk),Far (21-50km)
51563,1,3,Mobile,1,6,Cash on Delivery,Male,2,3,Mobile,3,Single,1,0,14,0,1,5,120.58000000000001,1.0,1.2,0-3 Mos (High Risk),Close (0-10km)
51564,0,18,Computer,3,12,Credit Card,Female,2,4,Fashion,1,Single,7,0,12,5,12,8,188.65,1.0,1.2,1-5 Yrs,Moderate (11-20km)
51565,0,27,Mobile,3,9,E wallet,Female,2,3,Laptop & Accessory,5,Married,3,0,14,1,1,5,159.4,1.0,1.2,1-5 Yrs,Close (0-10km)
51566,0,9,Mobile,1,11,Debit Card,Male,3,3,Laptop & Accessory,4,Single,9,0,16,2,3,7,159.14,1.0,1.2,4-12 Mos,Moderate (11-20km)
51567,0,6,Mobile,1,13,Credit Card,Female,2,4,Mobile,4,Married,7,0,21,0,1,1,126.22,1.0,1.2,4-12 Mos,Moderate (11-20km)
51568,0,10,Computer,1,17,UPI,Male,2,3,Fashion,1,Married,2,1,14,1,1,3,221.85000000000002,1.0,1.2,4-12 Mos,Moderate (11-20km)
51569,0,11,Mobile,3,9,Debit Card,Male,3,3,Fashion,3,Married,1,0,12,1,5,13,206.08999999999997,1.0,1.2,4-12 Mos,Close (0-10km)
51570,0,4,Computer,1,6,Credit Card,Male,2,5,Laptop & Accessory,3,Married,1,0,12,0,1,4,143.45,1.0,1.2,4-12 Mos,Close (0-10km)
51571,0,3,Mobile,1,9,Debit Card,Male,3,4,Mobile,1,Married,4,0,17,0,1,0,121.77000000000001,1.0,1.2,0-3 Mos (High Risk),Close (0-10km)
51572,0,10,Computer,3,10,E wallet,Male,3,3,Mobile,1,Married,5,0,17,3,5,8,127.93,1.0,1.2,4-12 Mos,Close (0-10km)
51573,0,2,Computer,3,6,Credit Card,Female,2,3,Fashion,1,Married,2,0,14,4,4,1,179.18,1.0,1.2,0-3 Mos (High Risk),Close (0-10km)
51574,0,8,Computer,3,6,E wallet,Female,3,3,Fashion,3,Single,2,0,14,1,1,8,187.89,1.0,1.2,4-12 Mos,Close (0-10km)
51575,1,0,Mobile,1,13,Credit Card,Male,2,4,Mobile,1,Single,2,1,13,0,1,1,123.88999999999999,1.0,1.2,0-3 Mos (High Risk),Moderate (11-20km)
51576,0,25,Mobile,1,8,Debit Card,Female,2,4,Mobile,1,Single,8,0,15,2,2,2,132.12,1.0,1.2,1-5 Yrs,Close (0-10km)
51577,0,15,Mobile,1,10,Cash on Delivery,Male,2,3,Others,1,Married,2,0,15,0,11,15,292.32,1.0,1.2,1-5 Yrs,Close (0-10km)
51578,0,3,Mobile,2,12,Credit Card,Male,2,3,Mobile,3,Married,9,0,17,0,2,2,122.66999999999999,1.0,1.2,0-3 Mos (High Risk),Moderate (11-20km)
51579,0,23,Mobile,3,6,Credit Card,Female,3,3,Others,1,Married,4,0,15,1,1,6,295.17,1.0,1.2,1-5 Yrs,Close (0-10km)
51580,1,0,Mobile,1,13,Credit Card,Male,2,3,Mobile,1,Married,6,1,13,1,1,4,124.36000000000001,1.0,1.2,0-3 Mos (High Risk),Moderate (11-20km)
51581,0,16,Mobile,3,22,E wallet,Female,3,3,Grocery,1,Married,6,1,22,0,4,9,260.64,1.0,1.2,1-5 Yrs,Far (21-50km)
51582,1,0,Mobile,1,8,Debit Card,Female,3,3,Mobile,5,Married,8,0,20,1,1,7,127.07,1.0,1.2,0-3 Mos (High Risk),Close (0-10km)
51583,0,25,Computer,3,8,Debit Card,Male,3,4,Others,3,Single,2,1,18,1,15,12,290.68,3.0,3.5999999999999996,1-5 Yrs,Close (0-10km)
51584,0,5,Mobile,3,10,Debit Card,Female,2,3,Mobile,4,Married,3,0,11,1,1,2,139.31,1.0,1.2,4-12 Mos,Close (0-10km)
51585,1,0,Mobile,1,6,Debit Card,Male,3,4,Mobile,3,Single,1,1,14,0,1,2,137.3,1.0,1.2,0-3 Mos (High Risk),Close (0-10km)
51586,0,3,Mobile,1,6,Credit Card,Female,3,3,Mobile,3,Married,8,0,14,1,1,2,122.32,1.0,1.2,0-3 Mos (High Risk),Close (0-10km)
51587,0,5,Computer,3,32,E wallet,Male,3,3,Laptop & Accessory,1,Married,1,0,18,2,2,2,144.65,1.0,1.2,4-12 Mos,Far (21-50km)
51588,0,14,Mobile,1,25,Debit Card,Male,3,3,Laptop & Accessory,5,Married,3,0,16,0,1,0,130.72,1.0,1.2,1-5 Yrs,Far (21-50km)
51589,0,13,Mobile,1,30,Cash on Delivery,Male,3,3,Laptop & Accessory,1,Married,2,0,17,2,4,7,133.19,1.0,1.2,1-5 Yrs,Far (21-50km)
51590,0,18,Mobile,1,6,UPI,Male,3,1,Others,1,Married,1,0,15,1,1,7,292.02,1.0,1.2,1-5 Yrs,Close (0-10km)
51591,0,4,Computer,1,9,Credit Card,Male,3,3,Fashion,3,Married,10,0,12,2,2,2,236.75,1.0,1.2,4-12 Mos,Close (0-10km)
51592,0,6,Mobile,1,11,Debit Card,Female,3,4,Mobile,1,Married,2,0,13,0,1,2,129.11,1.0,1.2,4-12 Mos,Moderate (11-20km)
51593,0,7,Mobile,1,8,Debit Card,Male,2,4,Laptop & Accessory,5,Married,7,0,13,0,5,9,159.57,1.0,1.2,4-12 Mos,Close (0-10km)
51594,0,10,Mobile,1,6,Credit Card,Female,2,4,Mobile,5,Married,3,0,14,0,1,2,139.2,1.0,1.2,4-12 Mos,Close (0-10km)
51595,0,18,Computer,1,13,Debit Card,Male,3,1,Laptop & Accessory,3,Married,5,0,17,1,1,2,164.34,1.0,1.2,1-5 Yrs,Moderate (11-20km)
51596,1,0,Computer,1,16,Credit Card,Male,3,3,Fashion,3,Married,7,0,11,0,1,0,200.48,1.0,1.2,0-3 Mos (High Risk),Moderate (11-20km)
51597,0,12,Computer,1,8,Cash on Delivery,Female,3,3,Fashion,3,Single,1,0,25,6,11,3,209.38,1.0,1.2,4-12 Mos,Close (0-10km)
51598,0,2,Mobile,1,13,Debit Card,Male,2,3,Mobile,1,Single,2,0,19,1,1,5,123.4,1.0,1.2,0-3 Mos (High Risk),Moderate (11-20km)
51599,0,15,Mobile,1,23,Debit Card,Female,2,1,Laptop & Accessory,5,Single,4,1,13,1,1,2,165.45,1.0,1.2,1-5 Yrs,Far (21-50km)
51600,0,2,Mobile,3,26,E wallet,Male,2,3,Laptop & Accessory,1,Married,3,0,14,1,1,2,169.31,1.0,1.2,0-3 Mos (High Risk),Far (21-50km)
51601,0,0,Mobile,1,6,Debit Card,Female,3,3,Laptop & Accessory,3,Married,1,0,12,1,1,2,148.98,1.0,1.2,0-3 Mos (High Risk),Close (0-10km)
51602,0,15,Mobile,1,13,Credit Card,Female,2,4,Mobile,5,Married,1,1,11,7,7,8,125.93,2.0,2.4,1-5 Yrs,Moderate (11-20km)
51603,0,13,Mobile,1,8,Credit Card,Male,2,3,Others,3,Married,1,0,15,3,3,9,294.36,1.0,1.2,1-5 Yrs,Close (0-10km)
51604,0,24,Mobile,1,6,Debit Card,Male,3,3,Mobile,1,Married,2,0,11,1,1,0,127.22999999999999,1.0,1.2,1-5 Yrs,Close (0-10km)
51605,1,0,Computer,1,35,Credit Card,Male,3,4,Mobile,4,Single,1,0,11,0,1,4,134.79,1.0,1.2,0-3 Mos (High Risk),Far (21-50km)
51606,0,5,Computer,1,13,Debit Card,Male,3,1,Mobile,4,Married,2,0,20,0,1,3,127.94,1.0,1.2,4-12 Mos,Moderate (11-20km)
51607,0,11,Computer,3,8,Debit Card,Male,2,4,Laptop & Accessory,1,Married,4,0,18,1,7,5,152.49,1.0,1.2,4-12 Mos,Close (0-10km)
51608,0,8,Mobile,1,8,Cash on Delivery,Male,2,4,Laptop & Accessory,5,Single,5,0,13,0,1,4,121.75999999999999,1.0,1.2,4-12 Mos,Close (0-10km)
51609,0,19,Mobile,3,8,Cash on Delivery,Female,3,5,Grocery,4,Married,4,1,12,1,7,7,268.72,2.0,2.4,1-5 Yrs,Close (0-10km)
51610,1,0,Mobile,1,8,Debit Card,Male,3,3,Mobile,3,Single,3,0,11,0,1,0,134.85,1.0,1.2,0-3 Mos (High Risk),Close (0-10km)
51611,0,2,Mobile,3,8,Credit Card,Male,3,4,Laptop & Accessory,4,Married,3,0,19,1,1,0,166.44,1.0,1.2,0-3 Mos (High Risk),Close (0-10km)
51612,0,4,Mobile,1,29,Credit Card,Male,3,4,Laptop & Accessory,1,Married,1,0,21,0,7,8,155.82,1.0,1.2,4-12 Mos,Far (21-50km)
51613,0,0,Computer,1,11,Debit Card,Male,2,1,Laptop & Accessory,5,Married,2,0,12,1,1,5,140.0,1.0,1.2,0-3 Mos (High Risk),Moderate (11-20km)
51614,0,18,Mobile,1,26,Credit Card,Male,3,3,Grocery,1,Married,1,1,14,2,4,10,234.95999999999998,1.0,1.2,1-5 Yrs,Far (21-50km)
51615,0,9,Mobile,1,12,Debit Card,Male,2,3,Mobile,1,Married,1,0,11,1,10,11,132.1,1.0,1.2,4-12 Mos,Moderate (11-20km)
51616,0,28,Mobile,1,6,Credit Card,Male,2,3,Others,5,Single,1,1,14,1,4,13,290.45,1.0,1.2,1-5 Yrs,Close (0-10km)
51617,1,10,Computer,1,35,Debit Card,Male,2,3,Fashion,4,Married,2,1,12,4,9,3,218.49,2.0,2.4,4-12 Mos,Far (21-50km)
51618,0,3,Mobile,1,15,Credit Card,Male,3,3,Mobile,1,Married,2,0,23,1,1,4,120.69999999999999,1.0,1.2,0-3 Mos (High Risk),Moderate (11-20km)
51619,0,10,Mobile,3,12,Credit Card,Male,3,3,Laptop & Accessory,1,Married,5,0,14,1,1,1,165.02,1.0,1.2,4-12 Mos,Moderate (11-20km)
51620,0,0,Mobile,1,9,Credit Card,Male,3,4,Mobile,3,Single,2,0,17,1,1,0,132.3,1.0,1.2,0-3 Mos (High Risk),Close (0-10km)
51621,0,10,Computer,1,6,Credit Card,Female,3,3,Fashion,1,Married,3,1,18,0,2,2,236.02999999999997,1.0,1.2,4-12 Mos,Close (0-10km)
51622,0,8,Mobile,1,28,Debit Card,Female,3,1,Fashion,4,Married,8,0,18,5,6,3,219.95999999999998,1.0,1.2,4-12 Mos,Far (21-50km)
51623,0,11,Mobile,3,13,Credit Card,Female,2,1,Laptop & Accessory,5,Married,2,1,24,4,7,7,156.05,2.0,2.4,4-12 Mos,Moderate (11-20km)
51624,0,0,Computer,1,6,Debit Card,Female,2,3,Laptop & Accessory,4,Married,2,0,20,1,1,4,163.97,1.0,1.2,0-3 Mos (High Risk),Close (0-10km)
51625,0,23,Mobile,1,10,Debit Card,Male,3,3,Others,4,Married,4,0,14,1,1,6,291.44,1.0,1.2,1-5 Yrs,Close (0-10km)
51626,0,26,Mobile,1,9,Credit Card,Male,2,3,Grocery,3,Married,4,1,16,1,1,3,275.84,1.0,1.2,1-5 Yrs,Close (0-10km)
51627,0,15,Mobile,3,6,Debit Card,Male,1,3,Laptop & Accessory,3,Married,2,0,25,6,11,6,149.07,1.0,1.2,1-5 Yrs,Close (0-10km)
51628,0,2,Computer,3,8,Debit Card,Male,2,3,Laptop & Accessory,1,Single,2,0,18,0,1,9,145.54,1.0,1.2,0-3 Mos (High Risk),Close (0-10km)
51629,0,28,Mobile,1,26,Cash on Delivery,Male,2,3,Laptop & Accessory,1,Married,4,1,19,0,1,8,154.15,1.0,1.2,1-5 Yrs,Far (21-50km)
51630,0,0,Computer,1,17,Credit Card,Male,2,3,Laptop & Accessory,5,Married,2,1,13,1,3,3,147.41,1.0,1.2,0-3 Mos (High Risk),Moderate (11-20km)
51631,0,3,Mobile,1,6,Debit Card,Female,2,3,Mobile,1,Single,2,0,12,1,5,7,121.15,1.0,1.2,0-3 Mos (High Risk),Close (0-10km)
51632,1,7,Computer,1,30,Debit Card,Male,3,3,Mobile,3,Married,4,1,22,0,1,0,131.61,1.0,1.2,4-12 Mos,Far (21-50km)
51633,0,11,Mobile,1,29,Debit Card,Male,2,3,Laptop & Accessory,1,Married,10,0,14,0,1,2,157.45,1.0,1.2,4-12 Mos,Far (21-50km)
51634,1,0,Mobile,1,13,Credit Card,Male,2,3,Mobile,4,Married,3,1,13,1,1,2,123.72999999999999,1.0,1.2,0-3 Mos (High Risk),Moderate (11-20km)
51635,0,1,Mobile,1,14,Debit Card,Female,3,3,Mobile,1,Single,2,0,21,1,1,2,133.1,1.0,1.2,0-3 Mos (High Risk),Moderate (11-20km)
51636,0,22,Computer,1,16,Debit Card,Female,2,3,Others,5,Single,10,1,11,1,1,2,286.65,1.0,1.2,1-5 Yrs,Moderate (11-20km)
51637,0,9,Mobile,1,9,Cash on Delivery,Male,1,3,Laptop & Accessory,4,Single,5,0,12,2,7,7,144.85,1.0,1.2,4-12 Mos,Close (0-10km)
51638,0,4,Computer,3,11,E wallet,Female,3,3,Mobile,4,Married,2,0,11,0,2,2,127.88999999999999,1.0,1.2,4-12 Mos,Moderate (11-20km)
51639,1,0,Mobile,3,10,E wallet,Male,2,4,Laptop & Accessory,1,Single,2,1,12,4,7,4,158.28,2.0,2.4,0-3 Mos (High Risk),Close (0-10km)
51640,0,10,Computer,1,13,Credit Card,Male,2,3,Mobile,1,Married,2,1,12,0,1,2,123.25999999999999,1.0,1.2,4-12 Mos,Moderate (11-20km)
51641,0,15,Computer,3,32,E wallet,Female,3,3,Grocery,4,Married,6,0,14,3,4,8,235.25,1.0,1.2,1-5 Yrs,Far (21-50km)
51642,1,3,Mobile,1,9,Debit Card,Male,2,3,Mobile,3,Single,2,0,13,1,1,0,114.19999999999999,1.0,1.2,0-3 Mos (High Risk),Close (0-10km)
51643,0,8,Mobile,3,22,E wallet,Male,3,3,Fashion,4,Married,1,0,15,3,6,9,180.2,1.0,1.2,4-12 Mos,Far (21-50km)
51644,0,9,Computer,1,24,Debit Card,Male,2,1,Mobile,1,Married,5,0,18,1,1,0,136.88,1.0,1.2,4-12 Mos,Far (21-50km)
51645,0,24,Mobile,1,8,Credit Card,Male,2,5,Laptop & Accessory,4,Married,6,0,18,0,1,2,154.82,1.0,1.2,1-5 Yrs,Close (0-10km)
51646,0,14,Mobile,3,8,Debit Card,Male,2,3,Grocery,4,Single,2,0,19,1,4,4,260.15,1.0,1.2,1-5 Yrs,Close (0-10km)
51647,0,3,Mobile,3,16,Credit Card,Female,3,4,Mobile,3,Single,2,0,12,0,1,0,112.0,1.0,1.2,0-3 Mos (High Risk),Moderate (11-20km)
51648,0,1,Mobile,1,22,Credit Card,Male,3,1,Laptop & Accessory,5,Single,1,0,19,0,1,7,156.61,1.0,1.2,0-3 Mos (High Risk),Far (21-50km)
51649,0,4,Mobile,3,13,Cash on Delivery,Male,3,1,Laptop & Accessory,1,Married,5,0,11,3,7,7,169.29,1.0,1.2,4-12 Mos,Moderate (11-20km)
51650,0,12,Mobile,1,6,Credit Card,Male,2,1,Fashion,1,Married,1,0,17,1,3,7,196.13,1.0,1.2,4-12 Mos,Close (0-10km)
51651,0,9,Computer,1,30,Debit Card,Female,2,3,Laptop & Accessory,4,Married,8,0,15,1,1,8,156.74,1.0,1.2,4-12 Mos,Far (21-50km)
51652,0,5,Mobile,3,13,Debit Card,Male,3,4,Laptop & Accessory,3,Married,2,0,14,3,4,8,154.84,1.0,1.2,4-12 Mos,Moderate (11-20km)
51653,0,11,Mobile,1,31,Debit Card,Female,2,4,Fashion,4,Married,4,0,17,0,1,3,220.61,1.0,1.2,4-12 Mos,Far (21-50km)
51654,0,30,Computer,1,6,Debit Card,Male,2,5,Laptop & Accessory,3,Married,3,1,13,1,1,2,156.6,1.0,1.2,1-5 Yrs,Close (0-10km)
51655,0,4,Mobile,1,11,Cash on Delivery,Male,2,3,Mobile,1,Married,1,1,12,1,1,3,148.21,1.0,1.2,4-12 Mos,Moderate (11-20km)
51656,0,4,Mobile,2,8,UPI,Male,3,4,Laptop & Accessory,5,Married,4,0,12,0,1,0,164.1,1.0,1.2,4-12 Mos,Close (0-10km)
51657,0,18,Computer,1,13,Debit Card,Male,3,3,Fashion,5,Married,2,0,18,2,9,11,152.1,1.0,1.2,1-5 Yrs,Moderate (11-20km)
51658,0,4,Mobile,1,8,Debit Card,Male,3,3,Mobile,1,Married,1,1,18,2,2,2,126.94999999999999,1.0,1.2,4-12 Mos,Close (0-10km)
51659,0,6,Computer,1,11,Debit Card,Female,3,3,Fashion,4,Married,7,0,11,7,8,3,218.77999999999997,1.0,1.2,4-12 Mos,Moderate (11-20km)
51660,0,0,Mobile,1,16,Credit Card,Male,3,3,Grocery,5,Married,2,1,14,1,11,10,270.68,3.0,3.5999999999999996,0-3 Mos (High Risk),Moderate (11-20km)
51661,0,16,Computer,1,13,Debit Card,Female,2,3,Mobile,1,Single,1,0,19,0,1,7,124.55000000000001,1.0,1.2,1-5 Yrs,Moderate (11-20km)
51662,0,22,Mobile,1,6,Cash on Delivery,Female,2,4,Grocery,3,Single,8,1,12,0,4,7,239.64,1.0,1.2,1-5 Yrs,Close (0-10km)
51663,1,15,Mobile,1,14,Credit Card,Male,2,4,Laptop & Accessory,4,Married,3,0,15,7,7,7,149.41,1.0,1.2,1-5 Yrs,Moderate (11-20km)
51664,0,0,Mobile,1,13,Debit Card,Female,2,3,Mobile,4,Single,2,1,12,0,1,2,124.78,1.0,1.2,0-3 Mos (High Risk),Moderate (11-20km)
51665,0,5,Mobile,3,14,Cash on Delivery,Female,3,4,Laptop & Accessory,4,Married,2,1,11,11,11,9,152.28,3.0,3.5999999999999996,4-12 Mos,Moderate (11-20km)
51666,0,0,Mobile,3,8,Debit Card,Male,3,3,Laptop & Accessory,3,Single,2,1,11,0,1,4,144.78,1.0,1.2,0-3 Mos (High Risk),Close (0-10km)
51667,0,4,Mobile,3,13,E wallet,Male,3,3,Laptop & Accessory,1,Married,5,0,12,0,1,7,175.47,1.0,1.2,4-12 Mos,Moderate (11-20km)
51668,0,5,Mobile,1,8,Credit Card,Female,3,1,Laptop & Accessory,1,Single,8,0,16,0,1,7,150.55,1.0,1.2,4-12 Mos,Close (0-10km)
51669,1,0,Mobile,1,8,Credit Card,Male,2,5,Mobile,1,Married,6,1,13,1,2,2,134.64,1.0,1.2,0-3 Mos (High Risk),Close (0-10km)
51670,0,3,Mobile,1,34,Credit Card,Female,3,3,Laptop & Accessory,1,Married,2,0,13,1,1,9,157.75,1.0,1.2,0-3 Mos (High Risk),Far (21-50km)
51671,0,4,Computer,1,13,Debit Card,Female,2,4,Fashion,3,Married,2,0,24,7,8,9,189.43,1.0,1.2,4-12 Mos,Moderate (11-20km)
51672,0,12,Computer,1,13,Credit Card,Male,2,4,Others,1,Married,2,0,15,6,13,3,292.72,1.0,1.2,4-12 Mos,Moderate (11-20km)
51673,1,2,Mobile,3,9,Credit Card,Female,2,3,Laptop & Accessory,3,Married,5,1,18,1,1,0,152.38,1.0,1.2,0-3 Mos (High Risk),Close (0-10km)
51674,0,6,Computer,3,16,E wallet,Male,2,4,Laptop & Accessory,1,Single,4,0,14,1,1,1,146.82,1.0,1.2,4-12 Mos,Moderate (11-20km)
51675,0,20,Mobile,1,11,Debit Card,Male,2,3,Others,3,Married,5,0,11,1,1,1,283.0,1.0,1.2,1-5 Yrs,Moderate (11-20km)
51676,0,16,Computer,1,16,Debit Card,Female,2,4,Laptop & Accessory,3,Married,2,0,11,1,1,0,152.57,1.0,1.2,1-5 Yrs,Moderate (11-20km)
51677,0,0,Computer,3,6,E wallet,Male,3,3,Laptop & Accessory,4,Married,1,1,13,0,1,4,163.49,1.0,1.2,0-3 Mos (High Risk),Close (0-10km)
51678,0,27,Computer,1,26,Debit Card,Female,2,3,Laptop & Accessory,3,Single,4,0,12,0,1,3,148.69,1.0,1.2,1-5 Yrs,Far (21-50km)
51679,0,16,Mobile,1,13,Debit Card,Female,2,3,Fashion,5,Married,9,0,16,1,1,0,199.85,1.0,1.2,1-5 Yrs,Moderate (11-20km)
51680,0,18,Mobile,1,14,UPI,Male,3,3,Laptop & Accessory,1,Married,10,0,14,8,9,8,136.97,1.0,1.2,1-5 Yrs,Moderate (11-20km)
51681,0,13,Mobile,3,6,Credit Card,Male,2,5,Laptop & Accessory,1,Married,3,1,22,1,1,2,174.57,1.0,1.2,1-5 Yrs,Close (0-10km)
51682,1,3,Mobile,1,14,UPI,Male,3,5,Mobile,5,Married,2,1,11,0,1,7,121.19,1.0,1.2,0-3 Mos (High Risk),Moderate (11-20km)
51683,0,2,Mobile,1,15,UPI,Male,1,4,Mobile,1,Single,1,0,17,1,2,2,139.83,1.0,1.2,0-3 Mos (High Risk),Moderate (11-20km)
51684,0,3,Mobile,3,11,E wallet,Female,1,4,Laptop & Accessory,3,Married,2,0,13,1,1,2,161.18,1.0,1.2,0-3 Mos (High Risk),Moderate (11-20km)
51685,0,0,Mobile,3,14,E wallet,Female,2,3,Laptop & Accessory,4,Married,2,0,18,0,1,7,162.14,1.0,1.2,0-3 Mos (High Risk),Moderate (11-20km)
51686,0,10,Mobile,1,11,Credit Card,Male,3,3,Laptop & Accessory,1,Married,8,0,16,1,1,4,163.47,1.0,1.2,4-12 Mos,Moderate (11-20km)
51687,0,11,Mobile,1,21,Debit Card,Male,3,4,Fashion,1,Married,1,1,14,2,2,3,215.10000000000002,1.0,1.2,4-12 Mos,Far (21-50km)
51688,0,4,Mobile,1,13,Credit Card,Female,2,3,Fashion,1,Single,2,1,14,4,4,10,171.43,1.0,1.2,4-12 Mos,Moderate (11-20km)
51689,0,2,Mobile,3,16,E wallet,Female,2,4,Laptop & Accessory,4,Married,2,1,14,1,1,7,182.68,1.0,1.2,0-3 Mos (High Risk),Moderate (11-20km)
51690,0,8,Mobile,1,11,Cash on Delivery,Male,3,3,Fashion,4,Single,1,0,13,1,1,13,180.95,1.0,1.2,4-12 Mos,Moderate (11-20km)
51691,0,0,Mobile,1,32,Debit Card,Male,3,3,Mobile,1,Married,2,0,12,0,1,2,129.04,1.0,1.2,0-3 Mos (High Risk),Far (21-50km)
51692,0,14,Mobile,1,12,Credit Card,Male,3,4,Laptop & Accessory,4,Single,7,1,15,1,1,2,160.32,1.0,1.2,1-5 Yrs,Moderate (11-20km)
51693,0,20,Computer,3,10,Credit Card,Male,3,3,Laptop & Accessory,3,Single,4,0,19,0,1,0,129.76,1.0,1.2,1-5 Yrs,Close (0-10km)
51694,0,15,Mobile,1,29,Debit Card,Female,2,3,Grocery,1,Single,3,0,14,0,4,0,259.92,1.0,1.2,1-5 Yrs,Far (21-50km)
51695,0,2,Computer,3,8,Debit Card,Male,3,3,Laptop & Accessory,3,Married,2,0,14,1,1,2,146.49,1.0,1.2,0-3 Mos (High Risk),Close (0-10km)
51696,0,15,Mobile,2,8,Cash on Delivery,Male,3,3,Mobile,3,Married,1,1,11,1,1,0,126.96000000000001,1.0,1.2,1-5 Yrs,Close (0-10km)
51697,0,5,Mobile,1,13,Credit Card,Female,3,3,Mobile,4,Married,2,0,13,0,1,7,123.69999999999999,1.0,1.2,4-12 Mos,Moderate (11-20km)
51698,0,21,Mobile,3,35,Credit Card,Female,3,3,Fashion,3,Married,4,0,21,0,1,3,225.04000000000002,1.0,1.2,1-5 Yrs,Far (21-50km)
51699,0,10,Mobile,1,12,Credit Card,Male,2,1,Laptop & Accessory,5,Married,5,1,13,6,6,7,159.74,2.0,2.4,4-12 Mos,Moderate (11-20km)
51700,0,3,Computer,3,31,Cash on Delivery,Female,2,3,Laptop & Accessory,3,Married,8,1,12,2,2,2,147.36,1.0,1.2,0-3 Mos (High Risk),Far (21-50km)
51701,0,0,Mobile,3,6,Debit Card,Male,2,3,Laptop & Accessory,3,Married,2,0,17,0,7,7,152.96,1.0,1.2,0-3 Mos (High Risk),Close (0-10km)
51702,0,15,Mobile,1,8,UPI,Male,3,4,Laptop & Accessory,1,Single,4,0,23,1,1,0,167.81,1.0,1.2,1-5 Yrs,Close (0-10km)
51703,1,3,Computer,3,6,Cash on Delivery,Female,3,4,Mobile,4,Single,2,1,11,1,1,2,121.74000000000001,1.0,1.2,0-3 Mos (High Risk),Close (0-10km)
51704,0,9,Computer,3,6,Credit Card,Female,2,3,Laptop & Accessory,1,Single,5,0,15,1,1,0,166.53,1.0,1.2,4-12 Mos,Close (0-10km)
51705,0,9,Computer,3,9,Credit Card,Male,2,4,Fashion,1,Married,5,0,11,0,1,12,196.99,1.0,1.2,4-12 Mos,Close (0-10km)
51706,0,30,Mobile,1,6,Credit Card,Male,2,3,Laptop & Accessory,3,Married,3,0,11,0,1,2,167.55,1.0,1.2,1-5 Yrs,Close (0-10km)
51707,0,3,Mobile,1,16,Debit Card,Female,2,1,Mobile,3,Married,4,1,13,0,1,7,122.13,1.0,1.2,0-3 Mos (High Risk),Moderate (11-20km)
51708,0,0,Computer,3,14,Credit Card,Male,2,3,Mobile,1,Single,2,0,24,2,2,2,126.1,1.0,1.2,0-3 Mos (High Risk),Moderate (11-20km)
51709,1,0,Mobile,3,11,E wallet,Female,3,3,Mobile,3,Single,2,1,13,0,1,0,128.51,1.0,1.2,0-3 Mos (High Risk),Moderate (11-20km)
51710,0,10,Mobile,1,16,Credit Card,Female,3,3,Mobile,5,Married,7,0,20,1,1,3,134.52,1.0,1.2,4-12 Mos,Moderate (11-20km)
51711,0,19,Computer,1,13,Credit Card,Female,1,3,Laptop & Accessory,3,Married,3,0,14,1,1,0,152.58,1.0,1.2,1-5 Yrs,Moderate (11-20km)
51712,1,4,Computer,3,10,E wallet,Male,2,3,Laptop & Accessory,4,Single,2,0,18,4,7,7,193.55,1.0,1.2,4-12 Mos,Close (0-10km)
51713,0,23,Mobile,1,16,Cash on Delivery,Male,3,4,Fashion,1,Single,7,0,15,1,1,3,204.96,1.0,1.2,1-5 Yrs,Moderate (11-20km)
51714,1,3,Mobile,3,28,E wallet,Male,3,4,Laptop & Accessory,3,Married,3,1,12,1,1,0,163.8,1.0,1.2,0-3 Mos (High Risk),Far (21-50km)
51715,0,4,Mobile,1,13,Debit Card,Male,2,4,Mobile,4,Single,1,1,16,2,2,2,126.57,1.0,1.2,4-12 Mos,Moderate (11-20km)
51716,1,0,Mobile,3,18,Debit Card,Female,3,1,Mobile,4,Single,2,0,15,0,1,0,127.16,1.0,1.2,0-3 Mos (High Risk),Moderate (11-20km)
51717,0,3,Mobile,1,29,Debit Card,Male,2,3,Mobile,1,Single,10,0,16,0,1,2,122.00999999999999,1.0,1.2,0-3 Mos (High Risk),Far (21-50km)
51718,0,8,Mobile,1,15,Debit Card,Male,3,4,Laptop & Accessory,4,Single,10,0,19,0,1,0,165.4,1.0,1.2,4-12 Mos,Moderate (11-20km)
51719,0,0,Mobile,1,6,Credit Card,Male,2,3,Mobile,4,Married,2,0,11,0,1,4,138.16,1.0,1.2,0-3 Mos (High Risk),Close (0-10km)
51720,0,1,Mobile,3,15,Debit Card,Male,3,3,Laptop & Accessory,1,Single,2,0,16,1,1,7,152.53,1.0,1.2,0-3 Mos (High Risk),Moderate (11-20km)
51721,0,22,Mobile,1,13,UPI,Male,2,4,Fashion,3,Single,9,0,24,1,1,3,209.64999999999998,1.0,1.2,1-5 Yrs,Moderate (11-20km)
51722,0,24,Mobile,3,20,Debit Card,Female,2,3,Laptop & Accessory,1,Married,5,0,11,1,1,7,149.36,1.0,1.2,1-5 Yrs,Moderate (11-20km)
51723,0,9,Mobile,1,13,Debit Card,Female,3,3,Mobile,3,Married,5,0,13,2,2,2,125.43,1.0,1.2,4-12 Mos,Moderate (11-20km)
51724,1,0,Computer,3,25,E wallet,Male,3,1,Laptop & Accessory,1,Single,9,1,13,0,1,4,153.04,1.0,1.2,0-3 Mos (High Risk),Far (21-50km)
51725,0,28,Mobile,1,8,Debit Card,Female,3,3,Grocery,1,Single,3,1,13,1,1,2,266.59,1.0,1.2,1-5 Yrs,Close (0-10km)
51726,0,0,Mobile,3,16,E wallet,Female,3,3,Laptop & Accessory,3,Married,2,1,12,0,1,3,142.6,1.0,1.2,0-3 Mos (High Risk),Moderate (11-20km)
51727,0,3,Mobile,3,14,Cash on Delivery,Male,3,3,Mobile,4,Married,2,0,18,1,1,0,124.75999999999999,1.0,1.2,0-3 Mos (High Risk),Moderate (11-20km)
51728,1,0,Computer,1,9,Cash on Delivery,Male,3,3,Mobile,5,Single,1,0,22,0,1,4,131.02,1.0,1.2,0-3 Mos (High Risk),Close (0-10km)
51729,0,3,Mobile,1,17,Credit Card,Female,2,3,Mobile,4,Married,2,0,13,1,1,2,122.44,1.0,1.2,0-3 Mos (High Risk),Moderate (11-20km)
51730,0,9,Mobile,3,8,Credit Card,Male,3,4,Fashion,3,Married,2,0,13,8,9,0,175.96,1.0,1.2,4-12 Mos,Close (0-10km)
51731,1,3,Computer,1,10,Cash on Delivery,Male,2,3,Mobile,1,Single,10,1,23,1,1,0,122.85,1.0,1.2,0-3 Mos (High Risk),Close (0-10km)
51732,0,10,Mobile,1,20,Debit Card,Female,3,3,Mobile,5,Married,2,0,12,10,12,17,130.34,1.0,1.2,4-12 Mos,Moderate (11-20km)
51733,0,13,Mobile,3,8,E wallet,Female,2,3,Laptop & Accessory,4,Married,8,0,12,0,1,3,157.15,1.0,1.2,1-5 Yrs,Close (0-10km)
51734,0,15,Mobile,1,13,Debit Card,Female,3,3,Mobile,5,Married,4,0,16,0,1,2,125.75999999999999,1.0,1.2,1-5 Yrs,Moderate (11-20km)
51735,0,10,Mobile,1,16,Debit Card,Male,2,3,Laptop & Accessory,4,Single,3,1,12,0,1,1,141.97,1.0,1.2,4-12 Mos,Moderate (11-20km)
51736,0,16,Mobile,1,18,Debit Card,Male,2,4,Grocery,4,Married,2,0,11,3,4,9,243.36,1.0,1.2,1-5 Yrs,Moderate (11-20km)
51737,0,13,Mobile,1,8,Credit Card,Female,3,4,Laptop & Accessory,3,Married,7,0,22,1,1,0,134.48,1.0,1.2,1-5 Yrs,Close (0-10km)
51738,0,27,Mobile,1,11,Credit Card,Male,2,3,Others,5,Married,5,0,15,1,1,2,294.06,1.0,1.2,1-5 Yrs,Moderate (11-20km)
51739,0,7,Computer,3,10,E wallet,Female,3,3,Laptop & Accessory,3,Married,10,0,15,0,1,2,165.38,1.0,1.2,4-12 Mos,Close (0-10km)
51740,0,4,Mobile,1,13,Credit Card,Female,2,3,Laptop & Accessory,5,Married,2,0,12,3,3,12,143.06,1.0,1.2,4-12 Mos,Moderate (11-20km)
51741,0,3,Computer,1,27,Credit Card,Male,3,3,Mobile,1,Married,8,0,20,1,1,2,122.58000000000001,1.0,1.2,0-3 Mos (High Risk),Far (21-50km)
51742,0,16,Mobile,1,14,UPI,Female,3,3,Laptop & Accessory,3,Married,5,1,14,1,1,2,145.22,1.0,1.2,1-5 Yrs,Moderate (11-20km)
51743,0,0,Mobile,3,10,Debit Card,Female,3,4,Laptop & Accessory,1,Single,2,1,11,0,1,3,144.87,1.0,1.2,0-3 Mos (High Risk),Close (0-10km)
51744,0,10,Computer,1,31,Credit Card,Female,3,3,Laptop & Accessory,3,Married,4,1,15,4,10,7,144.49,2.0,2.4,4-12 Mos,Far (21-50km)
51745,0,3,Mobile,1,6,Debit Card,Male,3,4,Mobile,5,Married,2,0,12,3,3,2,122.18,1.0,1.2,0-3 Mos (High Risk),Close (0-10km)
51746,0,12,Computer,1,6,Debit Card,Male,2,3,Others,3,Married,2,1,14,0,1,6,291.97,1.0,1.2,4-12 Mos,Close (0-10km)
51747,0,29,Computer,3,12,Debit Card,Female,2,1,Grocery,5,Married,10,0,11,6,4,7,232.12,1.0,1.2,1-5 Yrs,Moderate (11-20km)
51748,0,3,Mobile,3,18,Cash on Delivery,Female,2,3,Laptop & Accessory,3,Single,1,0,11,3,4,4,165.77,1.0,1.2,0-3 Mos (High Risk),Moderate (11-20km)
51749,0,14,Mobile,3,6,E wallet,Male,2,1,Fashion,5,Married,2,0,16,1,1,7,183.92,1.0,1.2,1-5 Yrs,Close (0-10km)
51750,0,1,Mobile,1,23,Credit Card,Male,3,3,Laptop & Accessory,5,Married,2,0,12,0,1,8,145.58,1.0,1.2,0-3 Mos (High Risk),Far (21-50km)
51751,1,0,Mobile,1,9,Credit Card,Male,3,3,Mobile,5,Married,6,0,13,1,1,2,140.31,1.0,1.2,0-3 Mos (High Risk),Close (0-10km)
51752,0,25,Mobile,1,9,Credit Card,Male,2,4,Fashion,3,Married,3,1,14,1,1,4,179.69,1.0,1.2,1-5 Yrs,Close (0-10km)
51753,0,18,Mobile,1,13,Debit Card,Male,3,3,Mobile,1,Married,4,0,21,0,1,2,126.53999999999999,1.0,1.2,1-5 Yrs,Moderate (11-20km)
51754,0,25,Mobile,1,10,Debit Card,Female,1,3,Grocery,1,Married,3,0,13,1,1,4,265.55,1.0,1.2,1-5 Yrs,Close (0-10km)
51755,0,15,Computer,1,35,Debit Card,Female,3,3,Laptop & Accessory,3,Married,3,0,11,1,1,2,145.56,1.0,1.2,1-5 Yrs,Far (21-50km)
51756,0,3,Mobile,1,8,Debit Card,Female,2,5,Laptop & Accessory,1,Single,3,0,20,1,1,2,160.91,1.0,1.2,0-3 Mos (High Risk),Close (0-10km)
51757,0,30,Mobile,1,13,Debit Card,Female,2,3,Others,5,Married,6,0,15,1,11,10,295.66,1.0,1.2,1-5 Yrs,Moderate (11-20km)
51758,0,19,Mobile,1,24,Credit Card,Female,2,3,Laptop & Accessory,3,Married,3,0,14,1,1,8,148.1,1.0,1.2,1-5 Yrs,Far (21-50km)
51759,0,15,Computer,1,34,Cash on Delivery,Female,2,4,Laptop & Accessory,1,Married,1,0,11,0,1,4,145.23,1.0,1.2,1-5 Yrs,Far (21-50km)
51760,1,0,Mobile,3,6,Cash on Delivery,Female,3,3,Mobile,4,Single,2,1,16,0,1,4,132.02,1.0,1.2,0-3 Mos (High Risk),Close (0-10km)
51761,1,0,Computer,3,14,E wallet,Female,2,5,Mobile,3,Married,1,0,16,0,1,0,123.50999999999999,1.0,1.2,0-3 Mos (High Risk),Moderate (11-20km)
51762,0,3,Computer,1,8,Debit Card,Male,2,3,Mobile,1,Married,2,1,23,1,1,0,117.02000000000001,1.0,1.2,0-3 Mos (High Risk),Close (0-10km)
51763,0,13,Mobile,3,8,Debit Card,Female,3,3,Others,3,Married,1,0,14,1,1,12,280.41,1.0,1.2,1-5 Yrs,Close (0-10km)
51764,0,0,Mobile,1,29,Debit Card,Female,3,3,Mobile,1,Married,2,0,22,0,1,2,128.86,1.0,1.2,0-3 Mos (High Risk),Far (21-50km)
51765,0,3,Computer,1,9,Debit Card,Male,2,3,Mobile,1,Married,5,0,15,1,1,4,120.97,1.0,1.2,0-3 Mos (High Risk),Close (0-10km)
51766,0,2,Mobile,1,9,Credit Card,Male,3,4,Fashion,3,Married,2,0,18,0,1,3,219.35000000000002,1.0,1.2,0-3 Mos (High Risk),Close (0-10km)
51767,1,0,Mobile,1,13,Cash on Delivery,Female,3,4,Mobile,4,Married,6,0,16,1,1,1,125.46000000000001,1.0,1.2,0-3 Mos (High Risk),Moderate (11-20km)
51768,1,0,Mobile,2,13,Cash on Delivery,Male,2,4,Mobile,1,Single,2,0,12,0,1,0,125.63999999999999,1.0,1.2,0-3 Mos (High Risk),Moderate (11-20km)
51769,0,3,Computer,3,28,UPI,Female,3,3,Fashion,5,Married,1,0,11,3,7,8,184.12,1.0,1.2,0-3 Mos (High Risk),Far (21-50km)
51770,0,30,Mobile,3,35,E wallet,Male,2,4,Grocery,1,Married,4,0,12,1,4,0,241.18,1.0,1.2,1-5 Yrs,Far (21-50km)
51771,0,23,Mobile,1,35,Debit Card,Male,2,4,Grocery,3,Married,1,0,15,1,15,7,270.46,1.0,1.2,1-5 Yrs,Far (21-50km)
51772,0,3,Computer,1,13,Credit Card,Female,2,3,Mobile,1,Single,1,0,14,1,6,7,125.63999999999999,1.0,1.2,0-3 Mos (High Risk),Moderate (11-20km)
51773,0,30,Computer,3,34,E wallet,Female,3,4,Fashion,5,Married,5,0,19,3,13,11,202.66,1.0,1.2,1-5 Yrs,Far (21-50km)
51774,0,20,Mobile,1,8,Credit Card,Female,3,3,Laptop & Accessory,1,Married,6,0,13,0,1,4,150.7,1.0,1.2,1-5 Yrs,Close (0-10km)
51775,0,19,Mobile,1,8,Debit Card,Male,2,3,Grocery,3,Married,7,0,13,1,1,1,278.61,1.0,1.2,1-5 Yrs,Close (0-10km)
51776,0,8,Mobile,1,28,Debit Card,Male,2,5,Mobile,3,Single,1,0,15,1,4,3,142.3,1.0,1.2,4-12 Mos,Far (21-50km)
51777,0,27,Mobile,1,5,Debit Card,Female,2,3,Laptop & Accessory,3,Single,8,0,11,0,1,0,137.8,1.0,1.2,1-5 Yrs,Close (0-10km)
51778,0,7,Mobile,1,8,Debit Card,Male,3,4,Mobile,3,Married,4,0,12,3,5,7,127.68,1.0,1.2,4-12 Mos,Close (0-10km)
51779,0,5,Mobile,3,16,E wallet,Female,3,4,Fashion,1,Married,3,1,19,0,1,2,190.71,1.0,1.2,4-12 Mos,Moderate (11-20km)
51780,0,4,Mobile,1,15,Debit Card,Male,2,3,Fashion,4,Married,2,0,25,0,1,8,206.48000000000002,1.0,1.2,4-12 Mos,Moderate (11-20km)
51781,1,0,Mobile,1,21,Credit Card,Male,2,3,Fashion,3,Married,8,1,12,3,2,7,236.10000000000002,1.0,1.2,0-3 Mos (High Risk),Far (21-50km)
51782,1,0,Mobile,1,16,Credit Card,Male,2,5,Mobile,1,Married,8,0,13,0,1,3,134.08,1.0,1.2,0-3 Mos (High Risk),Moderate (11-20km)
51783,0,3,Mobile,3,13,E wallet,Male,3,3,Mobile,4,Single,1,0,14,0,1,2,129.83,1.0,1.2,0-3 Mos (High Risk),Moderate (11-20km)
51784,0,8,Mobile,1,22,Debit Card,Male,3,3,Fashion,3,Married,5,1,12,0,1,0,176.32,1.0,1.2,4-12 Mos,Far (21-50km)
51785,1,0,Computer,1,26,Debit Card,Male,3,3,Fashion,3,Married,4,0,12,1,1,0,198.24,1.0,1.2,0-3 Mos (High Risk),Far (21-50km)
51786,1,0,Computer,2,29,UPI,Female,2,3,Fashion,5,Married,10,1,15,1,1,2,199.5,1.0,1.2,0-3 Mos (High Risk),Far (21-50km)
51787,0,3,Computer,1,11,UPI,Male,3,3,Mobile,3,Married,5,0,17,0,2,0,120.93,1.0,1.2,0-3 Mos (High Risk),Moderate (11-20km)
51788,0,9,Computer,3,16,Credit Card,Male,2,3,Fashion,1,Single,2,0,14,8,9,7,199.8,1.0,1.2,4-12 Mos,Moderate (11-20km)
51789,1,0,Computer,1,10,Cash on Delivery,Male,3,4,Mobile,3,Single,6,0,16,0,1,2,138.94,1.0,1.2,0-3 Mos (High Risk),Close (0-10km)
51790,0,21,Mobile,3,8,E wallet,Female,2,3,Laptop & Accessory,1,Married,3,0,14,6,6,7,140.51,1.0,1.2,1-5 Yrs,Close (0-10km)
51791,0,28,Mobile,3,24,Debit Card,Female,2,3,Grocery,4,Single,4,0,23,1,7,8,268.35,1.0,1.2,1-5 Yrs,Far (21-50km)
51792,0,14,Computer,3,16,Debit Card,Male,2,3,Laptop & Accessory,1,Single,8,0,14,0,1,10,162.3,1.0,1.2,1-5 Yrs,Moderate (11-20km)
51793,0,8,Mobile,3,6,E wallet,Male,2,3,Laptop & Accessory,3,Married,10,0,11,0,6,9,147.17,1.0,1.2,4-12 Mos,Close (0-10km)
51794,0,13,Mobile,1,12,Debit Card,Female,3,3,Grocery,3,Single,8,0,15,4,4,13,232.37,1.0,1.2,1-5 Yrs,Moderate (11-20km)
51795,0,12,Computer,1,14,Debit Card,Female,2,3,Mobile,3,Married,2,0,11,1,1,7,137.55,1.0,1.2,4-12 Mos,Moderate (11-20km)
51796,0,4,Mobile,3,8,Debit Card,Male,3,3,Laptop & Accessory,1,Single,5,1,13,1,1,5,165.82,1.0,1.2,4-12 Mos,Close (0-10km)
51797,0,15,Mobile,1,30,Credit Card,Male,2,3,Fashion,5,Married,2,1,21,5,5,8,174.06,1.0,1.2,1-5 Yrs,Far (21-50km)
51798,0,18,Mobile,3,8,UPI,Male,3,3,Laptop & Accessory,4,Married,1,0,19,3,3,7,148.05,1.0,1.2,1-5 Yrs,Close (0-10km)
51799,1,0,Computer,2,23,Debit Card,Female,3,3,Mobile,3,Married,1,1,11,0,1,0,127.41,1.0,1.2,0-3 Mos (High Risk),Far (21-50km)
51800,0,2,Mobile,1,25,Cash on Delivery,Male,2,3,Laptop & Accessory,1,Married,5,0,12,1,1,2,142.62,1.0,1.2,0-3 Mos (High Risk),Far (21-50km)
51801,0,6,Mobile,1,6,Credit Card,Female,3,1,Grocery,3,Married,5,0,19,1,1,5,261.84,1.0,1.2,4-12 Mos,Close (0-10km)
51802,0,4,Mobile,3,13,Debit Card,Male,2,4,Fashion,1,Married,10,0,21,1,1,3,215.57,1.0,1.2,4-12 Mos,Moderate (11-20km)
51803,1,3,Computer,3,11,E wallet,Male,3,3,Mobile,4,Single,2,1,14,1,1,0,118.78,1.0,1.2,0-3 Mos (High Risk),Moderate (11-20km)
51804,0,13,Computer,3,34,UPI,Male,2,5,Fashion,5,Married,4,0,15,0,1,3,209.32,1.0,1.2,1-5 Yrs,Far (21-50km)
51805,0,14,Computer,1,8,UPI,Female,3,4,Laptop & Accessory,3,Single,3,1,17,0,1,7,168.11,1.0,1.2,1-5 Yrs,Close (0-10km)
51806,0,0,Mobile,3,35,Credit Card,Male,2,3,Laptop & Accessory,3,Married,6,0,12,0,1,0,143.06,1.0,1.2,0-3 Mos (High Risk),Far (21-50km)
51807,0,8,Mobile,3,6,Credit Card,Female,3,3,Laptop & Accessory,3,Single,2,0,16,1,1,3,148.59,1.0,1.2,4-12 Mos,Close (0-10km)
51808,0,7,Mobile,3,27,Debit Card,Male,3,1,Laptop & Accessory,1,Single,2,0,12,0,5,7,153.37,1.0,1.2,4-12 Mos,Far (21-50km)
51809,1,0,Mobile,1,13,Cash on Delivery,Male,3,5,Mobile,1,Single,2,1,18,0,1,0,123.4,1.0,1.2,0-3 Mos (High Risk),Moderate (11-20km)
51810,0,10,Mobile,1,6,Cash on Delivery,Female,2,3,Fashion,1,Single,5,0,17,1,1,2,174.91,1.0,1.2,4-12 Mos,Close (0-10km)
51811,0,19,Computer,1,24,Credit Card,Female,2,3,Fashion,3,Married,6,0,11,0,1,2,205.27,1.0,1.2,1-5 Yrs,Far (21-50km)
51812,0,14,Mobile,3,8,Debit Card,Female,3,3,Grocery,5,Married,8,0,16,1,11,8,265.95,1.0,1.2,1-5 Yrs,Close (0-10km)
51813,0,10,Computer,3,15,Credit Card,Male,3,3,Fashion,4,Married,2,0,13,1,7,7,188.34,1.0,1.2,4-12 Mos,Moderate (11-20km)
51814,0,25,Mobile,1,12,Cash on Delivery,Male,3,3,Laptop & Accessory,5,Married,4,1,12,2,6,9,155.77,2.0,2.4,1-5 Yrs,Moderate (11-20km)
51815,1,0,Computer,3,17,UPI,Male,2,1,Laptop & Accessory,3,Married,9,0,12,1,1,2,147.07,1.0,1.2,0-3 Mos (High Risk),Moderate (11-20km)
51816,0,0,Computer,3,14,Credit Card,Male,2,3,Mobile,1,Married,1,0,13,1,2,1,124.0,1.0,1.2,0-3 Mos (High Risk),Moderate (11-20km)
51817,0,11,Mobile,1,16,Credit Card,Female,3,3,Laptop & Accessory,3,Married,4,0,19,0,1,0,198.24,1.0,1.2,4-12 Mos,Moderate (11-20km)
51818,0,10,Mobile,1,6,Debit Card,Female,3,3,Laptop & Accessory,4,Married,7,0,12,4,4,3,164.47,1.0,1.2,4-12 Mos,Close (0-10km)
51819,0,22,Mobile,1,24,Debit Card,Male,2,4,Others,3,Married,2,1,15,1,1,9,295.02,1.0,1.2,1-5 Yrs,Far (21-50km)
51820,0,0,Mobile,1,29,Credit Card,Male,3,1,Mobile,1,Married,2,1,11,0,1,4,127.25,1.0,1.2,0-3 Mos (High Risk),Far (21-50km)
51821,0,0,Mobile,3,34,E wallet,Male,3,3,Laptop & Accessory,4,Married,2,0,20,0,1,4,162.72,1.0,1.2,0-3 Mos (High Risk),Far (21-50km)
51822,0,3,Mobile,1,23,UPI,Male,3,4,Mobile,4,Married,2,0,21,1,1,0,121.27000000000001,1.0,1.2,0-3 Mos (High Risk),Far (21-50km)
51823,0,23,Computer,2,9,Credit Card,Male,3,3,Others,4,Married,2,0,11,1,10,7,282.0,1.0,1.2,1-5 Yrs,Close (0-10km)
51824,0,3,Mobile,3,19,Credit Card,Male,2,3,Mobile,3,Married,2,0,11,1,1,6,120.96000000000001,1.0,1.2,0-3 Mos (High Risk),Moderate (11-20km)
51825,1,0,Computer,1,13,Debit Card,Female,3,3,Mobile,3,Married,2,1,16,0,1,2,128.86,1.0,1.2,0-3 Mos (High Risk),Moderate (11-20km)
51826,1,3,Computer,3,18,Debit Card,Male,3,4,Mobile,5,Married,2,0,18,1,1,0,120.33000000000001,1.0,1.2,0-3 Mos (High Risk),Moderate (11-20km)
51827,0,7,Mobile,1,6,Debit Card,Male,2,4,Mobile,1,Married,2,1,13,1,1,3,136.22,1.0,1.2,4-12 Mos,Close (0-10km)
51828,1,0,Mobile,3,19,Credit Card,Male,2,3,Laptop & Accessory,5,Married,3,0,17,0,1,2,142.33,1.0,1.2,0-3 Mos (High Risk),Moderate (11-20km)
51829,0,8,Mobile,1,31,UPI,Male,2,4,Laptop & Accessory,1,Single,5,0,14,1,1,2,136.81,1.0,1.2,4-12 Mos,Far (21-50km)
51830,0,4,Mobile,3,12,Credit Card,Male,3,1,Laptop & Accessory,1,Married,5,0,22,5,5,7,154.6,1.0,1.2,4-12 Mos,Moderate (11-20km)
51831,0,3,Mobile,1,12,Credit Card,Female,3,4,Mobile,3,Married,1,0,12,0,1,3,121.87,1.0,1.2,0-3 Mos (High Risk),Moderate (11-20km)
51832,0,10,Mobile,3,8,E wallet,Male,3,3,Laptop & Accessory,3,Married,5,1,11,0,1,0,196.02,1.0,1.2,4-12 Mos,Close (0-10km)
51833,0,0,Mobile,1,6,Debit Card,Female,3,4,Mobile,4,Single,2,0,13,0,1,0,128.36,1.0,1.2,0-3 Mos (High Risk),Close (0-10km)
51834,0,15,Mobile,1,8,Debit Card,Female,2,3,Laptop & Accessory,1,Married,2,0,13,0,2,2,140.89,1.0,1.2,1-5 Yrs,Close (0-10km)
51835,0,16,Mobile,1,12,UPI,Male,2,4,Grocery,1,Married,5,1,14,1,1,0,266.27,1.0,1.2,1-5 Yrs,Moderate (11-20km)
51836,0,11,Mobile,1,13,Debit Card,Female,2,3,Mobile,5,Single,4,0,17,0,1,0,126.19,1.0,1.2,4-12 Mos,Moderate (11-20km)
51837,0,16,Computer,1,15,Credit Card,Male,3,3,Laptop & Accessory,3,Married,4,1,13,1,4,7,156.79,1.0,1.2,1-5 Yrs,Moderate (11-20km)
51838,0,21,Mobile,1,6,Debit Card,Female,2,4,Grocery,5,Married,8,0,11,0,4,2,254.01999999999998,1.0,1.2,1-5 Yrs,Close (0-10km)
51839,0,17,Mobile,2,6,Debit Card,Female,2,4,Laptop & Accessory,3,Single,5,0,11,1,1,2,159.85,1.0,1.2,1-5 Yrs,Close (0-10km)
51840,0,7,Mobile,3,14,Cash on Delivery,Female,2,3,Mobile,3,Married,2,1,18,1,1,6,125.78999999999999,1.0,1.2,4-12 Mos,Moderate (11-20km)
51841,1,0,Mobile,3,8,E wallet,Male,3,3,Mobile,5,Married,1,0,11,1,1,2,130.41,1.0,1.2,0-3 Mos (High Risk),Close (0-10km)
51842,0,0,Mobile,3,28,Cash on Delivery,Male,2,3,Mobile,3,Single,2,0,11,0,1,2,134.47,1.0,1.2,0-3 Mos (High Risk),Far (21-50km)
51843,0,17,Mobile,1,9,UPI,Male,2,3,Others,1,Married,5,1,15,0,1,1,295.13,1.0,1.2,1-5 Yrs,Close (0-10km)
51844,0,0,Mobile,1,12,Credit Card,Male,3,3,Mobile,3,Married,1,0,20,1,2,2,127.72999999999999,1.0,1.2,0-3 Mos (High Risk),Moderate (11-20km)
51845,0,6,Mobile,3,14,E wallet,Male,2,3,Laptop & Accessory,3,Married,1,0,12,0,1,2,171.04,1.0,1.2,4-12 Mos,Moderate (11-20km)
51846,0,5,Mobile,1,15,Debit Card,Female,3,3,Laptop & Accessory,1,Married,2,1,12,1,1,5,163.22,1.0,1.2,4-12 Mos,Moderate (11-20km)
51847,0,3,Computer,1,9,Credit Card,Female,3,3,Mobile,3,Married,2,0,20,1,1,0,120.83000000000001,1.0,1.2,0-3 Mos (High Risk),Close (0-10km)
51848,0,26,Mobile,3,6,Credit Card,Female,2,3,Laptop & Accessory,5,Single,8,0,20,4,8,10,183.81,1.0,1.2,1-5 Yrs,Close (0-10km)
51849,0,7,Mobile,1,6,Debit Card,Male,3,3,Mobile,1,Married,2,0,12,1,8,8,126.91,1.0,1.2,4-12 Mos,Close (0-10km)
51850,1,8,Computer,3,32,Debit Card,Female,3,3,Laptop & Accessory,5,Married,3,0,14,0,1,0,142.86,1.0,1.2,4-12 Mos,Far (21-50km)
51851,0,0,Mobile,1,12,Debit Card,Female,3,3,Mobile,1,Married,2,1,13,0,1,2,56.0,1.0,1.2,0-3 Mos (High Risk),Moderate (11-20km)
51852,0,10,Mobile,1,9,UPI,Male,2,3,Fashion,3,Married,2,0,15,7,7,8,194.34,1.0,1.2,4-12 Mos,Close (0-10km)
51853,0,2,Mobile,3,9,Credit Card,Female,3,3,Laptop & Accessory,3,Married,2,0,14,0,1,2,155.61,1.0,1.2,0-3 Mos (High Risk),Close (0-10km)
51854,0,8,Mobile,1,12,Debit Card,Male,2,5,Laptop & Accessory,1,Single,2,0,13,0,11,8,166.46,1.0,1.2,4-12 Mos,Moderate (11-20km)
51855,0,6,Computer,1,12,Debit Card,Male,1,3,Laptop & Accessory,1,Married,4,0,23,3,4,7,177.25,1.0,1.2,4-12 Mos,Moderate (11-20km)
51856,0,27,Mobile,2,25,Credit Card,Male,2,3,Fashion,4,Married,3,0,15,2,7,1,207.25,1.0,1.2,1-5 Yrs,Far (21-50km)
51857,0,9,Mobile,1,15,Credit Card,Male,2,4,Laptop & Accessory,4,Married,3,1,11,0,1,2,188.47,1.0,1.2,4-12 Mos,Moderate (11-20km)
51858,0,3,Mobile,1,9,Credit Card,Male,2,4,Mobile,1,Single,1,0,13,1,1,1,120.44999999999999,1.0,1.2,0-3 Mos (High Risk),Close (0-10km)
51859,1,0,Mobile,1,16,Credit Card,Male,2,3,Mobile,3,Single,2,1,11,1,1,1,110.09,1.0,1.2,0-3 Mos (High Risk),Moderate (11-20km)
51860,1,0,Computer,1,9,Debit Card,Male,3,3,Mobile,5,Single,2,1,11,5,9,7,133.48,2.0,2.4,0-3 Mos (High Risk),Close (0-10km)
51861,0,3,Computer,1,9,Debit Card,Male,2,4,Mobile,3,Married,2,0,18,1,1,0,112.81,1.0,1.2,0-3 Mos (High Risk),Close (0-10km)
51862,0,0,Mobile,1,10,Credit Card,Male,3,1,Mobile,5,Married,3,0,16,0,1,2,128.19,1.0,1.2,0-3 Mos (High Risk),Close (0-10km)
51863,0,0,Mobile,3,14,Debit Card,Male,2,1,Laptop & Accessory,4,Married,1,0,22,1,1,2,148.51,1.0,1.2,0-3 Mos (High Risk),Moderate (11-20km)
51864,0,11,Mobile,3,13,E wallet,Female,2,4,Laptop & Accessory,1,Single,1,0,20,1,1,5,140.28,1.0,1.2,4-12 Mos,Moderate (11-20km)
51865,0,2,Computer,1,6,Debit Card,Male,3,5,Mobile,1,Married,2,0,18,0,2,8,127.19999999999999,1.0,1.2,0-3 Mos (High Risk),Close (0-10km)
51866,0,21,Mobile,3,8,E wallet,Male,2,1,Laptop & Accessory,4,Married,4,0,12,0,2,2,181.2,1.0,1.2,1-5 Yrs,Close (0-10km)
51867,0,0,Computer,3,9,Credit Card,Female,3,1,Laptop & Accessory,1,Married,2,1,20,1,1,4,146.47,1.0,1.2,0-3 Mos (High Risk),Close (0-10km)
51868,0,10,Mobile,1,16,Debit Card,Male,3,1,Mobile,1,Single,4,0,17,1,1,0,146.8,1.0,1.2,4-12 Mos,Moderate (11-20km)
51869,0,23,Mobile,1,34,Credit Card,Male,3,1,Mobile,3,Married,2,1,11,0,3,8,132.21,1.0,1.2,1-5 Yrs,Far (21-50km)
51870,0,7,Mobile,1,15,Credit Card,Female,2,4,Fashion,4,Single,2,0,14,4,7,7,186.21,1.0,1.2,4-12 Mos,Moderate (11-20km)
51871,1,0,Mobile,3,9,Debit Card,Female,3,3,Laptop & Accessory,3,Single,10,0,14,1,2,0,145.77,1.0,1.2,0-3 Mos (High Risk),Close (0-10km)
51872,0,12,Mobile,1,8,Cash on Delivery,Female,3,4,Laptop & Accessory,3,Single,2,0,11,1,11,10,145.53,1.0,1.2,4-12 Mos,Close (0-10km)
51873,0,5,Mobile,3,16,E wallet,Male,2,3,Laptop & Accessory,1,Single,2,0,12,1,1,8,153.96,1.0,1.2,4-12 Mos,Moderate (11-20km)
51874,1,13,Computer,3,14,Cash on Delivery,Male,2,3,Laptop & Accessory,3,Married,4,1,14,0,1,3,167.96,1.0,1.2,1-5 Yrs,Moderate (11-20km)
51875,0,11,Mobile,1,6,Debit Card,Female,2,1,Laptop & Accessory,1,Single,1,0,13,0,1,8,176.25,1.0,1.2,4-12 Mos,Close (0-10km)
51876,0,0,Mobile,1,6,Debit Card,Female,3,3,Fashion,5,Married,2,0,11,0,1,7,174.12,1.0,1.2,0-3 Mos (High Risk),Close (0-10km)
51877,0,5,Mobile,1,9,Debit Card,Female,2,3,Fashion,1,Single,4,0,15,6,7,3,211.58999999999997,1.0,1.2,4-12 Mos,Close (0-10km)
51878,0,20,Mobile,3,20,E wallet,Male,2,3,Laptop & Accessory,5,Single,3,0,12,1,1,7,149.6,1.0,1.2,1-5 Yrs,Moderate (11-20km)
51879,0,13,Computer,3,11,Debit Card,Male,2,4,Fashion,5,Married,6,1,21,0,1,12,204.75,1.0,1.2,1-5 Yrs,Moderate (11-20km)
51880,0,26,Mobile,1,13,Debit Card,Male,2,1,Grocery,3,Married,4,0,19,0,4,3,248.14,1.0,1.2,1-5 Yrs,Moderate (11-20km)
51881,0,14,Mobile,2,16,UPI,Male,3,4,Others,1,Married,4,0,15,1,12,6,291.41,1.0,1.2,1-5 Yrs,Moderate (11-20km)
51882,0,30,Mobile,3,22,E wallet,Male,2,3,Laptop & Accessory,5,Single,9,0,14,2,2,2,154.05,1.0,1.2,1-5 Yrs,Far (21-50km)
51883,0,0,Computer,1,16,Debit Card,Male,2,3,Fashion,5,Married,2,0,21,0,1,7,187.93,1.0,1.2,0-3 Mos (High Risk),Moderate (11-20km)
51884,0,14,Mobile,2,6,UPI,Male,2,4,Others,3,Married,2,0,12,1,2,10,291.89,1.0,1.2,1-5 Yrs,Close (0-10km)
51885,0,23,Mobile,3,14,E wallet,Male,2,3,Mobile,4,Married,8,0,15,0,2,2,138.75,1.0,1.2,1-5 Yrs,Moderate (11-20km)
51886,1,3,Mobile,1,6,Debit Card,Female,3,5,Mobile,4,Single,8,1,13,1,3,7,122.16,1.0,1.2,0-3 Mos (High Risk),Close (0-10km)
51887,0,9,Computer,1,14,Debit Card,Female,3,1,Fashion,5,Married,10,0,14,0,1,3,217.13,1.0,1.2,4-12 Mos,Moderate (11-20km)
51888,0,11,Mobile,1,6,Debit Card,Female,2,3,Fashion,3,Single,5,1,14,0,1,0,178.61,1.0,1.2,4-12 Mos,Close (0-10km)
51889,0,17,Computer,1,30,Credit Card,Male,2,5,Mobile,3,Single,3,0,14,0,1,4,137.08,1.0,1.2,1-5 Yrs,Far (21-50km)
51890,0,20,Computer,3,9,Credit Card,Female,2,3,Grocery,3,Married,10,1,12,1,4,13,237.7,1.0,1.2,1-5 Yrs,Close (0-10km)
51891,0,3,Mobile,3,33,E wallet,Male,3,3,Laptop & Accessory,1,Married,8,0,23,2,7,7,153.04,1.0,1.2,0-3 Mos (High Risk),Far (21-50km)
51892,0,2,Mobile,3,14,Debit Card,Male,3,3,Mobile,3,Single,2,0,11,1,1,0,126.41999999999999,1.0,1.2,0-3 Mos (High Risk),Moderate (11-20km)
51893,1,5,Computer,1,25,Credit Card,Male,3,1,Mobile,3,Married,7,1,12,0,2,2,127.59,1.0,1.2,4-12 Mos,Far (21-50km)
51894,0,16,Computer,3,21,Debit Card,Male,2,4,Laptop & Accessory,1,Married,4,0,18,1,2,2,168.04,1.0,1.2,1-5 Yrs,Far (21-50km)
51895,0,7,Mobile,1,14,Credit Card,Female,3,3,Laptop & Accessory,3,Single,4,0,11,0,4,3,161.42,1.0,1.2,4-12 Mos,Moderate (11-20km)
51896,0,0,Mobile,1,13,Credit Card,Male,2,3,Mobile,5,Married,2,0,14,1,1,2,125.0,1.0,1.2,0-3 Mos (High Risk),Moderate (11-20km)
51897,0,12,Mobile,2,9,UPI,Female,2,1,Laptop & Accessory,4,Married,10,0,15,0,3,6,163.89,1.0,1.2,4-12 Mos,Close (0-10km)
51898,0,29,Mobile,1,15,Credit Card,Male,2,3,Grocery,1,Married,8,0,11,0,1,3,211.02999999999997,1.0,1.2,1-5 Yrs,Moderate (11-20km)
51899,0,13,Mobile,1,13,Credit Card,Female,2,4,Mobile,1,Single,1,1,20,0,2,3,123.41999999999999,1.0,1.2,1-5 Yrs,Moderate (11-20km)
51900,0,0,Mobile,1,13,Credit Card,Female,2,4,Laptop & Accessory,5,Single,9,0,19,1,1,7,168.11,1.0,1.2,0-3 Mos (High Risk),Moderate (11-20km)
51901,0,3,Mobile,3,16,E wallet,Male,2,3,Mobile,4,Married,2,0,14,2,2,2,122.97,1.0,1.2,0-3 Mos (High Risk),Moderate (11-20km)
51902,0,26,Mobile,1,13,Debit Card,Male,2,3,Laptop & Accessory,1,Single,3,0,17,2,2,2,124.5,1.0,1.2,1-5 Yrs,Moderate (11-20km)
51903,0,8,Computer,1,8,Debit Card,Female,3,3,Laptop & Accessory,5,Married,3,0,11,1,1,0,150.93,1.0,1.2,4-12 Mos,Close (0-10km)
51904,0,5,Computer,1,30,Debit Card,Male,3,3,Laptop & Accessory,1,Married,2,0,15,1,4,7,153.09,1.0,1.2,4-12 Mos,Far (21-50km)
51905,0,11,Mobile,1,8,Credit Card,Male,3,3,Mobile,3,Married,7,1,13,0,1,1,130.57,1.0,1.2,4-12 Mos,Close (0-10km)
51906,0,7,Mobile,1,14,Debit Card,Female,2,3,Laptop & Accessory,5,Married,4,0,14,1,1,0,151.21,1.0,1.2,4-12 Mos,Moderate (11-20km)
51907,0,25,Mobile,3,9,E wallet,Male,2,4,Grocery,5,Married,2,0,11,1,1,16,268.56,1.0,1.2,1-5 Yrs,Close (0-10km)
51908,1,0,Mobile,1,6,UPI,Male,3,3,Mobile,1,Single,2,1,13,6,7,8,126.86000000000001,2.0,2.4,0-3 Mos (High Risk),Close (0-10km)
51909,0,0,Mobile,3,32,Credit Card,Female,2,3,Laptop & Accessory,1,Single,2,0,23,0,1,4,161.8,1.0,1.2,0-3 Mos (High Risk),Far (21-50km)
51910,0,18,Mobile,3,8,Cash on Delivery,Male,2,5,Laptop & Accessory,3,Single,1,0,13,1,3,1,166.32,1.0,1.2,1-5 Yrs,Close (0-10km)
51911,0,0,Mobile,1,16,Credit Card,Male,3,1,Mobile,3,Single,2,0,18,0,1,2,135.05,1.0,1.2,0-3 Mos (High Risk),Moderate (11-20km)
51912,1,10,Computer,3,33,Debit Card,Female,3,1,Laptop & Accessory,3,Single,5,1,12,0,1,3,163.97,1.0,1.2,4-12 Mos,Far (21-50km)
51913,0,7,Mobile,3,8,UPI,Male,2,3,Laptop & Accessory,1,Single,2,0,22,0,1,4,162.74,1.0,1.2,4-12 Mos,Close (0-10km)
51914,1,18,Mobile,1,8,Credit Card,Male,3,3,Others,5,Married,6,1,15,1,1,4,298.59,1.0,1.2,1-5 Yrs,Close (0-10km)
51915,0,9,Computer,3,14,Debit Card,Male,3,4,Fashion,5,Single,2,0,15,0,1,9,175.87,1.0,1.2,4-12 Mos,Moderate (11-20km)
51916,0,25,Computer,1,25,Credit Card,Male,2,3,Mobile,1,Married,1,0,18,1,1,2,142.58,1.0,1.2,1-5 Yrs,Far (21-50km)
51917,0,0,Computer,1,6,Debit Card,Female,3,5,Mobile,1,Married,4,0,14,2,2,0,143.64,1.0,1.2,0-3 Mos (High Risk),Close (0-10km)
51918,0,2,Mobile,1,33,Credit Card,Female,3,3,Laptop & Accessory,3,Married,5,0,12,0,1,1,143.35,1.0,1.2,0-3 Mos (High Risk),Far (21-50km)
51919,1,0,Mobile,3,14,Cash on Delivery,Male,2,4,Laptop & Accessory,5,Single,7,0,17,0,1,2,153.26,1.0,1.2,0-3 Mos (High Risk),Moderate (11-20km)
51920,0,7,Mobile,1,6,Debit Card,Female,3,1,Mobile,1,Single,3,0,16,1,1,3,132.8,1.0,1.2,4-12 Mos,Close (0-10km)
51921,0,27,Mobile,1,25,Credit Card,Female,3,3,Laptop & Accessory,5,Married,10,1,11,0,1,4,154.85,1.0,1.2,1-5 Yrs,Far (21-50km)
51922,0,0,Computer,3,14,E wallet,Male,2,3,Laptop & Accessory,1,Married,1,0,19,1,1,1,143.42,1.0,1.2,0-3 Mos (High Risk),Moderate (11-20km)
51923,0,10,Mobile,1,16,Debit Card,Female,3,3,Mobile,5,Married,1,1,13,4,4,3,127.82,1.0,1.2,4-12 Mos,Moderate (11-20km)
51924,0,11,Computer,1,8,Debit Card,Female,3,1,Laptop & Accessory,5,Single,7,1,12,0,4,12,159.8,1.0,1.2,4-12 Mos,Close (0-10km)
51925,0,7,Mobile,1,8,Credit Card,Female,2,4,Mobile,5,Single,2,0,11,1,1,3,143.81,1.0,1.2,4-12 Mos,Close (0-10km)
51926,0,8,Mobile,3,14,Debit Card,Female,3,3,Mobile,1,Married,2,0,16,1,1,2,125.72,1.0,1.2,4-12 Mos,Moderate (11-20km)
51927,0,3,Mobile,1,6,Debit Card,Male,2,5,Mobile,3,Married,4,0,21,1,1,2,138.33,1.0,1.2,0-3 Mos (High Risk),Close (0-10km)
51928,0,13,Computer,1,8,Credit Card,Female,2,1,Laptop & Accessory,4,Married,2,0,24,0,3,7,142.44,1.0,1.2,1-5 Yrs,Close (0-10km)
51929,0,7,Mobile,3,14,Debit Card,Female,3,3,Laptop & Accessory,5,Married,6,0,17,1,1,2,165.0,1.0,1.2,4-12 Mos,Moderate (11-20km)
51930,0,15,Computer,1,14,Debit Card,Male,3,3,Others,1,Married,2,0,13,1,14,9,284.3,1.0,1.2,1-5 Yrs,Moderate (11-20km)
51931,1,3,Mobile,1,12,Debit Card,Male,3,1,Mobile,5,Married,2,1,21,0,1,0,116.00999999999999,1.0,1.2,0-3 Mos (High Risk),Moderate (11-20km)
51932,0,0,Computer,1,15,Debit Card,Male,3,4,Mobile,4,Married,2,0,11,0,1,0,126.94,1.0,1.2,0-3 Mos (High Risk),Moderate (11-20km)
51933,0,25,Mobile,1,17,Debit Card,Female,3,3,Laptop & Accessory,3,Married,9,0,20,1,1,4,131.49,1.0,1.2,1-5 Yrs,Moderate (11-20km)
51934,0,23,Mobile,1,8,Credit Card,Male,3,3,Grocery,3,Married,6,0,16,1,1,3,276.39,1.0,1.2,1-5 Yrs,Close (0-10km)
51935,1,0,Mobile,1,13,Debit Card,Female,2,4,Mobile,5,Married,2,1,11,0,1,0,123.19,1.0,1.2,0-3 Mos (High Risk),Moderate (11-20km)
51936,0,6,Mobile,1,13,Credit Card,Male,2,3,Fashion,3,Married,1,0,11,1,3,3,216.91000000000003,1.0,1.2,4-12 Mos,Moderate (11-20km)
51937,1,0,Mobile,3,22,E wallet,Female,3,3,Laptop & Accessory,5,Single,6,0,15,1,1,2,153.24,1.0,1.2,0-3 Mos (High Risk),Far (21-50km)
51938,0,20,Mobile,1,8,UPI,Female,2,3,Grocery,1,Married,2,1,11,1,3,0,267.52,1.0,1.2,1-5 Yrs,Close (0-10km)
51939,0,9,Mobile,1,6,UPI,Female,2,3,Laptop & Accessory,4,Married,1,0,15,1,1,5,152.28,1.0,1.2,4-12 Mos,Close (0-10km)
51940,0,2,Mobile,1,29,Debit Card,Male,3,1,Mobile,3,Married,2,0,24,1,1,7,127.0,1.0,1.2,0-3 Mos (High Risk),Far (21-50km)
51941,1,20,Mobile,1,8,Debit Card,Male,2,3,Others,4,Single,8,1,15,7,13,8,292.46,3.0,3.5999999999999996,1-5 Yrs,Close (0-10km)
51942,0,8,Mobile,1,13,Debit Card,Female,2,1,Mobile,3,Single,4,0,13,2,2,2,125.06,1.0,1.2,4-12 Mos,Moderate (11-20km)
51943,0,15,Mobile,1,6,Debit Card,Female,2,4,Laptop & Accessory,1,Married,10,1,13,0,1,2,160.62,1.0,1.2,1-5 Yrs,Close (0-10km)
51944,1,0,Mobile,1,8,Credit Card,Male,2,3,Mobile,3,Single,7,0,17,2,2,1,143.82,1.0,1.2,0-3 Mos (High Risk),Close (0-10km)
51945,0,3,Mobile,2,19,UPI,Male,2,3,Mobile,4,Married,5,0,13,1,1,4,121.43,1.0,1.2,0-3 Mos (High Risk),Moderate (11-20km)
51946,0,5,Mobile,1,10,Debit Card,Female,3,4,Laptop & Accessory,3,Married,2,0,12,5,6,8,161.62,1.0,1.2,4-12 Mos,Close (0-10km)
51947,0,13,Computer,1,22,Credit Card,Male,2,4,Laptop & Accessory,3,Single,7,0,14,0,1,0,150.94,1.0,1.2,1-5 Yrs,Far (21-50km)
51948,0,3,Mobile,1,8,Credit Card,Female,2,4,Laptop & Accessory,1,Single,6,1,24,1,1,0,168.77,1.0,1.2,0-3 Mos (High Risk),Close (0-10km)
51949,0,3,Mobile,1,8,Debit Card,Female,3,4,Mobile,3,Single,2,0,14,1,1,0,122.74000000000001,1.0,1.2,0-3 Mos (High Risk),Close (0-10km)
51950,0,15,Mobile,1,35,Debit Card,Male,3,3,Laptop & Accessory,4,Married,2,0,13,5,7,8,144.34,1.0,1.2,1-5 Yrs,Far (21-50km)
51951,0,11,Computer,1,18,Debit Card,Male,0,4,Laptop & Accessory,5,Married,3,0,15,1,1,2,162.88,1.0,1.2,4-12 Mos,Moderate (11-20km)
51952,0,7,Computer,1,13,Debit Card,Female,3,4,Mobile,1,Single,2,0,16,1,1,3,125.53,1.0,1.2,4-12 Mos,Moderate (11-20km)
51953,1,12,Mobile,3,17,E wallet,Female,2,3,Fashion,1,Married,2,0,18,0,7,7,176.54,1.0,1.2,4-12 Mos,Moderate (11-20km)
51954,1,18,Mobile,3,8,Credit Card,Male,2,3,Laptop & Accessory,1,Single,5,0,16,1,7,3,151.6,1.0,1.2,1-5 Yrs,Close (0-10km)
51955,0,16,Mobile,1,20,Debit Card,Male,3,3,Grocery,5,Married,7,0,24,1,1,0,271.59,1.0,1.2,1-5 Yrs,Moderate (11-20km)
51956,0,0,Mobile,1,11,Cash on Delivery,Male,2,4,Fashion,1,Married,2,1,16,1,1,3,228.07999999999998,1.0,1.2,0-3 Mos (High Risk),Moderate (11-20km)
51957,0,8,Mobile,1,13,UPI,Male,2,3,Fashion,3,Single,4,0,21,0,1,6,202.21,1.0,1.2,4-12 Mos,Moderate (11-20km)
51958,0,1,Mobile,3,8,E wallet,Female,2,3,Laptop & Accessory,4,Married,2,1,20,6,7,5,147.79,2.0,2.4,0-3 Mos (High Risk),Close (0-10km)
51959,0,7,Mobile,2,9,UPI,Male,2,3,Mobile,1,Married,1,0,19,1,1,2,137.37,1.0,1.2,4-12 Mos,Close (0-10km)
51960,1,0,Computer,1,13,Credit Card,Female,2,4,Mobile,3,Married,2,1,14,0,1,7,123.66,1.0,1.2,0-3 Mos (High Risk),Moderate (11-20km)
51961,0,3,Computer,1,9,Credit Card,Male,2,3,Mobile,1,Married,2,0,11,0,1,0,117.06,1.0,1.2,0-3 Mos (High Risk),Close (0-10km)
51962,0,24,Mobile,3,32,E wallet,Female,3,3,Grocery,3,Married,3,0,14,1,4,17,263.07,1.0,1.2,1-5 Yrs,Far (21-50km)
51963,0,17,Mobile,1,10,Credit Card,Male,2,3,Laptop & Accessory,4,Single,10,0,12,1,2,3,159.33,1.0,1.2,1-5 Yrs,Close (0-10km)
51964,0,0,Mobile,1,8,Credit Card,Male,3,1,Mobile,5,Single,8,0,13,0,1,1,134.24,1.0,1.2,0-3 Mos (High Risk),Close (0-10km)
51965,0,6,Mobile,3,6,Credit Card,Male,2,1,Laptop & Accessory,5,Married,2,0,22,0,1,8,140.37,1.0,1.2,4-12 Mos,Close (0-10km)
51966,0,8,Mobile,1,13,Credit Card,Female,2,4,Mobile,5,Single,2,0,11,0,1,1,125.59,1.0,1.2,4-12 Mos,Moderate (11-20km)
51967,0,9,Mobile,3,6,Debit Card,Male,2,3,Laptop & Accessory,1,Married,2,1,14,3,4,11,162.01,1.0,1.2,4-12 Mos,Close (0-10km)
51968,0,5,Mobile,3,19,Debit Card,Male,3,3,Laptop & Accessory,1,Married,3,0,11,0,1,3,144.03,1.0,1.2,4-12 Mos,Moderate (11-20km)
51969,0,3,Computer,1,11,Debit Card,Male,3,4,Mobile,1,Married,10,0,12,0,1,3,137.61,1.0,1.2,0-3 Mos (High Risk),Moderate (11-20km)
51970,0,26,Mobile,3,13,E wallet,Female,3,4,Fashion,1,Married,8,1,18,0,1,3,209.33999999999997,1.0,1.2,1-5 Yrs,Moderate (11-20km)
51971,0,18,Mobile,3,15,E wallet,Male,3,3,Fashion,5,Married,5,1,12,0,1,2,207.61,1.0,1.2,1-5 Yrs,Moderate (11-20km)
51972,0,5,Mobile,1,14,Credit Card,Female,3,1,Laptop & Accessory,3,Married,6,0,12,1,1,3,151.75,1.0,1.2,4-12 Mos,Moderate (11-20km)
51973,0,25,Computer,1,31,Credit Card,Female,2,4,Grocery,1,Married,4,0,22,0,4,0,238.26,1.0,1.2,1-5 Yrs,Far (21-50km)
51974,0,10,Mobile,3,22,E wallet,Male,3,4,Laptop & Accessory,3,Married,5,0,19,1,1,0,163.34,1.0,1.2,4-12 Mos,Far (21-50km)
51975,0,1,Mobile,2,14,Credit Card,Male,3,4,Mobile,1,Married,2,0,13,1,1,4,149.36,1.0,1.2,0-3 Mos (High Risk),Moderate (11-20km)
51976,0,0,Mobile,1,6,Debit Card,Male,2,4,Laptop & Accessory,1,Married,7,0,22,2,2,2,147.75,1.0,1.2,0-3 Mos (High Risk),Close (0-10km)
51977,0,17,Mobile,1,14,Debit Card,Male,3,1,Mobile,1,Married,3,1,24,1,1,2,128.18,1.0,1.2,1-5 Yrs,Moderate (11-20km)
51978,0,15,Computer,1,13,Credit Card,Male,2,3,Mobile,1,Single,6,1,14,1,2,2,125.15,1.0,1.2,1-5 Yrs,Moderate (11-20km)
51979,0,9,Mobile,2,13,Debit Card,Male,3,4,Mobile,5,Married,1,0,21,0,1,3,123.41999999999999,1.0,1.2,4-12 Mos,Moderate (11-20km)
51980,0,0,Mobile,3,9,UPI,Male,3,3,Laptop & Accessory,5,Married,2,1,18,0,1,3,141.94,1.0,1.2,0-3 Mos (High Risk),Close (0-10km)
51981,0,8,Mobile,1,15,Debit Card,Female,3,4,Fashion,3,Married,2,1,20,3,5,15,206.85000000000002,1.0,1.2,4-12 Mos,Moderate (11-20km)
51982,1,3,Computer,1,31,Debit Card,Female,3,3,Mobile,4,Married,2,1,19,6,7,8,120.22,2.0,2.4,0-3 Mos (High Risk),Far (21-50km)
51983,0,5,Computer,1,6,Debit Card,Male,3,3,Mobile,1,Married,1,0,12,1,1,2,123.13999999999999,1.0,1.2,4-12 Mos,Close (0-10km)
51984,0,0,Mobile,3,10,E wallet,Male,2,4,Laptop & Accessory,5,Married,2,0,12,1,1,3,142.56,1.0,1.2,0-3 Mos (High Risk),Close (0-10km)
51985,0,22,Mobile,1,6,Cash on Delivery,Female,2,3,Mobile,5,Married,3,0,16,0,1,2,135.8,1.0,1.2,1-5 Yrs,Close (0-10km)
51986,0,0,Computer,1,10,Debit Card,Male,2,4,Mobile,1,Married,1,0,17,0,3,4,131.62,1.0,1.2,0-3 Mos (High Risk),Close (0-10km)
51987,0,5,Computer,3,11,Debit Card,Male,2,3,Laptop & Accessory,4,Married,2,0,14,2,5,3,165.24,1.0,1.2,4-12 Mos,Moderate (11-20km)
51988,0,11,Mobile,3,15,E wallet,Male,3,4,Mobile,4,Married,1,0,19,0,1,2,128.99,1.0,1.2,4-12 Mos,Moderate (11-20km)
51989,0,15,Mobile,1,9,Debit Card,Female,3,1,Laptop & Accessory,1,Married,3,1,13,1,1,3,152.31,1.0,1.2,1-5 Yrs,Close (0-10km)
51990,0,4,Mobile,1,13,Debit Card,Male,2,3,Mobile,1,Married,4,1,19,0,1,2,123.56,1.0,1.2,4-12 Mos,Moderate (11-20km)
51991,1,0,Mobile,3,6,Credit Card,Female,3,4,Mobile,3,Married,7,1,19,1,1,2,128.0,1.0,1.2,0-3 Mos (High Risk),Close (0-10km)
51992,0,26,Mobile,3,14,E wallet,Male,3,3,Grocery,1,Married,6,0,14,2,2,3,218.36,1.0,1.2,1-5 Yrs,Moderate (11-20km)
51993,0,8,Mobile,1,31,Cash on Delivery,Male,3,4,Fashion,4,Married,4,0,16,2,4,8,209.02999999999997,1.0,1.2,4-12 Mos,Far (21-50km)
51994,0,10,Computer,3,27,Credit Card,Female,3,3,Mobile,1,Married,6,0,15,1,1,0,129.73,1.0,1.2,4-12 Mos,Far (21-50km)
51995,0,26,Mobile,1,29,Debit Card,Female,3,3,Grocery,1,Single,7,0,18,3,4,8,242.75,1.0,1.2,1-5 Yrs,Far (21-50km)
51996,0,16,Computer,1,6,Debit Card,Female,2,3,Laptop & Accessory,1,Married,5,0,13,1,2,2,155.62,1.0,1.2,1-5 Yrs,Close (0-10km)
51997,0,20,Mobile,3,8,E wallet,Female,2,3,Laptop & Accessory,1,Married,1,1,22,3,7,7,145.37,2.0,2.4,1-5 Yrs,Close (0-10km)
51998,0,10,Computer,3,25,Credit Card,Male,2,3,Fashion,4,Single,2,1,13,0,1,9,176.42,1.0,1.2,4-12 Mos,Far (21-50km)
51999,0,23,Computer,1,8,Debit Card,Male,3,3,Grocery,5,Married,2,0,11,1,14,7,279.24,1.0,1.2,1-5 Yrs,Close (0-10km)
52000,0,12,Mobile,2,8,Debit Card,Female,2,4,Laptop & Accessory,1,Married,9,0,11,1,1,4,152.04,1.0,1.2,4-12 Mos,Close (0-10km)
52001,0,3,Mobile,2,9,UPI,Male,2,3,Mobile,4,Married,4,1,11,0,1,3,122.77000000000001,1.0,1.2,0-3 Mos (High Risk),Close (0-10km)
52002,1,0,Mobile,1,31,Debit Card,Male,3,3,Mobile,1,Single,2,1,24,0,1,1,127.94999999999999,1.0,1.2,0-3 Mos (High Risk),Far (21-50km)
52003,0,2,Mobile,1,13,Credit Card,Female,3,4,Mobile,1,Married,7,0,14,1,1,3,125.32,1.0,1.2,0-3 Mos (High Risk),Moderate (11-20km)
52004,0,17,Mobile,1,13,Debit Card,Male,3,3,Mobile,5,Married,2,1,13,5,7,1,125.59,2.0,2.4,1-5 Yrs,Moderate (11-20km)
52005,0,1,Mobile,3,11,Credit Card,Male,3,3,Laptop & Accessory,1,Single,2,0,14,0,1,2,149.08,1.0,1.2,0-3 Mos (High Risk),Moderate (11-20km)
52006,1,20,Computer,1,13,Debit Card,Male,2,4,Mobile,1,Married,10,1,14,1,1,0,123.80000000000001,1.0,1.2,1-5 Yrs,Moderate (11-20km)
52007,0,16,Mobile,1,14,Debit Card,Female,2,3,Laptop & Accessory,4,Married,5,0,21,1,1,0,147.65,1.0,1.2,1-5 Yrs,Moderate (11-20km)
52008,1,3,Mobile,3,8,Credit Card,Female,2,4,Mobile,3,Single,2,0,13,1,1,2,120.44,1.0,1.2,0-3 Mos (High Risk),Close (0-10km)
52009,1,0,Mobile,1,24,UPI,Female,3,3,Mobile,1,Single,2,0,19,1,1,0,126.93,1.0,1.2,0-3 Mos (High Risk),Far (21-50km)
52010,0,9,Mobile,1,20,Debit Card,Male,3,3,Laptop & Accessory,1,Married,1,1,17,2,4,11,165.86,1.0,1.2,4-12 Mos,Moderate (11-20km)
52011,0,20,Mobile,3,8,Debit Card,Female,3,4,Mobile,1,Single,2,1,18,0,1,2,132.94,1.0,1.2,1-5 Yrs,Close (0-10km)
52012,1,0,Mobile,1,9,Debit Card,Female,2,3,Laptop & Accessory,3,Married,1,1,19,1,1,2,141.71,1.0,1.2,0-3 Mos (High Risk),Close (0-10km)
52013,1,4,Mobile,1,8,Debit Card,Female,3,5,Mobile,1,Married,5,1,13,0,1,0,127.78,1.0,1.2,4-12 Mos,Close (0-10km)
52014,0,1,Mobile,1,13,Credit Card,Female,3,3,Mobile,3,Married,6,0,18,0,2,2,123.77000000000001,1.0,1.2,0-3 Mos (High Risk),Moderate (11-20km)
52015,1,2,Mobile,1,13,Credit Card,Male,3,3,Mobile,5,Married,8,1,21,1,2,2,124.03999999999999,1.0,1.2,0-3 Mos (High Risk),Moderate (11-20km)
52016,0,0,Mobile,1,13,Debit Card,Female,3,3,Mobile,3,Single,2,0,19,0,1,0,123.18,1.0,1.2,0-3 Mos (High Risk),Moderate (11-20km)
52017,0,3,Mobile,1,16,Debit Card,Male,2,3,Mobile,4,Married,2,0,14,1,1,0,120.08000000000001,1.0,1.2,0-3 Mos (High Risk),Moderate (11-20km)
52018,0,15,Mobile,3,20,Credit Card,Female,3,4,Laptop & Accessory,3,Single,8,0,17,1,1,3,162.44,1.0,1.2,1-5 Yrs,Moderate (11-20km)
52019,0,6,Mobile,1,6,UPI,Male,3,4,Mobile,5,Single,4,1,11,1,1,2,127.99000000000001,1.0,1.2,4-12 Mos,Close (0-10km)
52020,0,30,Mobile,1,11,Cash on Delivery,Female,2,4,Fashion,4,Married,3,1,13,1,1,4,205.52,1.0,1.2,1-5 Yrs,Moderate (11-20km)
52021,0,4,Mobile,3,14,Debit Card,Male,2,4,Mobile,3,Married,4,0,15,2,5,2,123.28999999999999,1.0,1.2,4-12 Mos,Moderate (11-20km)
52022,0,8,Mobile,1,27,Debit Card,Female,2,3,Laptop & Accessory,1,Married,2,1,25,0,1,7,140.14,1.0,1.2,4-12 Mos,Far (21-50km)
52023,0,22,Mobile,1,14,UPI,Female,2,3,Fashion,4,Married,5,0,11,0,1,7,174.03,1.0,1.2,1-5 Yrs,Moderate (11-20km)
52024,0,3,Mobile,1,26,Credit Card,Male,2,3,Mobile,3,Married,5,0,17,1,1,0,122.59,1.0,1.2,0-3 Mos (High Risk),Far (21-50km)
52025,0,4,Computer,3,26,E wallet,Female,2,3,Laptop & Accessory,3,Married,2,0,13,1,1,0,169.32,1.0,1.2,4-12 Mos,Far (21-50km)
52026,0,9,Mobile,1,13,UPI,Male,3,3,Mobile,1,Single,3,0,18,1,1,1,146.78,1.0,1.2,4-12 Mos,Moderate (11-20km)
52027,0,11,Mobile,1,6,Cash on Delivery,Female,3,3,Fashion,5,Married,2,0,13,4,2,11,235.82,1.0,1.2,4-12 Mos,Close (0-10km)
52028,0,5,Computer,1,13,Debit Card,Female,3,4,Mobile,4,Married,7,0,20,0,1,2,123.32,1.0,1.2,4-12 Mos,Moderate (11-20km)
52029,1,0,Mobile,3,14,E wallet,Male,2,4,Mobile,4,Married,2,1,18,0,1,0,124.13,1.0,1.2,0-3 Mos (High Risk),Moderate (11-20km)
52030,0,13,Mobile,3,16,E wallet,Male,3,4,Fashion,4,Married,3,0,12,0,1,0,197.05,1.0,1.2,1-5 Yrs,Moderate (11-20km)
52031,0,0,Computer,3,6,Credit Card,Male,2,4,Laptop & Accessory,5,Single,2,0,12,0,1,7,142.94,1.0,1.2,0-3 Mos (High Risk),Close (0-10km)
52032,0,14,Mobile,1,12,Credit Card,Male,2,3,Mobile,5,Single,3,1,13,1,2,17,147.21,1.0,1.2,1-5 Yrs,Moderate (11-20km)
52033,0,9,Mobile,1,13,Credit Card,Male,3,3,Mobile,3,Single,5,0,21,1,3,9,125.19,1.0,1.2,4-12 Mos,Moderate (11-20km)
52034,1,3,Mobile,3,27,UPI,Male,2,4,Mobile,4,Single,2,1,13,1,1,0,121.21000000000001,1.0,1.2,0-3 Mos (High Risk),Far (21-50km)
52035,1,0,Mobile,1,10,Cash on Delivery,Male,3,3,Mobile,5,Single,2,0,19,1,1,0,129.73,1.0,1.2,0-3 Mos (High Risk),Close (0-10km)
52036,0,4,Mobile,1,18,Credit Card,Female,2,3,Laptop & Accessory,1,Married,1,1,11,6,8,5,158.55,2.0,2.4,4-12 Mos,Moderate (11-20km)
52037,0,13,Computer,1,15,Credit Card,Male,2,3,Mobile,4,Married,9,1,14,0,1,0,136.17,1.0,1.2,1-5 Yrs,Moderate (11-20km)
52038,0,5,Mobile,1,9,Credit Card,Female,3,3,Laptop & Accessory,5,Married,2,0,12,1,6,3,167.25,1.0,1.2,4-12 Mos,Close (0-10km)
52039,1,0,Mobile,3,9,Debit Card,Male,2,4,Fashion,1,Married,2,1,11,3,3,7,203.25,1.0,1.2,0-3 Mos (High Risk),Close (0-10km)
52040,0,6,Mobile,1,6,Debit Card,Female,2,4,Laptop & Accessory,1,Single,1,0,14,1,1,4,169.49,1.0,1.2,4-12 Mos,Close (0-10km)
52041,1,0,Mobile,3,6,Debit Card,Male,2,4,Fashion,3,Married,6,0,11,5,11,46,206.08999999999997,1.0,1.2,0-3 Mos (High Risk),Close (0-10km)
52042,0,18,Computer,1,10,Debit Card,Male,2,3,Laptop & Accessory,4,Married,2,0,12,1,1,8,144.47,1.0,1.2,1-5 Yrs,Close (0-10km)
52043,0,3,Computer,3,26,Cash on Delivery,Female,2,3,Mobile,1,Married,2,0,15,0,1,2,121.57,1.0,1.2,0-3 Mos (High Risk),Far (21-50km)
52044,0,8,Mobile,3,24,Credit Card,Female,2,3,Laptop & Accessory,3,Married,2,0,16,1,1,0,146.01,1.0,1.2,4-12 Mos,Far (21-50km)
52045,0,25,Mobile,1,6,Debit Card,Male,3,3,Grocery,1,Married,3,0,15,1,7,8,270.99,1.0,1.2,1-5 Yrs,Close (0-10km)
52046,1,20,Mobile,1,13,Cash on Delivery,Male,2,3,Mobile,3,Single,5,0,24,0,1,0,124.78999999999999,1.0,1.2,1-5 Yrs,Moderate (11-20km)
52047,0,26,Mobile,3,8,Credit Card,Male,2,3,Grocery,3,Married,7,0,13,11,4,2,248.51999999999998,1.0,1.2,1-5 Yrs,Close (0-10km)
52048,0,3,Mobile,3,14,UPI,Male,3,3,Fashion,3,Married,6,0,11,2,7,7,172.64,1.0,1.2,0-3 Mos (High Risk),Moderate (11-20km)
52049,0,11,Computer,3,16,Cash on Delivery,Female,2,3,Laptop & Accessory,1,Single,2,1,13,1,1,3,156.66,1.0,1.2,4-12 Mos,Moderate (11-20km)
52050,0,8,Mobile,3,9,Debit Card,Male,3,3,Fashion,1,Married,7,0,13,0,1,8,178.23,1.0,1.2,4-12 Mos,Close (0-10km)
52051,0,12,Mobile,3,8,Debit Card,Male,2,1,Fashion,3,Single,1,0,18,0,1,7,178.8,1.0,1.2,4-12 Mos,Close (0-10km)
52052,1,3,Computer,3,30,Debit Card,Female,3,1,Grocery,4,Single,5,1,16,1,4,0,231.94,1.0,1.2,0-3 Mos (High Risk),Far (21-50km)
52053,0,20,Computer,1,22,Credit Card,Male,3,1,Laptop & Accessory,3,Married,2,1,19,1,2,7,150.67,1.0,1.2,1-5 Yrs,Far (21-50km)
52054,0,9,Computer,3,14,Cash on Delivery,Male,2,3,Laptop & Accessory,1,Married,5,0,13,1,1,7,150.79,1.0,1.2,4-12 Mos,Moderate (11-20km)
52055,1,0,Computer,1,13,Credit Card,Male,2,4,Mobile,5,Single,1,1,22,0,1,2,123.21000000000001,1.0,1.2,0-3 Mos (High Risk),Moderate (11-20km)
52056,0,6,Computer,3,23,Debit Card,Male,2,3,Grocery,3,Single,2,0,11,1,6,0,274.44,1.0,1.2,4-12 Mos,Far (21-50km)
52057,1,0,Mobile,1,13,Debit Card,Female,3,4,Mobile,5,Single,7,1,20,1,1,0,124.03999999999999,1.0,1.2,0-3 Mos (High Risk),Moderate (11-20km)
52058,0,6,Mobile,1,19,Debit Card,Female,2,3,Mobile,1,Single,4,0,18,1,1,2,134.52,1.0,1.2,4-12 Mos,Moderate (11-20km)
52059,0,3,Mobile,1,6,Credit Card,Female,3,3,Mobile,1,Married,4,0,14,1,1,2,122.69999999999999,1.0,1.2,0-3 Mos (High Risk),Close (0-10km)
52060,0,23,Mobile,1,6,Credit Card,Male,3,3,Grocery,1,Married,10,0,22,1,1,3,273.99,1.0,1.2,1-5 Yrs,Close (0-10km)
52061,0,6,Computer,1,6,UPI,Female,2,1,Laptop & Accessory,4,Married,2,1,13,1,1,2,154.88,1.0,1.2,4-12 Mos,Close (0-10km)
52062,0,14,Computer,1,15,Credit Card,Male,3,3,Others,3,Married,3,0,15,0,1,11,294.19,1.0,1.2,1-5 Yrs,Moderate (11-20km)
52063,0,0,Mobile,1,22,Cash on Delivery,Female,3,3,Mobile,4,Married,10,0,14,2,2,2,128.11,1.0,1.2,0-3 Mos (High Risk),Far (21-50km)
52064,0,18,Computer,1,29,Debit Card,Male,2,3,Laptop & Accessory,5,Married,2,1,15,1,1,8,136.33,1.0,1.2,1-5 Yrs,Far (21-50km)
52065,0,20,Mobile,3,10,Debit Card,Female,2,3,Laptop & Accessory,1,Single,2,1,17,1,1,7,141.63,1.0,1.2,1-5 Yrs,Close (0-10km)
52066,1,3,Mobile,1,28,Debit Card,Female,2,3,Mobile,3,Married,5,1,11,0,1,1,121.32,1.0,1.2,0-3 Mos (High Risk),Far (21-50km)
52067,0,23,Mobile,1,30,Debit Card,Male,3,3,Grocery,3,Married,4,1,18,1,4,5,239.73000000000002,1.0,1.2,1-5 Yrs,Far (21-50km)
52068,0,11,Computer,1,16,Credit Card,Male,3,3,Mobile,3,Married,1,0,17,0,1,2,126.84,1.0,1.2,4-12 Mos,Moderate (11-20km)
52069,0,19,Mobile,1,13,Credit Card,Male,3,3,Fashion,3,Married,7,0,13,1,1,7,208.45,1.0,1.2,1-5 Yrs,Moderate (11-20km)
52070,0,0,Mobile,1,23,Credit Card,Female,2,4,Laptop & Accessory,3,Married,2,0,15,0,3,2,143.77,1.0,1.2,0-3 Mos (High Risk),Far (21-50km)
52071,1,0,Mobile,1,20,UPI,Male,2,4,Mobile,4,Married,2,1,24,1,1,2,137.43,1.0,1.2,0-3 Mos (High Risk),Moderate (11-20km)
52072,0,4,Computer,1,6,Debit Card,Female,3,3,Laptop & Accessory,5,Married,2,0,12,1,1,3,141.48,1.0,1.2,4-12 Mos,Close (0-10km)
52073,0,0,Computer,1,11,Debit Card,Male,3,3,Mobile,1,Single,2,0,15,0,1,0,110.50999999999999,1.0,1.2,0-3 Mos (High Risk),Moderate (11-20km)
52074,0,27,Mobile,1,23,Cash on Delivery,Female,2,3,Fashion,3,Married,9,0,11,0,1,8,207.39,1.0,1.2,1-5 Yrs,Far (21-50km)
52075,0,8,Mobile,1,31,Credit Card,Female,2,3,Fashion,3,Married,2,1,11,0,10,1,203.88,2.0,2.4,4-12 Mos,Far (21-50km)
52076,0,3,Mobile,1,14,Debit Card,Female,3,1,Fashion,5,Married,1,1,12,0,1,3,214.16000000000003,1.0,1.2,0-3 Mos (High Risk),Moderate (11-20km)
52077,1,0,Mobile,1,13,Credit Card,Female,3,4,Mobile,5,Single,2,1,15,1,1,0,126.0,1.0,1.2,0-3 Mos (High Risk),Moderate (11-20km)
52078,1,0,Computer,1,13,Credit Card,Female,2,3,Mobile,4,Single,1,0,17,0,1,2,124.22,1.0,1.2,0-3 Mos (High Risk),Moderate (11-20km)
52079,0,0,Mobile,1,8,Credit Card,Male,2,1,Laptop & Accessory,1,Married,2,0,12,1,1,3,154.72,1.0,1.2,0-3 Mos (High Risk),Close (0-10km)
52080,0,0,Mobile,1,13,Debit Card,Male,3,5,Mobile,5,Married,2,0,15,0,1,1,124.50999999999999,1.0,1.2,0-3 Mos (High Risk),Moderate (11-20km)
52081,0,21,Mobile,1,12,Debit Card,Male,3,4,Laptop & Accessory,3,Single,3,0,13,0,2,2,142.4,1.0,1.2,1-5 Yrs,Moderate (11-20km)
52082,0,21,Mobile,1,10,Debit Card,Male,3,4,Fashion,3,Single,8,0,14,1,4,3,209.99,1.0,1.2,1-5 Yrs,Close (0-10km)
52083,0,14,Mobile,1,13,Credit Card,Female,2,3,Laptop & Accessory,3,Single,7,0,14,2,2,1,150.03,1.0,1.2,1-5 Yrs,Moderate (11-20km)
52084,0,12,Mobile,1,6,Debit Card,Female,3,4,Grocery,1,Married,2,0,16,9,11,3,227.42000000000002,1.0,1.2,4-12 Mos,Close (0-10km)
52085,0,0,Mobile,1,8,Debit Card,Female,2,3,Laptop & Accessory,1,Married,1,0,18,2,2,2,142.27,1.0,1.2,0-3 Mos (High Risk),Close (0-10km)
52086,0,8,Mobile,1,16,UPI,Male,2,3,Mobile,1,Married,2,0,20,0,1,2,139.17,1.0,1.2,4-12 Mos,Moderate (11-20km)
52087,0,0,Mobile,3,11,E wallet,Male,2,3,Others,3,Married,7,0,13,1,1,0,283.03,1.0,1.2,0-3 Mos (High Risk),Moderate (11-20km)
52088,0,23,Mobile,1,13,Debit Card,Male,3,3,Mobile,1,Married,5,0,18,1,1,0,123.80000000000001,1.0,1.2,1-5 Yrs,Moderate (11-20km)
52089,0,30,Mobile,1,8,Debit Card,Female,3,4,Grocery,1,Single,4,1,13,4,4,3,237.26,1.0,1.2,1-5 Yrs,Close (0-10km)
52090,1,0,Mobile,1,17,Credit Card,Female,3,5,Laptop & Accessory,4,Married,6,0,15,1,1,0,147.77,1.0,1.2,0-3 Mos (High Risk),Moderate (11-20km)
52091,0,28,Computer,1,24,Credit Card,Male,3,3,Laptop & Accessory,4,Married,4,1,14,2,6,7,163.85,2.0,2.4,1-5 Yrs,Far (21-50km)
52092,0,14,Computer,1,13,Debit Card,Female,2,5,Others,3,Married,2,0,15,5,5,10,299.73,1.0,1.2,1-5 Yrs,Moderate (11-20km)
52093,0,11,Mobile,3,9,Debit Card,Male,2,3,Laptop & Accessory,1,Single,9,1,12,1,1,0,168.61,1.0,1.2,4-12 Mos,Close (0-10km)
52094,1,0,Computer,3,35,Credit Card,Male,3,5,Laptop & Accessory,5,Single,9,0,18,1,2,2,149.69,1.0,1.2,0-3 Mos (High Risk),Far (21-50km)
52095,1,15,Mobile,3,8,E wallet,Female,2,5,Others,1,Married,2,0,15,3,6,9,298.45,1.0,1.2,1-5 Yrs,Close (0-10km)
52096,0,17,Mobile,3,34,Credit Card,Female,2,1,Grocery,1,Married,4,1,18,4,4,11,233.2,1.0,1.2,1-5 Yrs,Far (21-50km)
52097,0,23,Computer,3,6,Debit Card,Female,3,3,Laptop & Accessory,3,Married,1,0,12,0,1,13,163.47,1.0,1.2,1-5 Yrs,Close (0-10km)
52098,1,0,Mobile,1,22,Debit Card,Female,3,1,Mobile,5,Single,2,0,16,3,15,14,127.43,1.0,1.2,0-3 Mos (High Risk),Far (21-50km)
52099,0,12,Computer,1,28,Credit Card,Female,2,3,Fashion,5,Single,2,1,13,1,2,8,208.8,1.0,1.2,4-12 Mos,Far (21-50km)
52100,0,6,Computer,3,14,Debit Card,Female,2,4,Mobile,1,Single,1,0,19,0,2,2,123.41999999999999,1.0,1.2,4-12 Mos,Moderate (11-20km)
52101,0,18,Mobile,3,17,Debit Card,Female,2,3,Grocery,1,Married,4,0,13,1,1,1,276.5,1.0,1.2,1-5 Yrs,Moderate (11-20km)
52102,0,5,Computer,1,35,Credit Card,Female,3,3,Mobile,3,Single,10,0,12,6,7,7,140.25,1.0,1.2,4-12 Mos,Far (21-50km)
52103,0,7,Mobile,3,6,E wallet,Male,3,1,Laptop & Accessory,1,Married,1,0,11,0,1,9,197.25,1.0,1.2,4-12 Mos,Close (0-10km)
52104,0,30,Mobile,3,6,Cash on Delivery,Male,3,3,Fashion,1,Married,4,1,14,1,1,3,219.04000000000002,1.0,1.2,1-5 Yrs,Close (0-10km)
52105,0,3,Mobile,2,30,Credit Card,Male,2,3,Mobile,4,Single,2,0,16,0,1,4,121.77000000000001,1.0,1.2,0-3 Mos (High Risk),Far (21-50km)
52106,0,26,Computer,3,8,E wallet,Female,2,4,Fashion,4,Married,3,0,12,5,6,12,175.25,1.0,1.2,1-5 Yrs,Close (0-10km)
52107,1,0,Mobile,1,21,UPI,Male,2,3,Laptop & Accessory,3,Married,8,0,14,0,1,0,148.34,1.0,1.2,0-3 Mos (High Risk),Far (21-50km)
52108,1,3,Computer,1,8,Debit Card,Male,2,3,Mobile,5,Married,7,1,14,0,1,2,120.41999999999999,1.0,1.2,0-3 Mos (High Risk),Close (0-10km)
52109,0,3,Mobile,3,16,Debit Card,Female,2,3,Mobile,3,Married,2,1,19,0,1,0,122.19999999999999,1.0,1.2,0-3 Mos (High Risk),Moderate (11-20km)
52110,0,1,Mobile,3,16,Credit Card,Male,3,3,Mobile,4,Married,2,0,22,0,1,0,110.52000000000001,1.0,1.2,0-3 Mos (High Risk),Moderate (11-20km)
52111,0,11,Computer,1,9,UPI,Male,3,3,Mobile,3,Married,4,0,16,2,2,2,128.21,1.0,1.2,4-12 Mos,Close (0-10km)
52112,0,23,Mobile,1,8,Credit Card,Male,3,3,Others,3,Married,3,1,15,4,7,7,292.37,2.0,2.4,1-5 Yrs,Close (0-10km)
52113,0,10,Mobile,1,9,UPI,Female,2,3,Laptop & Accessory,4,Single,4,0,15,1,1,1,141.07,1.0,1.2,4-12 Mos,Close (0-10km)
52114,0,13,Mobile,3,32,E wallet,Male,3,3,Laptop & Accessory,5,Married,2,0,14,3,7,5,183.96,1.0,1.2,1-5 Yrs,Far (21-50km)
52115,0,3,Computer,1,6,Credit Card,Female,3,4,Mobile,3,Married,2,0,13,0,1,3,120.07,1.0,1.2,0-3 Mos (High Risk),Close (0-10km)
52116,0,19,Mobile,1,6,Credit Card,Male,2,3,Others,1,Married,10,0,15,1,2,2,296.27,1.0,1.2,1-5 Yrs,Close (0-10km)
52117,0,27,Mobile,3,8,Debit Card,Female,2,4,Fashion,3,Married,7,0,11,6,7,0,206.86,1.0,1.2,1-5 Yrs,Close (0-10km)
52118,0,29,Computer,1,15,Credit Card,Female,3,3,Mobile,3,Married,3,0,19,1,1,3,129.42,1.0,1.2,1-5 Yrs,Moderate (11-20km)
52119,0,9,Mobile,1,18,Credit Card,Female,2,4,Fashion,1,Single,1,0,11,5,7,8,188.58,1.0,1.2,4-12 Mos,Moderate (11-20km)
52120,0,28,Computer,1,8,Credit Card,Male,2,4,Grocery,5,Single,8,0,15,1,6,2,267.56,1.0,1.2,1-5 Yrs,Close (0-10km)
52121,0,16,Mobile,3,31,Credit Card,Male,3,4,Fashion,1,Married,6,0,13,1,1,0,207.98000000000002,1.0,1.2,1-5 Yrs,Far (21-50km)
52122,1,0,Computer,3,14,E wallet,Female,2,3,Mobile,1,Single,2,1,14,1,1,2,123.22999999999999,1.0,1.2,0-3 Mos (High Risk),Moderate (11-20km)
52123,1,3,Mobile,1,16,Debit Card,Female,2,4,Mobile,5,Single,2,0,13,0,1,0,114.16,1.0,1.2,0-3 Mos (High Risk),Moderate (11-20km)
52124,0,19,Mobile,1,14,Debit Card,Female,3,4,Laptop & Accessory,5,Married,9,1,23,1,1,7,146.15,1.0,1.2,1-5 Yrs,Moderate (11-20km)
52125,1,14,Mobile,1,13,Debit Card,Male,2,3,Mobile,3,Married,10,1,12,0,2,7,124.61000000000001,1.0,1.2,1-5 Yrs,Moderate (11-20km)
52126,1,0,Computer,1,30,Cash on Delivery,Male,3,4,Fashion,5,Single,2,0,12,1,1,9,187.22,1.0,1.2,0-3 Mos (High Risk),Far (21-50km)
52127,0,0,Mobile,1,6,Credit Card,Male,2,4,Mobile,5,Married,2,0,16,1,1,3,139.55,1.0,1.2,0-3 Mos (High Risk),Close (0-10km)
52128,0,3,Mobile,1,26,UPI,Male,2,3,Laptop & Accessory,5,Married,1,0,15,0,1,2,199.57,1.0,1.2,0-3 Mos (High Risk),Far (21-50km)
52129,0,14,Mobile,1,13,Cash on Delivery,Female,2,1,Mobile,3,Married,2,0,13,0,1,8,133.76,1.0,1.2,1-5 Yrs,Moderate (11-20km)
52130,0,11,Mobile,1,23,Debit Card,Female,3,4,Fashion,3,Married,1,0,18,1,1,9,188.23,1.0,1.2,4-12 Mos,Far (21-50km)
52131,0,13,Mobile,1,26,Cash on Delivery,Male,3,3,Fashion,1,Married,5,0,20,3,11,1,203.22,1.0,1.2,1-5 Yrs,Far (21-50km)
52132,0,0,Computer,1,14,Debit Card,Male,2,5,Mobile,3,Married,2,0,19,1,1,2,146.21,1.0,1.2,0-3 Mos (High Risk),Moderate (11-20km)
52133,0,28,Computer,1,8,Debit Card,Male,3,3,Fashion,4,Married,4,0,18,0,1,3,209.76,1.0,1.2,1-5 Yrs,Close (0-10km)
52134,0,1,Mobile,1,16,UPI,Female,2,3,Laptop & Accessory,3,Single,4,0,13,0,1,7,136.6,1.0,1.2,0-3 Mos (High Risk),Moderate (11-20km)
52135,1,7,Mobile,2,6,Credit Card,Male,3,4,Fashion,5,Married,10,0,14,2,3,6,204.82,1.0,1.2,4-12 Mos,Close (0-10km)
52136,0,6,Mobile,1,11,Debit Card,Male,2,4,Fashion,1,Married,5,0,15,1,1,2,171.19,1.0,1.2,4-12 Mos,Moderate (11-20km)
52137,1,0,Mobile,3,10,Cash on Delivery,Male,2,3,Fashion,5,Single,1,1,22,2,4,7,195.82,1.0,1.2,0-3 Mos (High Risk),Close (0-10km)
52138,1,0,Computer,1,35,Credit Card,Female,2,4,Laptop & Accessory,3,Single,2,0,22,2,3,8,145.08,1.0,1.2,0-3 Mos (High Risk),Far (21-50km)
52139,0,3,Mobile,1,21,Debit Card,Male,2,3,Mobile,3,Married,2,0,16,0,2,2,122.07,1.0,1.2,0-3 Mos (High Risk),Far (21-50km)
52140,0,7,Computer,1,9,Debit Card,Male,2,3,Laptop & Accessory,1,Single,1,0,17,1,1,4,177.56,1.0,1.2,4-12 Mos,Close (0-10km)
52141,0,10,Mobile,3,16,Debit Card,Female,2,4,Laptop & Accessory,1,Married,3,1,14,1,1,0,166.94,1.0,1.2,4-12 Mos,Moderate (11-20km)
52142,1,0,Mobile,1,10,Cash on Delivery,Male,2,3,Mobile,1,Married,2,1,15,4,5,6,136.91,1.0,1.2,0-3 Mos (High Risk),Close (0-10km)
52143,1,0,Mobile,1,13,Credit Card,Male,2,3,Mobile,3,Married,2,0,20,1,1,0,123.77000000000001,1.0,1.2,0-3 Mos (High Risk),Moderate (11-20km)
52144,1,0,Mobile,1,31,Credit Card,Male,2,4,Mobile,4,Single,5,1,20,1,2,2,123.13,1.0,1.2,0-3 Mos (High Risk),Far (21-50km)
52145,0,15,Mobile,1,8,Credit Card,Male,2,3,Grocery,5,Married,1,0,17,1,13,7,276.65,1.0,1.2,1-5 Yrs,Close (0-10km)
52146,1,0,Computer,1,13,Credit Card,Male,2,4,Mobile,4,Married,2,0,15,1,1,0,125.96000000000001,1.0,1.2,0-3 Mos (High Risk),Moderate (11-20km)
52147,1,13,Computer,3,6,UPI,Male,2,3,Laptop & Accessory,3,Single,4,1,14,1,1,0,147.28,1.0,1.2,1-5 Yrs,Close (0-10km)
52148,0,6,Computer,3,13,Debit Card,Female,1,3,Laptop & Accessory,4,Married,1,0,17,0,1,2,143.02,1.0,1.2,4-12 Mos,Moderate (11-20km)
52149,0,7,Computer,1,9,Debit Card,Male,3,4,Mobile,1,Married,4,0,17,0,1,0,129.79,1.0,1.2,4-12 Mos,Close (0-10km)
52150,0,21,Computer,1,6,Credit Card,Male,2,1,Grocery,1,Single,3,0,22,1,2,1,268.85,1.0,1.2,1-5 Yrs,Close (0-10km)
52151,0,18,Computer,3,15,Debit Card,Female,3,4,Laptop & Accessory,3,Married,2,0,13,4,4,12,155.93,1.0,1.2,1-5 Yrs,Moderate (11-20km)
52152,0,25,Mobile,1,5,Debit Card,Male,2,3,Fashion,4,Single,8,0,19,2,4,0,204.45,1.0,1.2,1-5 Yrs,Close (0-10km)
52153,0,11,Mobile,3,16,E wallet,Male,3,4,Fashion,3,Married,1,1,14,1,2,7,187.4,1.0,1.2,4-12 Mos,Moderate (11-20km)
52154,0,2,Mobile,1,13,Debit Card,Female,3,3,Mobile,1,Married,5,0,22,1,1,7,125.13999999999999,1.0,1.2,0-3 Mos (High Risk),Moderate (11-20km)
52155,0,1,Mobile,1,9,Credit Card,Female,3,3,Fashion,4,Married,1,0,17,0,1,7,176.55,1.0,1.2,0-3 Mos (High Risk),Close (0-10km)
52156,0,19,Mobile,3,9,E wallet,Male,2,3,Grocery,3,Married,4,0,12,1,4,9,274.65,1.0,1.2,1-5 Yrs,Close (0-10km)
52157,0,11,Mobile,3,8,E wallet,Male,2,3,Fashion,4,Single,8,0,16,1,1,0,173.51,1.0,1.2,4-12 Mos,Close (0-10km)
52158,0,16,Computer,1,33,Debit Card,Female,2,3,Fashion,5,Married,9,0,11,1,1,1,208.2,1.0,1.2,1-5 Yrs,Far (21-50km)
52159,1,2,Computer,1,8,Debit Card,Male,2,3,Grocery,1,Married,8,0,11,10,11,3,221.69,1.0,1.2,0-3 Mos (High Risk),Close (0-10km)
52160,0,13,Mobile,1,20,Credit Card,Male,2,4,Others,3,Single,2,0,15,3,4,9,296.26,1.0,1.2,1-5 Yrs,Moderate (11-20km)
52161,0,3,Mobile,1,6,Cash on Delivery,Female,3,4,Mobile,4,Single,2,1,11,1,2,2,120.69999999999999,1.0,1.2,0-3 Mos (High Risk),Close (0-10km)
52162,0,12,Computer,1,15,Debit Card,Male,3,3,Laptop & Accessory,4,Single,10,0,15,1,1,3,167.82,1.0,1.2,4-12 Mos,Moderate (11-20km)
52163,0,9,Computer,1,24,Debit Card,Male,3,3,Laptop & Accessory,1,Single,3,0,20,0,1,9,177.79,1.0,1.2,4-12 Mos,Far (21-50km)
52164,0,4,Computer,3,26,Debit Card,Male,3,1,Mobile,1,Married,1,0,12,2,2,2,127.91,1.0,1.2,4-12 Mos,Far (21-50km)
52165,0,1,Mobile,1,8,Debit Card,Male,3,4,Mobile,4,Married,1,0,17,0,1,4,132.01,1.0,1.2,0-3 Mos (High Risk),Close (0-10km)
52166,0,8,Computer,3,17,E wallet,Male,2,3,Laptop & Accessory,1,Married,2,0,11,1,1,2,149.68,1.0,1.2,4-12 Mos,Moderate (11-20km)
52167,0,22,Mobile,3,14,Cash on Delivery,Male,2,4,Grocery,4,Married,7,0,17,1,2,3,231.2,1.0,1.2,1-5 Yrs,Moderate (11-20km)
52168,0,7,Computer,1,8,Debit Card,Male,3,3,Laptop & Accessory,3,Single,3,0,11,1,1,2,140.33,1.0,1.2,4-12 Mos,Close (0-10km)
52169,0,2,Computer,1,16,Debit Card,Female,3,3,Mobile,4,Married,1,0,14,0,1,1,132.91,1.0,1.2,0-3 Mos (High Risk),Moderate (11-20km)
52170,0,15,Mobile,1,35,Credit Card,Male,2,5,Laptop & Accessory,1,Single,5,0,19,1,1,0,142.72,1.0,1.2,1-5 Yrs,Far (21-50km)
52171,0,2,Mobile,1,14,Credit Card,Male,3,4,Laptop & Accessory,1,Married,2,1,15,1,1,2,150.56,1.0,1.2,0-3 Mos (High Risk),Moderate (11-20km)
52172,0,11,Mobile,2,6,UPI,Male,3,1,Mobile,3,Married,2,0,13,3,5,0,128.44,1.0,1.2,4-12 Mos,Close (0-10km)
52173,0,1,Computer,1,12,Debit Card,Male,3,4,Mobile,3,Married,2,1,14,1,1,2,127.03,1.0,1.2,0-3 Mos (High Risk),Moderate (11-20km)
52174,1,3,Computer,1,14,Credit Card,Male,3,3,Mobile,3,Single,2,0,12,1,1,0,119.03999999999999,1.0,1.2,0-3 Mos (High Risk),Moderate (11-20km)
52175,1,0,Mobile,3,15,E wallet,Female,3,3,Laptop & Accessory,5,Single,4,1,17,0,1,3,182.24,1.0,1.2,0-3 Mos (High Risk),Moderate (11-20km)
52176,0,14,Mobile,1,18,Debit Card,Male,2,3,Mobile,1,Married,4,1,11,1,1,0,147.66,1.0,1.2,1-5 Yrs,Moderate (11-20km)
52177,1,0,Computer,1,13,Credit Card,Male,3,3,Mobile,3,Married,2,0,12,1,2,2,126.1,1.0,1.2,0-3 Mos (High Risk),Moderate (11-20km)
52178,0,10,Mobile,1,31,Credit Card,Female,2,4,Laptop & Accessory,1,Married,8,0,13,1,1,3,157.31,1.0,1.2,4-12 Mos,Far (21-50km)
52179,0,0,Mobile,1,13,Debit Card,Male,2,4,Mobile,3,Married,2,0,13,1,2,2,125.38999999999999,1.0,1.2,0-3 Mos (High Risk),Moderate (11-20km)
52180,0,7,Mobile,3,15,Debit Card,Female,3,3,Laptop & Accessory,3,Married,2,0,20,0,1,3,157.14,1.0,1.2,4-12 Mos,Moderate (11-20km)
52181,0,8,Mobile,2,14,Cash on Delivery,Male,3,3,Mobile,3,Single,2,0,17,0,1,4,143.23,1.0,1.2,4-12 Mos,Moderate (11-20km)
52182,1,0,Mobile,3,29,Debit Card,Female,2,4,Fashion,5,Married,2,0,13,1,3,10,173.36,1.0,1.2,0-3 Mos (High Risk),Far (21-50km)
52183,0,13,Computer,1,15,Credit Card,Female,2,3,Fashion,3,Single,10,0,17,1,2,13,234.99,1.0,1.2,1-5 Yrs,Moderate (11-20km)
52184,1,5,Computer,3,18,Debit Card,Male,2,3,Grocery,5,Single,1,1,12,2,4,14,237.57999999999998,1.0,1.2,4-12 Mos,Moderate (11-20km)
52185,0,15,Mobile,3,10,E wallet,Male,2,3,Laptop & Accessory,5,Single,8,0,13,1,1,5,151.55,1.0,1.2,1-5 Yrs,Close (0-10km)
52186,0,3,Mobile,1,6,Credit Card,Male,2,4,Mobile,3,Married,7,0,12,1,1,7,122.58000000000001,1.0,1.2,0-3 Mos (High Risk),Close (0-10km)
52187,0,0,Mobile,1,30,Credit Card,Male,2,3,Mobile,4,Single,9,0,22,0,1,2,135.97,1.0,1.2,0-3 Mos (High Risk),Far (21-50km)
52188,1,0,Mobile,1,13,Debit Card,Female,3,3,Mobile,1,Married,2,1,11,1,1,0,125.15,1.0,1.2,0-3 Mos (High Risk),Moderate (11-20km)
52189,0,0,Mobile,1,9,Credit Card,Male,2,1,Mobile,1,Married,2,0,22,1,1,7,144.2,1.0,1.2,0-3 Mos (High Risk),Close (0-10km)
52190,0,3,Mobile,3,16,E wallet,Male,3,4,Laptop & Accessory,3,Married,2,0,18,0,1,4,165.78,1.0,1.2,0-3 Mos (High Risk),Moderate (11-20km)
52191,0,13,Computer,1,32,Credit Card,Female,3,4,Laptop & Accessory,1,Married,4,1,13,0,1,0,144.22,1.0,1.2,1-5 Yrs,Far (21-50km)
52192,0,8,Mobile,1,8,Debit Card,Male,2,4,Fashion,4,Married,3,0,18,2,6,4,202.74,1.0,1.2,4-12 Mos,Close (0-10km)
52193,0,7,Computer,1,7,Credit Card,Male,3,4,Laptop & Accessory,5,Single,1,0,20,0,4,9,153.43,1.0,1.2,4-12 Mos,Close (0-10km)
52194,0,8,Computer,1,13,UPI,Male,2,4,Mobile,1,Married,2,0,13,1,2,2,123.75999999999999,1.0,1.2,4-12 Mos,Moderate (11-20km)
52195,1,6,Mobile,3,15,E wallet,Female,2,5,Laptop & Accessory,3,Single,9,0,13,0,1,3,153.46,1.0,1.2,4-12 Mos,Moderate (11-20km)
52196,0,5,Computer,3,8,Debit Card,Female,3,3,Mobile,5,Married,2,0,12,1,1,0,128.27,1.0,1.2,4-12 Mos,Close (0-10km)
52197,0,29,Mobile,1,10,Cash on Delivery,Female,3,3,Others,5,Married,5,0,15,4,4,2,299.43,1.0,1.2,1-5 Yrs,Close (0-10km)
52198,0,2,Mobile,1,12,Credit Card,Female,3,3,Mobile,1,Married,2,0,13,0,1,8,131.31,1.0,1.2,0-3 Mos (High Risk),Moderate (11-20km)
52199,0,0,Mobile,1,13,Debit Card,Male,2,3,Mobile,5,Single,2,0,25,0,1,0,125.52000000000001,1.0,1.2,0-3 Mos (High Risk),Moderate (11-20km)
52200,0,18,Mobile,1,13,Credit Card,Female,2,3,Mobile,3,Married,5,1,19,0,1,2,144.77,1.0,1.2,1-5 Yrs,Moderate (11-20km)
52201,0,10,Mobile,1,7,Debit Card,Female,2,4,Laptop & Accessory,1,Married,2,0,13,0,3,11,164.74,1.0,1.2,4-12 Mos,Close (0-10km)
52202,0,0,Mobile,1,5,Debit Card,Male,3,4,Mobile,3,Single,2,0,12,0,1,2,130.33,1.0,1.2,0-3 Mos (High Risk),Close (0-10km)
52203,1,7,Mobile,1,16,Debit Card,Male,3,3,Mobile,3,Single,2,1,11,1,1,2,129.36,1.0,1.2,4-12 Mos,Moderate (11-20km)
52204,0,26,Mobile,1,13,Credit Card,Female,2,3,Others,3,Married,4,0,18,1,4,7,286.06,1.0,1.2,1-5 Yrs,Moderate (11-20km)
52205,0,3,Mobile,1,21,Debit Card,Female,3,5,Mobile,1,Married,1,1,18,1,1,3,121.68,1.0,1.2,0-3 Mos (High Risk),Far (21-50km)
52206,1,0,Computer,1,9,Debit Card,Male,3,4,Mobile,1,Married,1,1,11,0,1,0,128.53,1.0,1.2,0-3 Mos (High Risk),Close (0-10km)
52207,0,19,Mobile,3,8,E wallet,Female,3,3,Grocery,5,Married,9,0,23,1,15,9,270.48,1.0,1.2,1-5 Yrs,Close (0-10km)
52208,0,3,Computer,1,23,Debit Card,Male,3,5,Mobile,3,Single,3,0,13,1,1,0,122.9,1.0,1.2,0-3 Mos (High Risk),Far (21-50km)
52209,0,6,Mobile,2,8,UPI,Male,3,3,Mobile,3,Married,2,0,13,1,1,4,136.0,1.0,1.2,4-12 Mos,Close (0-10km)
52210,1,3,Computer,1,11,Debit Card,Male,3,4,Mobile,5,Married,7,0,17,0,1,0,121.07,1.0,1.2,0-3 Mos (High Risk),Moderate (11-20km)
52211,0,3,Mobile,3,35,Debit Card,Male,3,3,Laptop & Accessory,5,Married,9,0,19,1,1,3,141.15,1.0,1.2,0-3 Mos (High Risk),Far (21-50km)
52212,0,13,Computer,3,8,Credit Card,Male,3,3,Laptop & Accessory,4,Married,6,0,12,1,1,0,143.27,1.0,1.2,1-5 Yrs,Close (0-10km)
52213,0,23,Computer,1,8,Credit Card,Female,1,3,Grocery,5,Married,3,0,22,1,2,2,278.56,1.0,1.2,1-5 Yrs,Close (0-10km)
52214,0,1,Mobile,1,25,Credit Card,Male,3,4,Mobile,5,Married,2,0,12,1,3,3,131.96,1.0,1.2,0-3 Mos (High Risk),Far (21-50km)
52215,0,19,Mobile,1,21,Debit Card,Male,2,3,Others,4,Married,6,0,11,1,1,3,290.81,1.0,1.2,1-5 Yrs,Far (21-50km)
52216,0,8,Mobile,3,23,Debit Card,Male,3,3,Laptop & Accessory,5,Married,4,1,15,0,1,7,189.66,1.0,1.2,4-12 Mos,Far (21-50km)
52217,1,3,Mobile,1,23,Debit Card,Female,3,3,Mobile,4,Married,2,0,13,1,1,0,122.1,1.0,1.2,0-3 Mos (High Risk),Far (21-50km)
52218,0,6,Computer,3,31,Credit Card,Female,2,3,Laptop & Accessory,3,Married,2,0,12,0,1,1,145.39,1.0,1.2,4-12 Mos,Far (21-50km)
52219,0,9,Mobile,1,12,Debit Card,Male,3,5,Mobile,3,Married,2,0,14,1,1,7,127.41,1.0,1.2,4-12 Mos,Moderate (11-20km)
52220,0,3,Mobile,1,13,Debit Card,Male,2,3,Laptop & Accessory,3,Married,2,0,13,4,8,9,134.91,1.0,1.2,0-3 Mos (High Risk),Moderate (11-20km)
52221,0,17,Mobile,1,35,UPI,Male,2,3,Laptop & Accessory,1,Single,2,0,25,6,13,17,145.41,1.0,1.2,1-5 Yrs,Far (21-50km)
52222,0,0,Mobile,3,27,E wallet,Male,3,1,Mobile,1,Single,2,0,17,2,2,2,126.78,1.0,1.2,0-3 Mos (High Risk),Far (21-50km)
52223,0,19,Mobile,1,8,Cash on Delivery,Male,2,3,Laptop & Accessory,1,Married,3,0,11,0,1,4,173.79,1.0,1.2,1-5 Yrs,Close (0-10km)
52224,0,15,Computer,2,8,Credit Card,Male,3,1,Laptop & Accessory,5,Married,8,0,16,1,1,3,162.72,1.0,1.2,1-5 Yrs,Close (0-10km)
52225,0,30,Mobile,3,13,E wallet,Male,2,1,Laptop & Accessory,1,Married,1,1,18,0,1,9,152.2,1.0,1.2,1-5 Yrs,Moderate (11-20km)
52226,0,5,Computer,1,19,UPI,Female,3,4,Mobile,4,Married,2,0,20,2,2,2,134.0,1.0,1.2,4-12 Mos,Moderate (11-20km)
52227,0,5,Computer,1,8,Debit Card,Female,2,3,Laptop & Accessory,3,Single,5,1,14,1,1,7,149.98,1.0,1.2,4-12 Mos,Close (0-10km)
52228,0,9,Mobile,1,7,Cash on Delivery,Female,3,5,Fashion,5,Married,3,1,21,7,7,7,202.52,2.0,2.4,4-12 Mos,Close (0-10km)
52229,0,6,Mobile,1,15,Credit Card,Male,3,3,Mobile,1,Married,1,0,13,0,4,10,127.81,1.0,1.2,4-12 Mos,Moderate (11-20km)
52230,0,13,Mobile,3,16,Cash on Delivery,Female,2,4,Laptop & Accessory,4,Married,8,0,12,1,1,3,168.52,1.0,1.2,1-5 Yrs,Moderate (11-20km)
52231,0,0,Mobile,3,16,Debit Card,Male,2,3,Laptop & Accessory,1,Single,1,0,14,1,1,1,149.5,1.0,1.2,0-3 Mos (High Risk),Moderate (11-20km)
52232,0,3,Mobile,1,7,Credit Card,Male,3,3,Mobile,4,Married,1,1,21,3,5,7,135.79,1.0,1.2,0-3 Mos (High Risk),Close (0-10km)
52233,0,15,Computer,1,32,Credit Card,Female,2,3,Fashion,5,Married,4,1,17,0,2,0,231.91000000000003,1.0,1.2,1-5 Yrs,Far (21-50km)
52234,0,8,Computer,3,14,E wallet,Female,3,4,Fashion,1,Married,5,1,11,3,4,12,203.77,1.0,1.2,4-12 Mos,Moderate (11-20km)
52235,0,3,Mobile,1,20,Debit Card,Male,2,3,Mobile,5,Married,2,1,14,5,6,8,122.35,2.0,2.4,0-3 Mos (High Risk),Moderate (11-20km)
52236,0,27,Computer,1,7,Debit Card,Female,2,3,Fashion,3,Married,8,0,17,0,1,4,205.02,1.0,1.2,1-5 Yrs,Close (0-10km)
52237,0,3,Mobile,1,8,Debit Card,Female,3,1,Mobile,1,Married,2,0,13,1,7,7,120.11000000000001,1.0,1.2,0-3 Mos (High Risk),Close (0-10km)
52238,1,3,Computer,1,16,Credit Card,Female,3,4,Mobile,4,Single,2,1,25,0,1,0,118.59,1.0,1.2,0-3 Mos (High Risk),Moderate (11-20km)
52239,0,2,Mobile,1,7,Debit Card,Female,3,3,Mobile,1,Married,2,0,15,1,1,2,137.6,1.0,1.2,0-3 Mos (High Risk),Close (0-10km)
52240,0,27,Mobile,1,9,Debit Card,Male,2,3,Grocery,1,Married,4,0,14,1,1,9,277.79,1.0,1.2,1-5 Yrs,Close (0-10km)
52241,0,4,Mobile,1,17,Credit Card,Male,3,3,Laptop & Accessory,5,Married,2,1,12,1,1,1,168.33,1.0,1.2,4-12 Mos,Moderate (11-20km)
52242,0,4,Mobile,1,30,Credit Card,Female,3,4,Laptop & Accessory,5,Single,2,0,19,1,1,8,168.12,1.0,1.2,4-12 Mos,Far (21-50km)
52243,0,30,Mobile,3,9,Debit Card,Female,2,4,Laptop & Accessory,1,Single,6,0,17,0,1,5,151.71,1.0,1.2,1-5 Yrs,Close (0-10km)
52244,0,16,Mobile,1,9,Debit Card,Male,3,5,Others,1,Married,4,0,15,1,1,7,297.4,1.0,1.2,1-5 Yrs,Close (0-10km)
52245,0,22,Mobile,1,10,Credit Card,Male,2,4,Others,3,Married,3,0,13,1,1,0,287.11,1.0,1.2,1-5 Yrs,Close (0-10km)
52246,0,9,Computer,1,9,Cash on Delivery,Male,2,3,Mobile,4,Married,2,0,12,0,1,7,136.92,1.0,1.2,4-12 Mos,Close (0-10km)
52247,0,21,Mobile,1,13,Cash on Delivery,Male,3,1,Mobile,4,Single,6,0,11,0,1,0,125.59,1.0,1.2,1-5 Yrs,Moderate (11-20km)
52248,0,0,Mobile,1,13,Debit Card,Male,3,3,Mobile,3,Married,2,0,11,1,1,3,125.16999999999999,1.0,1.2,0-3 Mos (High Risk),Moderate (11-20km)
52249,0,2,Mobile,1,13,Debit Card,Male,2,3,Laptop & Accessory,1,Married,2,1,11,1,1,0,166.23,1.0,1.2,0-3 Mos (High Risk),Moderate (11-20km)
52250,0,21,Mobile,1,7,Debit Card,Male,3,4,Others,1,Single,7,0,12,1,1,0,282.65,1.0,1.2,1-5 Yrs,Close (0-10km)
52251,0,2,Mobile,1,7,Debit Card,Female,2,4,Grocery,1,Married,4,0,14,1,1,7,261.24,1.0,1.2,0-3 Mos (High Risk),Close (0-10km)
52252,0,7,Mobile,1,13,Cash on Delivery,Female,2,1,Mobile,3,Married,1,0,17,1,1,0,125.85,1.0,1.2,4-12 Mos,Moderate (11-20km)
52253,0,17,Mobile,3,11,E wallet,Male,2,3,Others,4,Married,8,0,11,1,3,10,282.13,1.0,1.2,1-5 Yrs,Moderate (11-20km)
52254,0,6,Mobile,3,16,E wallet,Male,2,1,Fashion,3,Married,1,1,14,0,1,8,183.8,1.0,1.2,4-12 Mos,Moderate (11-20km)
52255,0,0,Mobile,1,31,Debit Card,Female,3,1,Mobile,1,Single,2,1,12,0,1,1,129.94,1.0,1.2,0-3 Mos (High Risk),Far (21-50km)
52256,0,3,Mobile,1,7,Debit Card,Male,2,3,Mobile,3,Married,2,0,22,1,1,1,112.22999999999999,1.0,1.2,0-3 Mos (High Risk),Close (0-10km)
52257,1,0,Computer,3,30,Debit Card,Male,3,5,Mobile,1,Single,2,1,14,1,1,0,111.18,1.0,1.2,0-3 Mos (High Risk),Far (21-50km)
52258,0,0,Mobile,1,10,Debit Card,Male,3,3,Mobile,1,Single,2,1,20,2,2,2,128.75,1.0,1.2,0-3 Mos (High Risk),Close (0-10km)
52259,1,8,Mobile,3,8,E wallet,Female,3,5,Others,4,Single,3,1,16,1,1,11,288.24,1.0,1.2,4-12 Mos,Close (0-10km)
52260,0,28,Computer,1,14,Credit Card,Male,2,4,Grocery,4,Married,2,1,15,2,4,0,235.76999999999998,1.0,1.2,1-5 Yrs,Moderate (11-20km)
52261,1,0,Computer,1,13,Debit Card,Female,2,4,Mobile,3,Single,2,0,20,1,2,2,126.25,1.0,1.2,0-3 Mos (High Risk),Moderate (11-20km)
52262,0,19,Mobile,3,10,E wallet,Female,2,4,Others,4,Married,3,0,14,1,1,8,287.89,1.0,1.2,1-5 Yrs,Close (0-10km)
52263,0,7,Mobile,3,8,E wallet,Female,2,3,Laptop & Accessory,5,Single,1,1,12,1,1,2,145.38,1.0,1.2,4-12 Mos,Close (0-10km)
52264,0,24,Computer,3,15,Debit Card,Male,2,3,Others,4,Married,5,1,15,6,11,10,298.47,3.0,3.5999999999999996,1-5 Yrs,Moderate (11-20km)
52265,0,30,Mobile,1,24,Credit Card,Male,3,3,Fashion,1,Single,7,0,12,3,5,4,205.12,1.0,1.2,1-5 Yrs,Far (21-50km)
52266,0,7,Computer,1,25,Credit Card,Female,2,3,Laptop & Accessory,4,Married,5,0,13,0,5,10,144.44,1.0,1.2,4-12 Mos,Far (21-50km)
52267,0,3,Computer,1,7,Credit Card,Male,2,3,Mobile,3,Single,1,1,11,1,1,2,121.53999999999999,1.0,1.2,0-3 Mos (High Risk),Close (0-10km)
52268,0,17,Mobile,1,10,Debit Card,Male,3,1,Others,5,Married,2,0,14,2,14,13,291.9,1.0,1.2,1-5 Yrs,Close (0-10km)
52269,0,7,Computer,2,17,Debit Card,Male,2,4,Laptop & Accessory,4,Married,5,0,11,0,1,8,144.9,1.0,1.2,4-12 Mos,Moderate (11-20km)
52270,0,8,Mobile,1,12,Debit Card,Male,3,3,Mobile,3,Married,1,1,14,1,2,2,135.06,1.0,1.2,4-12 Mos,Moderate (11-20km)
52271,0,15,Mobile,1,13,Credit Card,Female,3,1,Laptop & Accessory,4,Married,7,1,16,0,1,0,123.72,1.0,1.2,1-5 Yrs,Moderate (11-20km)
52272,0,16,Mobile,3,10,E wallet,Female,2,4,Fashion,1,Single,4,0,14,10,15,17,202.31,1.0,1.2,1-5 Yrs,Close (0-10km)
52273,0,9,Mobile,1,8,Debit Card,Female,2,3,Laptop & Accessory,4,Single,10,1,11,4,5,12,154.1,1.0,1.2,4-12 Mos,Close (0-10km)
52274,1,7,Mobile,1,21,Credit Card,Female,3,3,Fashion,1,Married,2,0,11,0,1,5,179.78,1.0,1.2,4-12 Mos,Far (21-50km)
52275,0,1,Computer,1,8,Debit Card,Male,2,4,Mobile,1,Married,2,1,12,0,2,2,138.67,1.0,1.2,0-3 Mos (High Risk),Close (0-10km)
52276,0,24,Computer,1,12,Credit Card,Female,3,4,Mobile,3,Single,1,0,14,3,7,7,128.38,1.0,1.2,1-5 Yrs,Moderate (11-20km)
52277,0,3,Computer,1,15,Credit Card,Female,3,3,Laptop & Accessory,3,Single,8,1,18,0,1,7,146.95,1.0,1.2,0-3 Mos (High Risk),Moderate (11-20km)
52278,1,0,Mobile,1,13,Cash on Delivery,Female,2,3,Mobile,3,Married,4,1,13,4,7,7,133.39,2.0,2.4,0-3 Mos (High Risk),Moderate (11-20km)
52279,0,3,Mobile,1,7,Cash on Delivery,Male,2,3,Mobile,5,Single,3,0,11,1,1,2,120.80000000000001,1.0,1.2,0-3 Mos (High Risk),Close (0-10km)
52280,0,3,Mobile,1,7,Credit Card,Female,2,3,Mobile,4,Single,2,0,18,1,2,1,120.96000000000001,1.0,1.2,0-3 Mos (High Risk),Close (0-10km)
52281,0,5,Mobile,3,14,Credit Card,Male,2,1,Laptop & Accessory,1,Married,2,0,15,0,1,8,162.09,1.0,1.2,4-12 Mos,Moderate (11-20km)
52282,0,18,Computer,1,31,Credit Card,Female,2,3,Others,4,Single,4,0,22,1,1,0,280.61,1.0,1.2,1-5 Yrs,Far (21-50km)
52283,0,12,Mobile,1,19,Credit Card,Female,3,4,Grocery,4,Married,7,1,13,1,15,2,271.23,3.0,3.5999999999999996,4-12 Mos,Moderate (11-20km)
52284,0,30,Mobile,1,13,Debit Card,Male,2,3,Mobile,3,Married,2,0,12,1,2,2,123.72,1.0,1.2,1-5 Yrs,Moderate (11-20km)
52285,1,0,Mobile,1,13,Debit Card,Male,3,3,Laptop & Accessory,3,Married,2,0,18,0,1,1,148.83,1.0,1.2,0-3 Mos (High Risk),Moderate (11-20km)
52286,1,2,Mobile,1,29,Credit Card,Male,3,3,Mobile,5,Single,1,0,13,0,1,3,139.04,1.0,1.2,0-3 Mos (High Risk),Far (21-50km)
52287,0,3,Mobile,1,12,Cash on Delivery,Female,2,4,Laptop & Accessory,1,Married,1,0,12,5,6,7,146.27,1.0,1.2,0-3 Mos (High Risk),Moderate (11-20km)
52288,0,9,Mobile,1,16,Cash on Delivery,Female,3,3,Fashion,3,Married,4,0,12,1,1,7,170.94,1.0,1.2,4-12 Mos,Moderate (11-20km)
52289,0,19,Mobile,2,7,Debit Card,Female,2,3,Mobile,5,Single,7,0,12,2,5,7,134.23,1.0,1.2,1-5 Yrs,Close (0-10km)
52290,0,1,Computer,1,7,Debit Card,Female,2,5,Laptop & Accessory,1,Married,1,0,11,7,7,5,166.74,1.0,1.2,0-3 Mos (High Risk),Close (0-10km)
52291,0,23,Mobile,1,34,Debit Card,Female,2,3,Grocery,5,Married,5,1,11,1,1,2,268.8,1.0,1.2,1-5 Yrs,Far (21-50km)
52292,1,3,Mobile,3,31,E wallet,Male,2,4,Fashion,4,Single,3,1,12,1,1,0,190.94,1.0,1.2,0-3 Mos (High Risk),Far (21-50km)
52293,1,15,Mobile,3,11,Debit Card,Male,3,3,Fashion,4,Single,10,1,19,7,7,7,184.46,2.0,2.4,1-5 Yrs,Moderate (11-20km)
52294,0,3,Mobile,1,23,Credit Card,Female,3,3,Fashion,5,Married,2,1,23,1,1,3,219.16000000000003,1.0,1.2,0-3 Mos (High Risk),Far (21-50km)
52295,0,12,Mobile,1,24,Debit Card,Male,2,3,Laptop & Accessory,3,Single,1,0,11,1,1,7,145.34,1.0,1.2,4-12 Mos,Far (21-50km)
52296,0,4,Computer,3,8,Debit Card,Female,2,3,Fashion,3,Married,2,1,19,8,9,6,198.52,2.0,2.4,4-12 Mos,Close (0-10km)
52297,0,14,Computer,3,16,Credit Card,Male,2,5,Laptop & Accessory,4,Single,2,0,13,3,11,9,161.51,1.0,1.2,1-5 Yrs,Moderate (11-20km)
52298,1,3,Computer,3,7,Debit Card,Female,2,3,Mobile,4,Single,2,1,11,2,2,2,123.02000000000001,1.0,1.2,0-3 Mos (High Risk),Close (0-10km)
52299,1,7,Mobile,1,13,Debit Card,Male,2,3,Mobile,5,Married,5,0,12,1,1,2,123.62,1.0,1.2,4-12 Mos,Moderate (11-20km)
52300,0,15,Computer,1,8,Debit Card,Male,2,3,Grocery,3,Married,1,1,13,1,2,10,278.61,1.0,1.2,1-5 Yrs,Close (0-10km)
52301,0,28,Mobile,1,8,Credit Card,Female,2,5,Others,3,Married,5,0,14,1,9,11,291.87,1.0,1.2,1-5 Yrs,Close (0-10km)
52302,0,29,Mobile,2,14,Debit Card,Male,3,3,Others,4,Single,7,0,15,2,7,7,297.17,1.0,1.2,1-5 Yrs,Moderate (11-20km)
52303,0,13,Computer,1,22,Debit Card,Male,3,3,Mobile,3,Married,10,0,16,1,1,0,135.44,1.0,1.2,1-5 Yrs,Far (21-50km)
52304,0,7,Mobile,1,15,Debit Card,Male,2,3,Fashion,1,Married,1,0,11,0,1,6,185.0,1.0,1.2,4-12 Mos,Moderate (11-20km)
52305,0,13,Mobile,1,8,Debit Card,Male,3,3,Laptop & Accessory,1,Single,2,0,13,3,8,8,146.61,1.0,1.2,1-5 Yrs,Close (0-10km)
52306,0,14,Computer,3,7,E wallet,Female,3,3,Laptop & Accessory,5,Married,1,0,17,0,1,7,141.03,1.0,1.2,1-5 Yrs,Close (0-10km)
52307,0,8,Computer,1,10,Debit Card,Male,2,3,Laptop & Accessory,3,Single,2,1,11,1,1,1,142.49,1.0,1.2,4-12 Mos,Close (0-10km)
52308,0,24,Mobile,2,11,Debit Card,Male,2,3,Grocery,4,Married,2,1,11,0,4,10,240.26,1.0,1.2,1-5 Yrs,Moderate (11-20km)
52309,0,11,Mobile,3,8,Debit Card,Female,2,3,Laptop & Accessory,5,Married,4,0,15,0,1,7,168.93,1.0,1.2,4-12 Mos,Close (0-10km)
52310,0,7,Mobile,3,21,Credit Card,Female,3,3,Laptop & Accessory,5,Single,2,0,12,4,9,6,161.25,1.0,1.2,4-12 Mos,Far (21-50km)
52311,0,0,Mobile,1,25,Credit Card,Male,3,3,Mobile,1,Married,4,0,11,0,1,2,136.69,1.0,1.2,0-3 Mos (High Risk),Far (21-50km)
52312,1,20,Mobile,1,13,Credit Card,Female,2,4,Fashion,5,Married,8,1,14,1,5,9,200.08,1.0,1.2,1-5 Yrs,Moderate (11-20km)
52313,0,13,Mobile,1,13,Debit Card,Male,2,3,Mobile,4,Married,4,0,22,1,1,3,123.87,1.0,1.2,1-5 Yrs,Moderate (11-20km)
52314,0,9,Computer,3,13,E wallet,Female,2,1,Laptop & Accessory,5,Married,3,0,16,5,6,13,146.39,1.0,1.2,4-12 Mos,Moderate (11-20km)
52315,0,21,Mobile,1,10,Debit Card,Male,2,3,Fashion,1,Single,2,0,11,1,1,8,178.98,1.0,1.2,1-5 Yrs,Close (0-10km)
52316,0,0,Mobile,3,14,Credit Card,Female,3,1,Mobile,1,Married,9,0,14,0,1,0,125.34,1.0,1.2,0-3 Mos (High Risk),Moderate (11-20km)
52317,0,24,Mobile,1,17,Cash on Delivery,Female,2,4,Grocery,4,Single,4,0,16,0,1,3,231.42000000000002,1.0,1.2,1-5 Yrs,Moderate (11-20km)
52318,0,3,Computer,1,7,Debit Card,Female,3,3,Mobile,1,Single,2,0,15,1,1,0,116.11000000000001,1.0,1.2,0-3 Mos (High Risk),Close (0-10km)
52319,0,8,Mobile,1,7,Credit Card,Female,2,4,Laptop & Accessory,1,Married,1,0,12,0,1,0,153.63,1.0,1.2,4-12 Mos,Close (0-10km)
52320,0,0,Computer,3,8,Debit Card,Male,2,5,Laptop & Accessory,1,Single,4,0,20,0,1,0,150.71,1.0,1.2,0-3 Mos (High Risk),Close (0-10km)
52321,1,18,Mobile,3,19,E wallet,Male,2,1,Grocery,3,Single,7,1,17,1,4,8,236.95,1.0,1.2,1-5 Yrs,Moderate (11-20km)
52322,0,29,Mobile,1,29,Debit Card,Male,3,3,Grocery,4,Married,5,1,12,13,4,9,234.01999999999998,1.0,1.2,1-5 Yrs,Far (21-50km)
52323,0,3,Computer,1,32,Cash on Delivery,Female,3,4,Mobile,3,Married,2,0,20,1,1,0,120.28999999999999,1.0,1.2,0-3 Mos (High Risk),Far (21-50km)
52324,0,13,Mobile,1,8,Credit Card,Female,2,1,Laptop & Accessory,3,Married,6,0,20,6,11,8,163.77,1.0,1.2,1-5 Yrs,Close (0-10km)
52325,0,7,Mobile,1,35,Credit Card,Male,2,3,Laptop & Accessory,3,Married,5,0,13,5,7,7,154.29,1.0,1.2,4-12 Mos,Far (21-50km)
52326,1,0,Computer,3,8,Debit Card,Female,3,4,Mobile,1,Single,8,0,14,0,1,0,127.85,1.0,1.2,0-3 Mos (High Risk),Close (0-10km)
52327,1,0,Computer,3,24,E wallet,Female,3,3,Laptop & Accessory,3,Married,1,1,18,0,3,2,146.14,1.0,1.2,0-3 Mos (High Risk),Far (21-50km)
52328,0,11,Computer,1,13,Debit Card,Male,2,1,Mobile,3,Married,2,0,11,0,1,3,126.1,1.0,1.2,4-12 Mos,Moderate (11-20km)
52329,0,7,Mobile,1,8,Cash on Delivery,Female,3,3,Laptop & Accessory,1,Single,2,0,11,4,4,11,166.87,1.0,1.2,4-12 Mos,Close (0-10km)
52330,0,1,Mobile,3,32,Debit Card,Male,2,4,Laptop & Accessory,5,Married,2,0,11,1,1,4,147.24,1.0,1.2,0-3 Mos (High Risk),Far (21-50km)
52331,1,0,Mobile,1,28,Credit Card,Male,3,3,Laptop & Accessory,3,Married,2,1,15,5,6,7,161.79,2.0,2.4,0-3 Mos (High Risk),Far (21-50km)
52332,0,12,Mobile,3,27,Debit Card,Male,2,4,Laptop & Accessory,1,Married,4,1,12,0,1,4,161.2,1.0,1.2,4-12 Mos,Far (21-50km)
52333,0,24,Computer,3,8,E wallet,Male,2,3,Fashion,4,Married,3,0,11,3,3,2,205.96,1.0,1.2,1-5 Yrs,Close (0-10km)
52334,0,14,Computer,1,28,Debit Card,Female,3,3,Laptop & Accessory,1,Married,4,1,14,2,3,3,154.67,1.0,1.2,1-5 Yrs,Far (21-50km)
52335,0,10,Mobile,1,10,Debit Card,Male,3,3,Mobile,3,Married,8,1,15,1,1,3,129.96,1.0,1.2,4-12 Mos,Close (0-10km)
52336,0,6,Computer,3,11,Debit Card,Male,3,3,Laptop & Accessory,1,Married,7,0,13,1,1,2,199.98,1.0,1.2,4-12 Mos,Moderate (11-20km)
52337,0,5,Mobile,3,8,E wallet,Male,2,3,Laptop & Accessory,4,Married,1,1,13,1,1,2,140.78,1.0,1.2,4-12 Mos,Close (0-10km)
52338,0,12,Computer,1,31,Debit Card,Male,3,3,Fashion,3,Married,4,0,21,0,1,3,209.2,1.0,1.2,4-12 Mos,Far (21-50km)
52339,0,0,Mobile,3,24,Debit Card,Male,3,1,Laptop & Accessory,3,Married,3,0,11,1,1,2,162.32,1.0,1.2,0-3 Mos (High Risk),Far (21-50km)
52340,0,25,Computer,1,34,Credit Card,Female,2,1,Grocery,3,Married,3,1,11,1,4,2,232.47000000000003,1.0,1.2,1-5 Yrs,Far (21-50km)
52341,0,16,Mobile,1,12,Credit Card,Female,3,4,Laptop & Accessory,3,Single,2,1,14,0,1,8,140.81,1.0,1.2,1-5 Yrs,Moderate (11-20km)
52342,0,0,Mobile,3,16,E wallet,Female,3,4,Laptop & Accessory,1,Married,2,1,11,1,4,4,157.69,1.0,1.2,0-3 Mos (High Risk),Moderate (11-20km)
52343,1,0,Mobile,1,13,Debit Card,Female,2,3,Mobile,3,Single,2,1,13,4,7,7,123.94,2.0,2.4,0-3 Mos (High Risk),Moderate (11-20km)
52344,0,0,Mobile,1,8,Credit Card,Male,2,4,Mobile,1,Single,1,0,12,1,1,1,139.04,1.0,1.2,0-3 Mos (High Risk),Close (0-10km)
52345,0,15,Mobile,2,16,UPI,Female,2,3,Grocery,5,Married,1,0,14,1,1,9,267.99,1.0,1.2,1-5 Yrs,Moderate (11-20km)
52346,0,25,Mobile,1,14,UPI,Female,3,3,Mobile,5,Married,10,0,13,1,1,4,129.5,1.0,1.2,1-5 Yrs,Moderate (11-20km)
52347,0,10,Mobile,1,17,Credit Card,Female,3,3,Mobile,3,Single,5,0,18,1,1,2,136.29,1.0,1.2,4-12 Mos,Moderate (11-20km)
52348,0,8,Computer,1,24,Debit Card,Male,2,3,Fashion,1,Single,3,0,11,2,2,2,193.62,1.0,1.2,4-12 Mos,Far (21-50km)
52349,0,0,Mobile,1,7,Cash on Delivery,Male,2,3,Mobile,1,Married,5,0,11,0,1,2,132.29,1.0,1.2,0-3 Mos (High Risk),Close (0-10km)
52350,0,0,Mobile,1,13,UPI,Male,3,1,Mobile,5,Single,1,0,12,0,1,7,135.78,1.0,1.2,0-3 Mos (High Risk),Moderate (11-20km)
52351,0,2,Mobile,2,23,UPI,Male,2,4,Fashion,5,Single,2,0,13,0,1,9,179.88,1.0,1.2,0-3 Mos (High Risk),Far (21-50km)
52352,1,12,Computer,1,34,Debit Card,Male,3,4,Laptop & Accessory,5,Single,4,0,20,0,1,3,142.84,1.0,1.2,4-12 Mos,Far (21-50km)
52353,1,0,Computer,1,20,UPI,Female,2,3,Fashion,1,Single,1,1,12,4,7,7,175.53,2.0,2.4,0-3 Mos (High Risk),Moderate (11-20km)
52354,0,27,Mobile,1,7,Credit Card,Female,2,3,Grocery,1,Single,7,0,19,1,12,7,273.28,1.0,1.2,1-5 Yrs,Close (0-10km)
52355,0,30,Mobile,1,7,Credit Card,Female,3,3,Others,5,Married,4,1,15,1,1,5,297.01,1.0,1.2,1-5 Yrs,Close (0-10km)
52356,0,28,Mobile,1,7,Credit Card,Male,2,1,Grocery,1,Married,3,0,13,0,4,0,247.32,1.0,1.2,1-5 Yrs,Close (0-10km)
52357,0,9,Mobile,3,9,E wallet,Female,3,3,Laptop & Accessory,4,Single,4,1,16,0,1,1,192.78,1.0,1.2,4-12 Mos,Close (0-10km)
52358,1,3,Computer,3,7,Debit Card,Female,2,5,Mobile,3,Single,2,0,12,0,1,0,113.59,1.0,1.2,0-3 Mos (High Risk),Close (0-10km)
52359,0,3,Mobile,3,13,E wallet,Female,3,3,Laptop & Accessory,5,Married,8,0,14,1,1,2,147.79,1.0,1.2,0-3 Mos (High Risk),Moderate (11-20km)
52360,0,4,Mobile,1,14,Debit Card,Female,3,3,Grocery,4,Single,4,0,11,1,1,0,264.22,1.0,1.2,4-12 Mos,Moderate (11-20km)
52361,0,7,Computer,1,7,UPI,Male,3,3,Mobile,5,Married,6,0,14,1,1,3,129.96,1.0,1.2,4-12 Mos,Close (0-10km)
52362,1,3,Mobile,1,14,Debit Card,Female,2,4,Mobile,4,Single,2,0,12,0,1,0,112.61000000000001,1.0,1.2,0-3 Mos (High Risk),Moderate (11-20km)
52363,0,3,Mobile,1,17,Debit Card,Male,3,3,Mobile,5,Married,1,0,14,1,1,4,120.99000000000001,1.0,1.2,0-3 Mos (High Risk),Moderate (11-20km)
52364,0,9,Mobile,1,10,Debit Card,Male,2,4,Laptop & Accessory,1,Single,2,0,16,0,1,8,158.1,1.0,1.2,4-12 Mos,Close (0-10km)
52365,0,9,Mobile,3,22,E wallet,Female,3,4,Laptop & Accessory,5,Married,5,0,13,1,1,2,156.47,1.0,1.2,4-12 Mos,Far (21-50km)
52366,0,20,Mobile,1,7,Cash on Delivery,Male,3,3,Mobile,1,Married,8,0,12,1,1,2,134.2,1.0,1.2,1-5 Yrs,Close (0-10km)
52367,1,0,Mobile,3,15,Debit Card,Male,3,4,Mobile,5,Married,4,0,12,2,2,2,144.0,1.0,1.2,0-3 Mos (High Risk),Moderate (11-20km)
52368,0,10,Computer,1,11,Cash on Delivery,Male,2,1,Mobile,3,Single,1,0,14,0,1,3,135.0,1.0,1.2,4-12 Mos,Moderate (11-20km)
52369,0,3,Mobile,1,7,Debit Card,Female,2,3,Mobile,5,Married,3,0,22,0,1,0,120.66,1.0,1.2,0-3 Mos (High Risk),Close (0-10km)
52370,0,20,Mobile,1,8,Credit Card,Female,2,3,Grocery,3,Married,4,0,19,1,5,6,271.69,1.0,1.2,1-5 Yrs,Close (0-10km)
52371,0,0,Mobile,3,10,Credit Card,Female,2,3,Laptop & Accessory,3,Married,2,1,12,1,1,3,141.62,1.0,1.2,0-3 Mos (High Risk),Close (0-10km)
52372,0,5,Mobile,3,13,E wallet,Male,3,3,Laptop & Accessory,1,Married,5,0,12,0,1,3,192.04,1.0,1.2,4-12 Mos,Moderate (11-20km)
52373,0,7,Mobile,1,7,Debit Card,Female,2,4,Mobile,4,Married,6,0,17,1,1,2,132.94,1.0,1.2,4-12 Mos,Close (0-10km)
52374,0,3,Mobile,1,11,Credit Card,Male,2,1,Mobile,3,Married,3,1,12,0,1,3,121.27000000000001,1.0,1.2,0-3 Mos (High Risk),Moderate (11-20km)
52375,0,13,Computer,1,15,UPI,Male,2,3,Laptop & Accessory,3,Married,4,0,11,0,1,7,139.75,1.0,1.2,1-5 Yrs,Moderate (11-20km)
52376,0,4,Mobile,3,14,Debit Card,Male,2,3,Fashion,1,Married,2,0,18,2,9,9,207.93,1.0,1.2,4-12 Mos,Moderate (11-20km)
52377,1,9,Mobile,3,15,E wallet,Male,2,3,Fashion,1,Married,5,0,11,4,4,3,200.96,1.0,1.2,4-12 Mos,Moderate (11-20km)
52378,1,2,Computer,1,8,Debit Card,Female,2,4,Mobile,5,Single,3,1,23,0,1,0,136.46,1.0,1.2,0-3 Mos (High Risk),Close (0-10km)
52379,1,0,Computer,1,7,Debit Card,Female,3,1,Fashion,4,Single,2,0,11,1,4,7,174.46,1.0,1.2,0-3 Mos (High Risk),Close (0-10km)
52380,0,18,Mobile,1,26,Credit Card,Male,3,5,Fashion,5,Married,3,1,18,1,1,7,208.51,1.0,1.2,1-5 Yrs,Far (21-50km)
52381,0,3,Mobile,2,14,Credit Card,Female,3,1,Mobile,4,Single,10,0,18,1,1,2,121.09,1.0,1.2,0-3 Mos (High Risk),Moderate (11-20km)
52382,1,0,Computer,1,8,Debit Card,Male,3,3,Mobile,1,Married,7,1,13,0,2,2,137.22,1.0,1.2,0-3 Mos (High Risk),Close (0-10km)
52383,0,18,Mobile,1,35,Cash on Delivery,Male,2,3,Fashion,1,Married,5,1,18,1,1,2,193.8,1.0,1.2,1-5 Yrs,Far (21-50km)
52384,0,21,Mobile,3,13,E wallet,Male,3,3,Laptop & Accessory,5,Married,5,0,11,0,2,2,154.86,1.0,1.2,1-5 Yrs,Moderate (11-20km)
52385,1,0,Mobile,2,15,Cash on Delivery,Female,3,3,Mobile,3,Married,2,0,15,2,2,2,127.41999999999999,1.0,1.2,0-3 Mos (High Risk),Moderate (11-20km)
52386,0,13,Computer,1,14,Credit Card,Male,2,4,Fashion,4,Married,3,0,11,4,2,8,237.57,1.0,1.2,1-5 Yrs,Moderate (11-20km)
52387,0,1,Mobile,3,11,Credit Card,Male,2,3,Laptop & Accessory,5,Single,1,0,18,0,1,3,184.63,1.0,1.2,0-3 Mos (High Risk),Moderate (11-20km)
52388,0,17,Computer,1,11,Debit Card,Male,2,4,Mobile,3,Single,4,0,14,0,1,3,131.62,1.0,1.2,1-5 Yrs,Moderate (11-20km)
52389,0,26,Mobile,1,8,Credit Card,Male,2,1,Grocery,4,Single,5,0,12,1,8,8,265.98,1.0,1.2,1-5 Yrs,Close (0-10km)
52390,0,22,Mobile,1,11,Cash on Delivery,Male,3,3,Laptop & Accessory,3,Married,3,0,14,0,1,2,166.51,1.0,1.2,1-5 Yrs,Moderate (11-20km)
52391,0,13,Mobile,1,13,Credit Card,Male,3,3,Mobile,3,Married,3,0,14,1,1,2,123.44999999999999,1.0,1.2,1-5 Yrs,Moderate (11-20km)
52392,0,17,Mobile,1,26,Debit Card,Male,2,3,Mobile,4,Single,2,0,13,1,1,3,134.2,1.0,1.2,1-5 Yrs,Far (21-50km)
52393,0,6,Computer,3,13,Credit Card,Male,2,3,Laptop & Accessory,5,Married,1,0,14,1,1,3,143.73,1.0,1.2,4-12 Mos,Moderate (11-20km)
52394,0,7,Mobile,3,9,UPI,Male,2,5,Laptop & Accessory,5,Single,4,0,18,2,3,12,147.59,1.0,1.2,4-12 Mos,Close (0-10km)
52395,0,3,Mobile,3,22,Debit Card,Male,3,3,Laptop & Accessory,3,Married,9,0,15,1,2,2,153.01,1.0,1.2,0-3 Mos (High Risk),Far (21-50km)
52396,0,15,Computer,1,15,Credit Card,Female,3,3,Mobile,1,Single,2,0,13,0,5,8,136.73,1.0,1.2,1-5 Yrs,Moderate (11-20km)
52397,0,17,Computer,3,7,E wallet,Female,3,3,Laptop & Accessory,3,Married,8,0,12,0,1,0,147.68,1.0,1.2,1-5 Yrs,Close (0-10km)
52398,0,3,Computer,1,13,Cash on Delivery,Male,3,3,Mobile,3,Married,2,0,13,0,1,0,112.74000000000001,1.0,1.2,0-3 Mos (High Risk),Moderate (11-20km)
52399,0,30,Mobile,1,7,Debit Card,Male,3,1,Laptop & Accessory,3,Married,1,0,24,1,2,8,149.0,1.0,1.2,1-5 Yrs,Close (0-10km)
52400,0,22,Mobile,1,13,Debit Card,Male,2,3,Fashion,4,Married,4,0,14,0,1,7,204.66,1.0,1.2,1-5 Yrs,Moderate (11-20km)
52401,0,7,Computer,1,21,Credit Card,Male,3,3,Grocery,5,Married,8,0,14,1,6,9,270.07,1.0,1.2,4-12 Mos,Far (21-50km)
52402,1,0,Computer,3,7,Cash on Delivery,Male,3,3,Mobile,3,Married,4,0,15,1,1,2,129.09,1.0,1.2,0-3 Mos (High Risk),Close (0-10km)
52403,1,0,Computer,3,19,Cash on Delivery,Female,2,3,Laptop & Accessory,4,Single,6,0,11,1,1,0,157.65,1.0,1.2,0-3 Mos (High Risk),Moderate (11-20km)
52404,1,0,Mobile,3,30,Credit Card,Female,2,4,Laptop & Accessory,4,Single,1,1,23,4,10,10,145.99,2.0,2.4,0-3 Mos (High Risk),Far (21-50km)
52405,0,8,Mobile,3,14,Debit Card,Male,3,3,Mobile,3,Married,2,0,13,0,1,0,124.03999999999999,1.0,1.2,4-12 Mos,Moderate (11-20km)
52406,1,0,Computer,1,15,Credit Card,Male,2,3,Mobile,5,Single,3,1,11,0,1,0,131.72,1.0,1.2,0-3 Mos (High Risk),Moderate (11-20km)
52407,0,3,Computer,3,19,Debit Card,Female,3,3,Mobile,4,Married,2,0,13,0,1,0,120.33000000000001,1.0,1.2,0-3 Mos (High Risk),Moderate (11-20km)
52408,0,17,Computer,1,8,Credit Card,Male,2,3,Fashion,3,Single,6,1,18,2,2,2,202.09,1.0,1.2,1-5 Yrs,Close (0-10km)
52409,0,2,Mobile,3,25,Debit Card,Male,3,4,Laptop & Accessory,3,Married,2,0,14,1,1,4,186.2,1.0,1.2,0-3 Mos (High Risk),Far (21-50km)
52410,0,3,Mobile,2,7,Debit Card,Male,2,3,Mobile,3,Married,1,0,21,0,1,3,120.63999999999999,1.0,1.2,0-3 Mos (High Risk),Close (0-10km)
52411,0,28,Mobile,1,10,Debit Card,Male,1,3,Laptop & Accessory,3,Married,1,1,16,1,1,2,140.35,1.0,1.2,1-5 Yrs,Close (0-10km)
52412,0,6,Mobile,1,10,Credit Card,Female,2,4,Mobile,4,Married,9,0,11,1,1,2,138.38,1.0,1.2,4-12 Mos,Close (0-10km)
52413,0,20,Mobile,3,20,Credit Card,Female,3,3,Laptop & Accessory,3,Married,4,1,17,1,1,2,145.91,1.0,1.2,1-5 Yrs,Moderate (11-20km)
52414,1,0,Computer,1,13,Credit Card,Male,2,4,Mobile,5,Single,8,0,11,1,1,0,125.61000000000001,1.0,1.2,0-3 Mos (High Risk),Moderate (11-20km)
52415,0,3,Mobile,1,7,Debit Card,Male,3,4,Mobile,3,Married,2,0,14,0,1,0,115.63,1.0,1.2,0-3 Mos (High Risk),Close (0-10km)
52416,0,1,Computer,3,13,Debit Card,Male,2,3,Laptop & Accessory,5,Single,1,0,14,1,1,3,148.98,1.0,1.2,0-3 Mos (High Risk),Moderate (11-20km)
52417,0,22,Mobile,1,9,Credit Card,Female,2,4,Laptop & Accessory,5,Married,5,0,25,0,1,2,147.89,1.0,1.2,1-5 Yrs,Close (0-10km)
52418,0,2,Computer,1,8,Debit Card,Female,3,3,Mobile,4,Married,1,0,13,1,1,2,131.8,1.0,1.2,0-3 Mos (High Risk),Close (0-10km)
52419,0,1,Mobile,1,35,Debit Card,Male,3,5,Laptop & Accessory,4,Married,2,0,14,0,1,7,165.49,1.0,1.2,0-3 Mos (High Risk),Far (21-50km)
52420,0,6,Mobile,1,14,Debit Card,Male,3,3,Laptop & Accessory,3,Single,3,1,17,1,1,0,163.88,1.0,1.2,4-12 Mos,Moderate (11-20km)
52421,0,5,Mobile,1,16,Credit Card,Male,3,3,Fashion,1,Single,3,0,25,0,1,3,212.44,1.0,1.2,4-12 Mos,Moderate (11-20km)
52422,0,27,Computer,1,17,Credit Card,Female,2,3,Grocery,1,Married,4,0,20,0,4,12,260.32,1.0,1.2,1-5 Yrs,Moderate (11-20km)
52423,1,0,Mobile,1,13,Cash on Delivery,Male,3,4,Mobile,5,Single,7,0,13,1,1,7,123.62,1.0,1.2,0-3 Mos (High Risk),Moderate (11-20km)
52424,0,17,Mobile,1,34,Debit Card,Male,2,3,Grocery,5,Married,4,0,13,1,14,17,263.28,1.0,1.2,1-5 Yrs,Far (21-50km)
52425,0,12,Mobile,1,12,Debit Card,Female,2,3,Fashion,4,Single,5,0,18,2,2,2,183.76,1.0,1.2,4-12 Mos,Moderate (11-20km)
52426,0,19,Mobile,3,9,Debit Card,Female,2,3,Grocery,4,Married,9,0,12,1,5,1,266.06,1.0,1.2,1-5 Yrs,Close (0-10km)
52427,0,8,Mobile,1,22,Debit Card,Female,3,4,Fashion,4,Single,2,0,19,3,3,3,186.06,1.0,1.2,4-12 Mos,Far (21-50km)
52428,0,8,Mobile,1,26,Debit Card,Male,3,3,Laptop & Accessory,3,Single,1,0,14,1,1,2,122.72,1.0,1.2,4-12 Mos,Far (21-50km)
52429,1,3,Mobile,1,15,Debit Card,Male,2,3,Mobile,5,Single,4,0,14,1,1,0,120.18,1.0,1.2,0-3 Mos (High Risk),Moderate (11-20km)
52430,0,7,Mobile,3,7,Cash on Delivery,Male,3,4,Fashion,3,Married,2,1,14,7,8,6,170.83,2.0,2.4,4-12 Mos,Close (0-10km)
52431,1,0,Computer,1,9,Debit Card,Female,2,3,Mobile,3,Single,2,0,12,2,7,7,140.84,1.0,1.2,0-3 Mos (High Risk),Close (0-10km)
52432,0,23,Computer,1,28,Credit Card,Male,2,5,Grocery,1,Single,2,1,13,1,4,9,244.11,1.0,1.2,1-5 Yrs,Far (21-50km)
52433,0,3,Mobile,3,13,Cash on Delivery,Male,2,3,Mobile,3,Married,1,1,25,3,5,7,123.08000000000001,1.0,1.2,0-3 Mos (High Risk),Moderate (11-20km)
52434,0,15,Mobile,1,8,Credit Card,Male,3,4,Mobile,4,Married,5,0,14,0,1,0,148.41,1.0,1.2,1-5 Yrs,Close (0-10km)
52435,0,10,Mobile,1,19,Credit Card,Male,2,3,Laptop & Accessory,1,Married,2,0,17,2,3,7,142.85,1.0,1.2,4-12 Mos,Moderate (11-20km)
52436,0,2,Mobile,1,14,UPI,Female,2,5,Laptop & Accessory,5,Married,4,0,13,1,1,7,197.15,1.0,1.2,0-3 Mos (High Risk),Moderate (11-20km)
52437,0,6,Mobile,1,31,Debit Card,Male,2,4,Laptop & Accessory,4,Single,2,0,13,1,1,2,143.2,1.0,1.2,4-12 Mos,Far (21-50km)
52438,0,3,Mobile,1,34,Cash on Delivery,Male,3,3,Mobile,1,Married,5,0,20,1,1,3,121.32,1.0,1.2,0-3 Mos (High Risk),Far (21-50km)
52439,0,15,Computer,1,8,Debit Card,Male,2,3,Fashion,1,Married,3,1,14,4,13,9,201.24,3.0,3.5999999999999996,1-5 Yrs,Close (0-10km)
52440,0,13,Mobile,3,15,Credit Card,Male,2,3,Laptop & Accessory,5,Married,1,0,12,7,7,1,154.73,1.0,1.2,1-5 Yrs,Moderate (11-20km)
52441,0,6,Mobile,1,34,Debit Card,Male,3,3,Laptop & Accessory,3,Married,2,1,12,4,5,7,152.07,1.0,1.2,4-12 Mos,Far (21-50km)
52442,0,13,Mobile,2,12,Credit Card,Male,2,3,Grocery,1,Single,2,1,21,1,7,7,264.37,2.0,2.4,1-5 Yrs,Moderate (11-20km)
52443,0,3,Mobile,1,27,Cash on Delivery,Male,2,4,Mobile,5,Married,1,0,14,0,1,0,122.96000000000001,1.0,1.2,0-3 Mos (High Risk),Far (21-50km)
52444,0,13,Computer,1,14,Debit Card,Male,3,3,Laptop & Accessory,1,Married,4,1,18,1,2,2,140.69,1.0,1.2,1-5 Yrs,Moderate (11-20km)
52445,0,18,Mobile,1,7,Cash on Delivery,Male,3,3,Fashion,4,Married,2,0,12,3,7,7,174.41,1.0,1.2,1-5 Yrs,Close (0-10km)
52446,0,8,Mobile,3,14,Debit Card,Female,3,4,Mobile,3,Married,1,0,23,2,4,2,124.30000000000001,1.0,1.2,4-12 Mos,Moderate (11-20km)
52447,0,5,Mobile,1,11,Debit Card,Female,3,4,Laptop & Accessory,4,Married,4,0,12,1,2,5,158.78,1.0,1.2,4-12 Mos,Moderate (11-20km)
52448,0,9,Mobile,3,14,Debit Card,Male,3,3,Mobile,1,Single,4,1,21,1,1,2,126.44,1.0,1.2,4-12 Mos,Moderate (11-20km)
52449,0,21,Mobile,3,22,Debit Card,Female,3,3,Laptop & Accessory,3,Married,9,0,14,7,7,7,164.39,1.0,1.2,1-5 Yrs,Far (21-50km)
52450,0,2,Mobile,1,13,Debit Card,Male,3,1,Mobile,3,Married,7,0,18,0,1,0,124.50999999999999,1.0,1.2,0-3 Mos (High Risk),Moderate (11-20km)
52451,0,6,Mobile,3,14,Debit Card,Male,2,3,Laptop & Accessory,5,Married,3,0,13,2,2,2,163.92,1.0,1.2,4-12 Mos,Moderate (11-20km)
52452,1,0,Mobile,3,7,Debit Card,Male,3,4,Laptop & Accessory,5,Married,2,0,11,1,6,7,197.14,1.0,1.2,0-3 Mos (High Risk),Close (0-10km)
52453,0,11,Computer,2,16,UPI,Male,3,3,Laptop & Accessory,3,Married,4,0,11,0,1,2,160.77,1.0,1.2,4-12 Mos,Moderate (11-20km)
52454,0,8,Mobile,1,13,Credit Card,Male,3,4,Mobile,5,Single,2,0,19,1,1,2,124.5,1.0,1.2,4-12 Mos,Moderate (11-20km)
52455,0,7,Mobile,3,35,Cash on Delivery,Male,2,3,Fashion,4,Married,4,0,12,1,1,3,192.5,1.0,1.2,4-12 Mos,Far (21-50km)
52456,1,3,Mobile,1,8,Debit Card,Female,3,3,Mobile,5,Married,2,1,12,1,1,0,120.74000000000001,1.0,1.2,0-3 Mos (High Risk),Close (0-10km)
52457,1,16,Mobile,1,8,Cash on Delivery,Female,3,4,Fashion,1,Married,1,0,16,0,1,9,201.69,1.0,1.2,1-5 Yrs,Close (0-10km)
52458,1,1,Mobile,1,8,Credit Card,Male,2,3,Laptop & Accessory,4,Married,5,0,11,1,1,4,148.55,1.0,1.2,0-3 Mos (High Risk),Close (0-10km)
52459,0,5,Computer,1,7,Cash on Delivery,Male,3,3,Laptop & Accessory,5,Married,5,0,14,0,1,2,140.87,1.0,1.2,4-12 Mos,Close (0-10km)
52460,0,21,Mobile,1,13,UPI,Female,3,3,Mobile,5,Married,9,0,12,6,7,6,123.66999999999999,1.0,1.2,1-5 Yrs,Moderate (11-20km)
52461,0,7,Mobile,1,13,Credit Card,Male,3,3,Mobile,1,Single,2,0,13,0,1,0,129.72,1.0,1.2,4-12 Mos,Moderate (11-20km)
52462,0,28,Mobile,3,32,E wallet,Male,2,4,Others,1,Married,2,0,15,0,2,13,295.86,1.0,1.2,1-5 Yrs,Far (21-50km)
52463,0,7,Mobile,1,7,Debit Card,Male,2,3,Laptop & Accessory,1,Married,10,0,17,0,2,1,154.84,1.0,1.2,4-12 Mos,Close (0-10km)
52464,0,3,Mobile,1,9,Debit Card,Female,2,3,Mobile,1,Married,2,0,21,1,1,0,120.61000000000001,1.0,1.2,0-3 Mos (High Risk),Close (0-10km)
52465,0,11,Mobile,3,20,Debit Card,Male,3,3,Laptop & Accessory,4,Married,1,0,11,3,7,7,199.24,1.0,1.2,4-12 Mos,Moderate (11-20km)
52466,0,11,Mobile,3,22,Debit Card,Female,2,3,Laptop & Accessory,4,Single,3,0,12,1,1,2,141.98,1.0,1.2,4-12 Mos,Far (21-50km)
52467,0,9,Mobile,3,7,Debit Card,Female,3,3,Laptop & Accessory,3,Single,7,0,13,1,1,0,168.15,1.0,1.2,4-12 Mos,Close (0-10km)
52468,0,2,Mobile,1,9,Credit Card,Male,2,3,Mobile,5,Single,2,1,18,0,1,5,147.23,1.0,1.2,0-3 Mos (High Risk),Close (0-10km)
52469,0,8,Mobile,1,16,Credit Card,Female,2,3,Laptop & Accessory,3,Single,4,1,16,0,1,4,161.42,1.0,1.2,4-12 Mos,Moderate (11-20km)
52470,0,12,Mobile,3,12,Credit Card,Male,2,1,Fashion,3,Married,3,0,11,3,7,6,182.37,1.0,1.2,4-12 Mos,Moderate (11-20km)
52471,0,2,Computer,1,8,Debit Card,Male,2,3,Laptop & Accessory,1,Married,2,0,19,1,1,3,188.53,1.0,1.2,0-3 Mos (High Risk),Close (0-10km)
52472,0,23,Mobile,3,15,E wallet,Male,2,3,Others,3,Married,5,1,15,0,1,0,293.31,1.0,1.2,1-5 Yrs,Moderate (11-20km)
52473,0,3,Mobile,1,16,Cash on Delivery,Male,2,1,Mobile,3,Married,3,0,16,0,2,2,120.72999999999999,1.0,1.2,0-3 Mos (High Risk),Moderate (11-20km)
52474,0,9,Computer,1,12,Debit Card,Male,3,1,Laptop & Accessory,5,Married,4,1,13,0,1,2,155.62,1.0,1.2,4-12 Mos,Moderate (11-20km)
52475,0,15,Mobile,1,15,UPI,Male,3,4,Others,1,Single,9,0,15,1,1,1,296.13,1.0,1.2,1-5 Yrs,Moderate (11-20km)
52476,0,8,Mobile,1,34,Debit Card,Male,2,1,Laptop & Accessory,3,Married,2,0,17,6,6,8,134.07,1.0,1.2,4-12 Mos,Far (21-50km)
52477,0,7,Computer,1,16,Cash on Delivery,Male,3,4,Laptop & Accessory,3,Married,2,0,14,1,7,7,150.63,1.0,1.2,4-12 Mos,Moderate (11-20km)
52478,0,13,Mobile,3,20,Debit Card,Female,2,3,Laptop & Accessory,5,Married,2,0,15,0,1,2,146.39,1.0,1.2,1-5 Yrs,Moderate (11-20km)
52479,0,16,Mobile,1,33,Cash on Delivery,Male,2,1,Mobile,4,Married,6,0,12,1,1,2,148.76,1.0,1.2,1-5 Yrs,Far (21-50km)
52480,0,8,Mobile,1,13,Debit Card,Male,3,4,Mobile,1,Married,2,0,18,1,1,1,126.9,1.0,1.2,4-12 Mos,Moderate (11-20km)
52481,0,19,Mobile,3,7,Debit Card,Male,2,1,Grocery,5,Single,2,0,15,1,1,12,275.67,1.0,1.2,1-5 Yrs,Close (0-10km)
52482,1,0,Mobile,1,13,Credit Card,Male,2,3,Mobile,4,Married,2,1,17,0,1,0,124.08000000000001,1.0,1.2,0-3 Mos (High Risk),Moderate (11-20km)
52483,0,0,Computer,1,32,UPI,Female,3,4,Mobile,3,Married,2,1,14,1,1,3,128.14,1.0,1.2,0-3 Mos (High Risk),Far (21-50km)
52484,0,23,Computer,1,26,Credit Card,Male,2,3,Grocery,3,Married,3,1,15,0,12,3,212.45,3.0,3.5999999999999996,1-5 Yrs,Far (21-50km)
52485,0,5,Mobile,1,11,UPI,Female,2,1,Mobile,1,Married,4,0,17,1,1,2,133.12,1.0,1.2,4-12 Mos,Moderate (11-20km)
52486,0,17,Mobile,1,13,Credit Card,Female,2,3,Others,1,Married,1,1,14,1,1,10,290.49,1.0,1.2,1-5 Yrs,Moderate (11-20km)
52487,0,3,Mobile,1,13,Credit Card,Male,2,4,Mobile,4,Married,2,0,12,1,1,1,121.41,1.0,1.2,0-3 Mos (High Risk),Moderate (11-20km)
52488,0,18,Mobile,1,11,Credit Card,Female,2,5,Laptop & Accessory,5,Single,2,1,14,0,1,4,157.69,1.0,1.2,1-5 Yrs,Moderate (11-20km)
52489,0,18,Computer,3,32,E wallet,Male,2,4,Laptop & Accessory,5,Married,2,0,15,3,4,5,143.85,1.0,1.2,1-5 Yrs,Far (21-50km)
52490,0,4,Computer,3,8,UPI,Male,2,3,Laptop & Accessory,5,Single,8,0,13,1,1,3,153.32,1.0,1.2,4-12 Mos,Close (0-10km)
52491,0,9,Mobile,1,18,Debit Card,Female,3,3,Laptop & Accessory,3,Married,10,1,12,0,1,1,146.63,1.0,1.2,4-12 Mos,Moderate (11-20km)
52492,0,7,Computer,1,16,Debit Card,Male,2,1,Laptop & Accessory,1,Married,2,0,13,3,7,2,147.24,1.0,1.2,4-12 Mos,Moderate (11-20km)
52493,0,22,Mobile,1,31,Debit Card,Female,2,3,Mobile,5,Married,2,0,14,1,1,4,132.11,1.0,1.2,1-5 Yrs,Far (21-50km)
52494,0,12,Mobile,1,16,Credit Card,Male,3,3,Laptop & Accessory,5,Married,3,0,13,3,7,7,153.77,1.0,1.2,4-12 Mos,Moderate (11-20km)
52495,0,0,Mobile,1,25,UPI,Male,3,4,Mobile,5,Married,2,0,11,0,1,7,140.66,1.0,1.2,0-3 Mos (High Risk),Far (21-50km)
52496,0,8,Mobile,1,24,Debit Card,Male,2,1,Laptop & Accessory,5,Married,2,0,11,1,1,10,152.08,1.0,1.2,4-12 Mos,Far (21-50km)
52497,0,1,Mobile,1,33,Credit Card,Female,2,5,Laptop & Accessory,5,Married,1,0,21,1,1,0,148.77,1.0,1.2,0-3 Mos (High Risk),Far (21-50km)
52498,0,0,Mobile,1,11,Credit Card,Male,3,3,Mobile,1,Single,2,0,18,0,2,2,131.17,1.0,1.2,0-3 Mos (High Risk),Moderate (11-20km)
52499,1,3,Computer,3,9,Credit Card,Female,3,3,Mobile,1,Single,2,1,12,1,1,0,115.69,1.0,1.2,0-3 Mos (High Risk),Close (0-10km)
52500,0,20,Mobile,2,32,Debit Card,Female,3,3,Others,3,Married,4,0,15,1,1,0,296.58,1.0,1.2,1-5 Yrs,Far (21-50km)
52501,0,12,Mobile,1,9,Credit Card,Male,3,4,Laptop & Accessory,3,Married,1,0,15,0,1,7,130.69,1.0,1.2,4-12 Mos,Close (0-10km)
52502,0,13,Mobile,1,21,Debit Card,Female,3,4,Fashion,3,Married,2,0,13,6,14,12,204.35,1.0,1.2,1-5 Yrs,Far (21-50km)
52503,0,8,Computer,1,14,Debit Card,Female,2,3,Laptop & Accessory,3,Married,2,0,12,0,2,9,141.48,1.0,1.2,4-12 Mos,Moderate (11-20km)
52504,0,10,Mobile,1,25,Debit Card,Male,2,3,Laptop & Accessory,3,Married,4,0,17,0,1,2,157.68,1.0,1.2,4-12 Mos,Far (21-50km)
52505,0,12,Computer,1,10,Credit Card,Female,2,3,Laptop & Accessory,3,Single,1,0,13,3,3,8,150.42,1.0,1.2,4-12 Mos,Close (0-10km)
52506,0,18,Mobile,1,8,UPI,Female,2,4,Laptop & Accessory,1,Married,2,0,19,3,3,9,157.7,1.0,1.2,1-5 Yrs,Close (0-10km)
52507,0,11,Mobile,1,8,Credit Card,Female,2,4,Fashion,3,Married,4,1,19,0,1,2,177.56,1.0,1.2,4-12 Mos,Close (0-10km)
52508,1,0,Mobile,3,16,Credit Card,Male,2,4,Fashion,5,Married,10,0,17,0,6,0,203.06,1.0,1.2,0-3 Mos (High Risk),Moderate (11-20km)
52509,0,10,Mobile,1,16,Credit Card,Female,3,3,Mobile,4,Married,2,0,11,4,7,7,139.36,1.0,1.2,4-12 Mos,Moderate (11-20km)
52510,0,13,Mobile,1,22,Debit Card,Female,2,3,Fashion,1,Single,7,1,15,3,3,3,179.45,1.0,1.2,1-5 Yrs,Far (21-50km)
52511,0,17,Computer,2,7,UPI,Male,2,3,Laptop & Accessory,1,Married,5,1,11,1,1,2,157.43,1.0,1.2,1-5 Yrs,Close (0-10km)
52512,0,21,Computer,1,10,Credit Card,Male,2,4,Grocery,1,Married,3,0,25,0,4,2,252.01999999999998,1.0,1.2,1-5 Yrs,Close (0-10km)
52513,1,0,Mobile,3,21,Credit Card,Male,2,5,Laptop & Accessory,1,Married,7,1,14,0,2,2,154.4,1.0,1.2,0-3 Mos (High Risk),Far (21-50km)
52514,0,0,Computer,1,8,Cash on Delivery,Female,2,3,Mobile,1,Single,2,1,13,0,1,3,137.6,1.0,1.2,0-3 Mos (High Risk),Close (0-10km)
52515,0,0,Mobile,1,14,Credit Card,Female,2,1,Mobile,3,Married,8,0,17,0,1,2,135.17,1.0,1.2,0-3 Mos (High Risk),Moderate (11-20km)
52516,0,0,Computer,1,13,Credit Card,Male,2,3,Mobile,1,Single,3,0,13,0,1,2,125.80000000000001,1.0,1.2,0-3 Mos (High Risk),Moderate (11-20km)
52517,1,3,Mobile,1,13,Debit Card,Male,3,3,Mobile,5,Single,4,1,14,0,1,3,121.66,1.0,1.2,0-3 Mos (High Risk),Moderate (11-20km)
52518,0,2,Mobile,3,16,Credit Card,Male,2,4,Laptop & Accessory,3,Single,10,0,11,1,1,4,158.69,1.0,1.2,0-3 Mos (High Risk),Moderate (11-20km)
52519,0,9,Mobile,1,11,Debit Card,Female,2,3,Fashion,5,Married,5,0,12,1,1,2,180.08,1.0,1.2,4-12 Mos,Moderate (11-20km)
52520,0,0,Computer,1,8,Debit Card,Male,3,1,Laptop & Accessory,3,Married,2,0,17,1,1,7,152.06,1.0,1.2,0-3 Mos (High Risk),Close (0-10km)
52521,0,12,Mobile,1,18,Credit Card,Male,3,3,Laptop & Accessory,4,Married,5,0,21,1,1,0,152.95,1.0,1.2,4-12 Mos,Moderate (11-20km)
52522,0,22,Mobile,1,28,UPI,Female,3,3,Grocery,4,Married,4,0,16,1,1,2,264.13,1.0,1.2,1-5 Yrs,Far (21-50km)
52523,0,23,Mobile,1,23,Debit Card,Female,2,4,Fashion,5,Married,6,0,15,0,2,11,232.69,1.0,1.2,1-5 Yrs,Far (21-50km)
52524,0,0,Mobile,3,8,Credit Card,Female,3,3,Mobile,3,Single,2,0,19,0,2,2,127.83000000000001,1.0,1.2,0-3 Mos (High Risk),Close (0-10km)
52525,0,7,Mobile,1,9,Debit Card,Female,3,3,Laptop & Accessory,4,Married,2,0,12,1,7,9,154.33,1.0,1.2,4-12 Mos,Close (0-10km)
52526,0,3,Mobile,1,13,Debit Card,Male,3,3,Mobile,4,Single,3,0,11,0,1,3,120.13,1.0,1.2,0-3 Mos (High Risk),Moderate (11-20km)
52527,0,22,Mobile,1,12,Debit Card,Female,2,4,Grocery,3,Married,3,1,19,2,4,12,239.66000000000003,1.0,1.2,1-5 Yrs,Moderate (11-20km)
52528,0,9,Computer,1,7,Credit Card,Female,2,4,Laptop & Accessory,3,Married,1,0,15,0,1,2,143.74,1.0,1.2,4-12 Mos,Close (0-10km)
52529,0,9,Mobile,1,9,Debit Card,Male,3,1,Laptop & Accessory,5,Married,7,0,20,0,1,4,168.42,1.0,1.2,4-12 Mos,Close (0-10km)
52530,0,27,Mobile,1,28,Credit Card,Female,3,3,Grocery,3,Married,4,0,25,1,4,7,274.26,1.0,1.2,1-5 Yrs,Far (21-50km)
52531,0,16,Mobile,1,21,Debit Card,Male,3,4,Grocery,3,Married,2,0,24,1,6,11,276.03,1.0,1.2,1-5 Yrs,Far (21-50km)
52532,1,0,Computer,3,18,UPI,Male,2,3,Laptop & Accessory,1,Single,4,1,24,5,6,7,145.81,2.0,2.4,0-3 Mos (High Risk),Moderate (11-20km)
52533,0,11,Computer,1,7,Debit Card,Male,2,3,Laptop & Accessory,1,Married,8,0,15,1,2,9,147.35,1.0,1.2,4-12 Mos,Close (0-10km)
52534,0,2,Mobile,3,11,Credit Card,Male,2,4,Laptop & Accessory,4,Married,2,1,13,0,1,9,141.87,1.0,1.2,0-3 Mos (High Risk),Moderate (11-20km)
52535,0,6,Mobile,3,8,Credit Card,Male,3,3,Laptop & Accessory,1,Married,2,0,14,1,1,4,155.05,1.0,1.2,4-12 Mos,Close (0-10km)
52536,0,5,Mobile,1,8,Credit Card,Male,2,3,Laptop & Accessory,4,Married,1,0,13,1,1,6,154.7,1.0,1.2,4-12 Mos,Close (0-10km)
52537,0,4,Mobile,3,11,Debit Card,Female,3,3,Laptop & Accessory,1,Married,2,0,11,0,1,2,154.76,1.0,1.2,4-12 Mos,Moderate (11-20km)
52538,0,22,Mobile,1,13,Credit Card,Female,3,3,Mobile,5,Married,5,1,16,0,2,2,125.87,1.0,1.2,1-5 Yrs,Moderate (11-20km)
52539,0,11,Computer,1,13,Credit Card,Female,2,4,Mobile,4,Single,2,0,22,0,3,3,124.4,1.0,1.2,4-12 Mos,Moderate (11-20km)
52540,0,20,Mobile,3,8,Debit Card,Female,2,1,Grocery,4,Married,7,0,14,1,4,2,259.72,1.0,1.2,1-5 Yrs,Close (0-10km)
52541,0,22,Mobile,1,7,Debit Card,Male,2,3,Grocery,3,Single,5,0,14,1,4,0,253.79000000000002,1.0,1.2,1-5 Yrs,Close (0-10km)
52542,0,14,Mobile,3,29,Debit Card,Male,3,3,Fashion,3,Single,4,1,16,0,1,2,170.82,1.0,1.2,1-5 Yrs,Far (21-50km)
52543,0,0,Mobile,3,15,Debit Card,Male,3,3,Mobile,5,Single,2,0,11,0,1,2,127.28,1.0,1.2,0-3 Mos (High Risk),Moderate (11-20km)
52544,0,6,Computer,3,22,Debit Card,Female,2,3,Laptop & Accessory,1,Married,2,1,25,0,1,2,153.68,1.0,1.2,4-12 Mos,Far (21-50km)
52545,0,9,Mobile,1,32,Debit Card,Male,3,3,Laptop & Accessory,3,Married,7,0,14,1,1,2,153.47,1.0,1.2,4-12 Mos,Far (21-50km)
52546,0,17,Mobile,2,7,Debit Card,Female,2,3,Mobile,1,Married,5,1,18,2,2,2,131.95,1.0,1.2,1-5 Yrs,Close (0-10km)
52547,1,0,Mobile,1,14,Credit Card,Male,3,4,Mobile,3,Single,2,1,11,1,1,2,139.89,1.0,1.2,0-3 Mos (High Risk),Moderate (11-20km)
52548,0,11,Mobile,1,10,Credit Card,Female,2,3,Mobile,3,Married,8,0,19,0,1,0,133.06,1.0,1.2,4-12 Mos,Close (0-10km)
52549,0,26,Mobile,1,30,Credit Card,Male,2,1,Fashion,1,Married,4,0,15,0,1,2,170.05,1.0,1.2,1-5 Yrs,Far (21-50km)
52550,1,11,Computer,3,14,Credit Card,Female,3,3,Mobile,3,Married,3,1,11,1,7,7,126.55000000000001,2.0,2.4,4-12 Mos,Moderate (11-20km)
52551,1,3,Mobile,1,8,Debit Card,Male,3,3,Mobile,4,Single,2,0,12,0,1,0,113.93,1.0,1.2,0-3 Mos (High Risk),Close (0-10km)
52552,0,0,Computer,1,13,Credit Card,Male,3,3,Mobile,1,Single,2,0,20,0,5,7,125.69999999999999,1.0,1.2,0-3 Mos (High Risk),Moderate (11-20km)
52553,0,28,Mobile,1,28,Cash on Delivery,Male,3,4,Mobile,4,Married,6,0,12,1,1,2,135.37,1.0,1.2,1-5 Yrs,Far (21-50km)
52554,0,7,Mobile,1,11,Credit Card,Male,2,4,Laptop & Accessory,1,Married,2,0,14,0,4,13,139.86,1.0,1.2,4-12 Mos,Moderate (11-20km)
52555,0,30,Mobile,1,7,Credit Card,Male,3,5,Fashion,1,Married,4,0,20,1,1,0,208.82999999999998,1.0,1.2,1-5 Yrs,Close (0-10km)
52556,0,3,Mobile,1,27,Credit Card,Male,3,1,Mobile,4,Married,2,0,18,0,2,13,120.28,1.0,1.2,0-3 Mos (High Risk),Far (21-50km)
52557,0,10,Computer,3,7,Credit Card,Male,2,5,Laptop & Accessory,1,Married,2,0,14,1,1,3,195.25,1.0,1.2,4-12 Mos,Close (0-10km)
52558,0,7,Mobile,1,25,Debit Card,Female,3,4,Mobile,1,Married,2,0,12,1,8,7,129.29,1.0,1.2,4-12 Mos,Far (21-50km)
52559,1,3,Mobile,3,13,Debit Card,Male,3,3,Mobile,1,Married,2,1,21,1,1,2,122.75,1.0,1.2,0-3 Mos (High Risk),Moderate (11-20km)
52560,0,17,Mobile,1,8,Debit Card,Female,3,1,Fashion,1,Married,2,1,19,1,6,7,178.79,2.0,2.4,1-5 Yrs,Close (0-10km)
52561,0,8,Computer,1,8,Credit Card,Male,3,4,Mobile,1,Single,1,1,14,1,1,4,149.3,1.0,1.2,4-12 Mos,Close (0-10km)
52562,0,16,Mobile,3,8,Credit Card,Male,3,3,Laptop & Accessory,1,Married,2,1,17,3,8,8,178.47,2.0,2.4,1-5 Yrs,Close (0-10km)
52563,0,0,Mobile,1,15,Credit Card,Male,3,1,Mobile,3,Married,2,0,16,0,1,4,144.01,1.0,1.2,0-3 Mos (High Risk),Moderate (11-20km)
52564,0,14,Mobile,3,12,E wallet,Male,2,3,Fashion,3,Single,2,0,12,3,8,7,192.41,1.0,1.2,1-5 Yrs,Moderate (11-20km)
52565,0,2,Mobile,1,15,Credit Card,Female,3,3,Mobile,3,Married,10,0,17,0,1,2,129.74,1.0,1.2,0-3 Mos (High Risk),Moderate (11-20km)
52566,0,9,Mobile,3,8,Debit Card,Female,2,3,Laptop & Accessory,1,Single,4,0,15,6,6,7,145.02,1.0,1.2,4-12 Mos,Close (0-10km)
52567,0,18,Computer,1,7,Debit Card,Male,3,4,Fashion,3,Married,4,0,23,4,14,4,207.48000000000002,1.0,1.2,1-5 Yrs,Close (0-10km)
52568,1,3,Mobile,2,28,UPI,Male,2,5,Mobile,3,Married,2,0,11,0,1,0,115.55000000000001,1.0,1.2,0-3 Mos (High Risk),Far (21-50km)
52569,1,10,Computer,3,15,Debit Card,Male,2,5,Grocery,3,Married,8,0,11,6,14,3,229.36,1.0,1.2,4-12 Mos,Moderate (11-20km)
52570,0,3,Mobile,1,23,Credit Card,Male,3,5,Mobile,3,Married,2,0,15,1,1,2,123.05000000000001,1.0,1.2,0-3 Mos (High Risk),Far (21-50km)
52571,0,18,Mobile,1,34,Cash on Delivery,Female,2,4,Grocery,4,Single,2,0,11,1,8,6,267.04,1.0,1.2,1-5 Yrs,Far (21-50km)
52572,0,5,Computer,1,16,Debit Card,Male,2,3,Mobile,3,Married,7,0,13,0,1,3,134.33,1.0,1.2,4-12 Mos,Moderate (11-20km)
52573,0,4,Mobile,1,8,Debit Card,Male,3,3,Mobile,3,Married,2,0,14,1,1,3,134.77,1.0,1.2,4-12 Mos,Close (0-10km)
52574,0,14,Computer,2,10,UPI,Male,2,5,Laptop & Accessory,4,Married,7,0,19,0,1,2,164.3,1.0,1.2,1-5 Yrs,Close (0-10km)
52575,0,13,Mobile,1,14,Debit Card,Female,3,3,Laptop & Accessory,5,Married,3,1,16,1,1,0,165.16,1.0,1.2,1-5 Yrs,Moderate (11-20km)
52576,0,0,Mobile,1,35,Credit Card,Male,3,3,Mobile,5,Married,2,0,13,1,1,2,139.07,1.0,1.2,0-3 Mos (High Risk),Far (21-50km)
52577,0,19,Mobile,1,19,Debit Card,Male,2,3,Laptop & Accessory,4,Single,7,0,14,1,1,9,155.62,1.0,1.2,1-5 Yrs,Moderate (11-20km)
52578,0,8,Mobile,1,33,Debit Card,Male,2,3,Laptop & Accessory,3,Married,3,0,16,1,1,7,168.83,1.0,1.2,4-12 Mos,Far (21-50km)
52579,0,3,Mobile,1,22,Debit Card,Male,3,3,Mobile,1,Married,2,0,12,0,1,8,128.62,1.0,1.2,0-3 Mos (High Risk),Far (21-50km)
52580,0,20,Computer,3,8,E wallet,Male,2,3,Laptop & Accessory,4,Married,8,0,11,0,1,0,149.78,1.0,1.2,1-5 Yrs,Close (0-10km)
52581,0,19,Mobile,3,8,Debit Card,Male,3,3,Fashion,1,Married,5,1,12,0,1,3,203.68,1.0,1.2,1-5 Yrs,Close (0-10km)
52582,1,0,Mobile,3,19,E wallet,Male,3,4,Laptop & Accessory,5,Married,6,1,13,1,2,2,161.34,1.0,1.2,0-3 Mos (High Risk),Moderate (11-20km)
52583,1,0,Mobile,3,7,Debit Card,Male,2,5,Laptop & Accessory,4,Single,7,0,15,0,1,0,167.35,1.0,1.2,0-3 Mos (High Risk),Close (0-10km)
52584,0,0,Mobile,1,10,Credit Card,Female,2,3,Mobile,4,Single,2,0,13,0,1,2,132.95,1.0,1.2,0-3 Mos (High Risk),Close (0-10km)
52585,0,4,Computer,1,30,Cash on Delivery,Female,1,3,Laptop & Accessory,1,Single,3,0,20,0,1,4,152.38,1.0,1.2,4-12 Mos,Far (21-50km)
52586,0,12,Computer,1,7,Debit Card,Male,3,3,Laptop & Accessory,1,Married,2,1,15,0,5,8,164.72,1.0,1.2,4-12 Mos,Close (0-10km)
52587,0,5,Mobile,3,25,Debit Card,Male,3,5,Fashion,3,Married,4,0,13,0,1,2,196.1,1.0,1.2,4-12 Mos,Far (21-50km)
52588,0,13,Mobile,3,13,Credit Card,Male,2,3,Others,4,Single,2,0,15,12,12,8,298.33,1.0,1.2,1-5 Yrs,Moderate (11-20km)
52589,0,18,Mobile,2,10,Debit Card,Female,2,5,Fashion,3,Married,5,0,21,1,1,3,197.56,1.0,1.2,1-5 Yrs,Close (0-10km)
52590,0,3,Computer,1,8,Cash on Delivery,Female,3,4,Mobile,5,Single,1,0,16,0,1,7,149.68,1.0,1.2,0-3 Mos (High Risk),Close (0-10km)
52591,0,3,Computer,2,16,Credit Card,Male,2,3,Mobile,1,Married,1,0,14,0,2,1,121.44999999999999,1.0,1.2,0-3 Mos (High Risk),Moderate (11-20km)
52592,1,3,Computer,2,14,UPI,Female,3,4,Mobile,1,Married,7,0,11,1,1,2,121.80000000000001,1.0,1.2,0-3 Mos (High Risk),Moderate (11-20km)
52593,0,4,Mobile,3,11,Cash on Delivery,Male,2,3,Laptop & Accessory,3,Married,2,0,19,1,1,2,183.46,1.0,1.2,4-12 Mos,Moderate (11-20km)
52594,0,0,Mobile,1,14,Credit Card,Female,3,3,Mobile,1,Single,2,0,11,0,1,4,134.45,1.0,1.2,0-3 Mos (High Risk),Moderate (11-20km)
52595,1,0,Mobile,3,15,E wallet,Female,3,5,Mobile,4,Single,2,0,13,2,2,2,127.6,1.0,1.2,0-3 Mos (High Risk),Moderate (11-20km)
52596,0,2,Computer,1,7,Debit Card,Male,3,1,Laptop & Accessory,3,Single,9,1,12,1,1,2,162.94,1.0,1.2,0-3 Mos (High Risk),Close (0-10km)
52597,0,3,Mobile,3,21,E wallet,Male,3,4,Fashion,5,Married,3,0,11,1,1,7,171.4,1.0,1.2,0-3 Mos (High Risk),Far (21-50km)
52598,0,7,Mobile,1,8,Credit Card,Male,3,1,Mobile,1,Married,1,1,14,1,1,2,129.32,1.0,1.2,4-12 Mos,Close (0-10km)
52599,0,6,Computer,3,8,E wallet,Female,3,3,Laptop & Accessory,4,Single,9,0,15,1,1,7,151.47,1.0,1.2,4-12 Mos,Close (0-10km)
52600,0,22,Mobile,3,17,E wallet,Female,3,3,Laptop & Accessory,1,Single,4,0,12,0,1,4,145.07,1.0,1.2,1-5 Yrs,Moderate (11-20km)
52601,1,0,Mobile,3,22,Debit Card,Female,3,3,Fashion,5,Single,3,1,20,1,1,0,185.64,1.0,1.2,0-3 Mos (High Risk),Far (21-50km)
52602,0,11,Computer,1,13,Credit Card,Female,3,4,Mobile,4,Married,5,0,14,0,1,5,124.68,1.0,1.2,4-12 Mos,Moderate (11-20km)
52603,1,0,Mobile,3,22,E wallet,Male,3,3,Fashion,3,Married,3,0,13,0,1,0,181.61,1.0,1.2,0-3 Mos (High Risk),Far (21-50km)
52604,0,3,Mobile,1,10,Cash on Delivery,Female,3,4,Mobile,5,Married,2,0,13,0,1,0,121.09,1.0,1.2,0-3 Mos (High Risk),Close (0-10km)
52605,0,3,Mobile,1,22,Debit Card,Male,2,1,Laptop & Accessory,3,Married,4,0,16,1,1,7,152.94,1.0,1.2,0-3 Mos (High Risk),Far (21-50km)
52606,0,5,Computer,1,11,Cash on Delivery,Male,3,3,Mobile,4,Single,3,0,14,1,1,7,127.18,1.0,1.2,4-12 Mos,Moderate (11-20km)
52607,0,11,Mobile,1,24,Credit Card,Male,2,5,Laptop & Accessory,1,Married,4,1,16,0,1,0,158.11,1.0,1.2,4-12 Mos,Far (21-50km)
52608,1,6,Computer,1,13,Cash on Delivery,Male,2,4,Mobile,3,Married,10,1,16,1,1,0,124.37,1.0,1.2,4-12 Mos,Moderate (11-20km)
52609,0,15,Mobile,1,18,Credit Card,Male,3,3,Mobile,4,Married,9,0,22,1,1,4,127.66,1.0,1.2,1-5 Yrs,Moderate (11-20km)
52610,0,28,Mobile,1,8,Credit Card,Male,2,4,Others,5,Married,9,0,12,1,1,0,290.38,1.0,1.2,1-5 Yrs,Close (0-10km)
52611,0,6,Computer,1,10,Cash on Delivery,Male,3,3,Laptop & Accessory,4,Married,6,0,15,0,1,7,130.55,1.0,1.2,4-12 Mos,Close (0-10km)
52612,0,3,Mobile,1,15,Debit Card,Male,3,3,Mobile,5,Married,2,0,20,0,1,4,122.88999999999999,1.0,1.2,0-3 Mos (High Risk),Moderate (11-20km)
52613,0,7,Computer,3,16,Debit Card,Male,2,3,Laptop & Accessory,3,Married,2,1,14,1,1,7,140.01,1.0,1.2,4-12 Mos,Moderate (11-20km)
52614,0,26,Computer,1,7,Credit Card,Female,2,4,Grocery,3,Married,5,1,20,1,1,3,229.64999999999998,1.0,1.2,1-5 Yrs,Close (0-10km)
52615,0,16,Mobile,2,8,Debit Card,Male,3,3,Mobile,1,Single,1,0,13,1,1,8,135.39,1.0,1.2,1-5 Yrs,Close (0-10km)
52616,0,7,Mobile,3,9,Debit Card,Female,2,5,Laptop & Accessory,1,Single,6,0,12,2,2,2,160.29,1.0,1.2,4-12 Mos,Close (0-10km)
52617,1,0,Mobile,3,13,E wallet,Male,3,3,Mobile,4,Single,2,0,13,0,1,0,126.78999999999999,1.0,1.2,0-3 Mos (High Risk),Moderate (11-20km)
52618,0,11,Mobile,1,12,UPI,Female,2,4,Mobile,3,Married,2,0,11,1,1,4,137.02,1.0,1.2,4-12 Mos,Moderate (11-20km)
52619,1,0,Mobile,1,13,Credit Card,Female,3,3,Mobile,5,Married,2,1,17,0,1,0,123.97999999999999,1.0,1.2,0-3 Mos (High Risk),Moderate (11-20km)
52620,0,4,Mobile,3,35,E wallet,Female,3,4,Laptop & Accessory,1,Married,2,0,14,0,5,7,154.68,1.0,1.2,4-12 Mos,Far (21-50km)
52621,0,24,Mobile,1,9,Cash on Delivery,Female,2,3,Fashion,3,Married,3,0,11,2,2,3,231.16000000000003,1.0,1.2,1-5 Yrs,Close (0-10km)
52622,0,10,Mobile,3,15,E wallet,Male,2,4,Laptop & Accessory,4,Married,2,0,14,1,1,3,141.89,1.0,1.2,4-12 Mos,Moderate (11-20km)
52623,0,19,Mobile,1,8,Credit Card,Male,2,3,Others,1,Married,8,1,15,2,2,2,293.28,1.0,1.2,1-5 Yrs,Close (0-10km)
52624,0,9,Mobile,1,16,Debit Card,Male,2,3,Fashion,5,Married,8,1,13,2,5,7,183.21,1.0,1.2,4-12 Mos,Moderate (11-20km)
52625,1,7,Computer,1,13,Credit Card,Male,3,3,Mobile,4,Married,2,1,12,2,2,3,123.41999999999999,1.0,1.2,4-12 Mos,Moderate (11-20km)
52626,0,10,Mobile,2,14,UPI,Male,2,3,Laptop & Accessory,4,Married,3,0,13,3,4,7,140.71,1.0,1.2,4-12 Mos,Moderate (11-20km)
52627,1,0,Mobile,3,33,Debit Card,Male,2,3,Laptop & Accessory,1,Single,2,1,18,3,7,7,158.13,2.0,2.4,0-3 Mos (High Risk),Far (21-50km)
52628,0,6,Mobile,1,14,Debit Card,Male,3,1,Mobile,5,Married,7,0,19,3,7,6,131.43,1.0,1.2,4-12 Mos,Moderate (11-20km)
52629,0,3,Mobile,1,7,Debit Card,Male,2,3,Mobile,1,Married,2,0,11,0,1,3,120.44,1.0,1.2,0-3 Mos (High Risk),Close (0-10km)
52630,0,12,Mobile,1,16,Credit Card,Male,3,3,Fashion,3,Single,8,0,21,2,2,2,234.64,1.0,1.2,4-12 Mos,Moderate (11-20km)
52631,0,19,Computer,3,32,Debit Card,Male,3,4,Laptop & Accessory,4,Single,9,0,15,1,2,2,179.91,1.0,1.2,1-5 Yrs,Far (21-50km)
52632,0,13,Mobile,1,8,Debit Card,Female,3,3,Mobile,5,Married,5,0,17,1,1,2,133.77,1.0,1.2,1-5 Yrs,Close (0-10km)
52633,0,15,Mobile,1,19,Credit Card,Male,3,1,Laptop & Accessory,5,Married,6,0,18,1,1,0,155.38,1.0,1.2,1-5 Yrs,Moderate (11-20km)
52634,0,8,Computer,1,8,Credit Card,Male,2,3,Laptop & Accessory,1,Married,3,0,14,1,1,7,157.62,1.0,1.2,4-12 Mos,Close (0-10km)
52635,0,11,Computer,2,13,UPI,Male,3,3,Mobile,4,Married,6,0,13,2,3,8,125.91999999999999,1.0,1.2,4-12 Mos,Moderate (11-20km)
52636,1,0,Computer,1,15,Debit Card,Male,3,3,Laptop & Accessory,5,Married,5,0,17,0,1,7,153.46,1.0,1.2,0-3 Mos (High Risk),Moderate (11-20km)
52637,1,0,Mobile,1,16,Credit Card,Male,2,3,Laptop & Accessory,5,Single,2,0,15,0,1,8,142.13,1.0,1.2,0-3 Mos (High Risk),Moderate (11-20km)
52638,0,12,Computer,3,26,Debit Card,Male,2,3,Laptop & Accessory,1,Married,3,0,18,1,2,2,141.27,1.0,1.2,4-12 Mos,Far (21-50km)
52639,0,16,Computer,1,13,Debit Card,Male,2,3,Mobile,3,Single,5,0,13,1,1,2,124.38,1.0,1.2,1-5 Yrs,Moderate (11-20km)
52640,0,14,Mobile,1,11,Debit Card,Male,2,1,Laptop & Accessory,4,Single,4,0,12,0,1,2,168.7,1.0,1.2,1-5 Yrs,Moderate (11-20km)
52641,0,14,Mobile,3,10,E wallet,Female,2,3,Fashion,3,Married,1,1,13,5,13,5,204.47,3.0,3.5999999999999996,1-5 Yrs,Close (0-10km)
52642,0,3,Mobile,1,16,Credit Card,Female,3,3,Fashion,3,Single,10,0,14,0,1,2,196.67,1.0,1.2,0-3 Mos (High Risk),Moderate (11-20km)
52643,1,3,Mobile,2,26,Credit Card,Female,3,3,Mobile,4,Married,1,1,11,0,1,4,121.47999999999999,1.0,1.2,0-3 Mos (High Risk),Far (21-50km)
52644,1,9,Mobile,1,27,Credit Card,Female,3,3,Laptop & Accessory,4,Married,5,0,22,3,3,7,189.26,1.0,1.2,4-12 Mos,Far (21-50km)
52645,0,13,Mobile,1,7,Debit Card,Female,2,3,Laptop & Accessory,1,Married,5,0,17,0,1,3,165.13,1.0,1.2,1-5 Yrs,Close (0-10km)
52646,0,7,Mobile,3,14,Cash on Delivery,Male,3,1,Laptop & Accessory,3,Married,2,0,21,2,4,8,167.99,1.0,1.2,4-12 Mos,Moderate (11-20km)
52647,0,30,Computer,3,8,Credit Card,Male,2,3,Grocery,4,Married,5,0,22,1,14,14,262.91,1.0,1.2,1-5 Yrs,Close (0-10km)
52648,0,8,Mobile,1,29,Credit Card,Male,3,5,Mobile,3,Married,1,0,16,0,1,3,127.05000000000001,1.0,1.2,4-12 Mos,Far (21-50km)
52649,0,20,Mobile,1,10,Debit Card,Female,3,4,Fashion,4,Married,9,1,12,5,14,10,203.33,3.0,3.5999999999999996,1-5 Yrs,Close (0-10km)
52650,0,13,Mobile,1,18,Debit Card,Female,2,3,Laptop & Accessory,5,Married,3,0,12,1,7,7,144.48,1.0,1.2,1-5 Yrs,Moderate (11-20km)
52651,0,27,Mobile,1,13,Credit Card,Female,3,3,Laptop & Accessory,1,Married,5,0,15,1,1,7,168.54,1.0,1.2,1-5 Yrs,Moderate (11-20km)
52652,0,4,Computer,3,13,E wallet,Female,3,3,Fashion,5,Married,3,0,14,2,2,2,196.37,1.0,1.2,4-12 Mos,Moderate (11-20km)
52653,0,1,Mobile,1,7,Credit Card,Female,3,3,Mobile,5,Married,2,0,25,1,1,2,135.91,1.0,1.2,0-3 Mos (High Risk),Close (0-10km)
52654,0,11,Mobile,3,8,E wallet,Female,3,5,Laptop & Accessory,1,Married,3,1,20,0,1,3,154.05,1.0,1.2,4-12 Mos,Close (0-10km)
52655,0,0,Mobile,3,16,Credit Card,Male,2,3,Laptop & Accessory,1,Single,2,0,13,1,1,2,146.84,1.0,1.2,0-3 Mos (High Risk),Moderate (11-20km)
52656,0,30,Computer,1,21,Debit Card,Male,2,3,Grocery,3,Married,3,1,14,2,4,2,257.87,1.0,1.2,1-5 Yrs,Far (21-50km)
52657,0,3,Computer,1,20,Credit Card,Female,2,3,Mobile,3,Single,2,0,16,1,1,0,115.13999999999999,1.0,1.2,0-3 Mos (High Risk),Moderate (11-20km)
52658,1,0,Mobile,2,24,UPI,Male,3,1,Mobile,5,Married,1,0,17,1,1,0,129.56,1.0,1.2,0-3 Mos (High Risk),Far (21-50km)
52659,1,0,Mobile,2,13,UPI,Male,2,4,Mobile,5,Married,5,1,15,2,2,0,123.35,1.0,1.2,0-3 Mos (High Risk),Moderate (11-20km)
52660,0,18,Computer,3,8,Debit Card,Female,3,3,Laptop & Accessory,3,Married,5,0,22,3,5,7,151.54,1.0,1.2,1-5 Yrs,Close (0-10km)
52661,0,9,Mobile,1,8,UPI,Female,3,3,Laptop & Accessory,4,Married,5,1,22,1,1,0,169.62,1.0,1.2,4-12 Mos,Close (0-10km)
52662,0,16,Computer,3,8,Debit Card,Male,3,3,Laptop & Accessory,1,Married,2,0,20,7,7,7,156.75,1.0,1.2,1-5 Yrs,Close (0-10km)
52663,0,0,Computer,1,13,Debit Card,Female,2,3,Mobile,1,Single,1,1,14,1,1,2,123.78999999999999,1.0,1.2,0-3 Mos (High Risk),Moderate (11-20km)
52664,0,2,Computer,1,26,Credit Card,Male,2,3,Mobile,1,Married,2,0,13,1,3,10,138.12,1.0,1.2,0-3 Mos (High Risk),Far (21-50km)
52665,0,5,Computer,3,16,E wallet,Male,3,3,Laptop & Accessory,1,Single,9,0,13,0,1,0,146.48,1.0,1.2,4-12 Mos,Moderate (11-20km)
52666,0,15,Computer,1,16,Cash on Delivery,Male,3,3,Mobile,3,Married,4,0,22,3,3,3,129.36,1.0,1.2,1-5 Yrs,Moderate (11-20km)
52667,0,3,Mobile,1,15,Debit Card,Female,3,3,Mobile,3,Single,5,0,12,0,2,0,121.05000000000001,1.0,1.2,0-3 Mos (High Risk),Moderate (11-20km)
52668,0,19,Mobile,1,8,Debit Card,Male,2,3,Fashion,1,Married,4,0,14,0,4,7,185.78,1.0,1.2,1-5 Yrs,Close (0-10km)
52669,0,1,Computer,2,7,Debit Card,Male,3,3,Mobile,1,Married,2,0,15,1,2,2,127.06,1.0,1.2,0-3 Mos (High Risk),Close (0-10km)
52670,0,2,Mobile,1,35,Debit Card,Male,3,5,Laptop & Accessory,3,Married,9,0,17,0,1,6,163.84,1.0,1.2,0-3 Mos (High Risk),Far (21-50km)
52671,0,15,Mobile,1,14,Debit Card,Male,2,3,Mobile,3,Single,5,0,13,1,1,0,139.68,1.0,1.2,1-5 Yrs,Moderate (11-20km)
52672,1,0,Mobile,3,8,E wallet,Male,2,4,Laptop & Accessory,4,Single,8,1,12,1,2,2,199.07,1.0,1.2,0-3 Mos (High Risk),Close (0-10km)
52673,0,19,Mobile,3,9,Cash on Delivery,Female,2,1,Grocery,5,Married,3,0,12,2,4,8,232.25,1.0,1.2,1-5 Yrs,Close (0-10km)
52674,0,0,Mobile,3,29,Credit Card,Female,2,4,Laptop & Accessory,3,Married,2,0,21,3,5,8,135.4,1.0,1.2,0-3 Mos (High Risk),Far (21-50km)
52675,0,2,Mobile,2,12,Credit Card,Male,3,4,Mobile,4,Married,2,0,11,1,1,0,128.04,1.0,1.2,0-3 Mos (High Risk),Moderate (11-20km)
52676,0,16,Mobile,1,12,Credit Card,Female,2,4,Others,3,Married,8,0,15,6,6,14,293.92,1.0,1.2,1-5 Yrs,Moderate (11-20km)
52677,0,21,Mobile,1,16,Debit Card,Male,3,4,Others,4,Married,5,0,15,3,12,9,296.65,1.0,1.2,1-5 Yrs,Moderate (11-20km)
52678,1,0,Computer,1,13,Debit Card,Male,3,4,Mobile,1,Single,2,1,24,1,1,0,124.38999999999999,1.0,1.2,0-3 Mos (High Risk),Moderate (11-20km)
52679,1,9,Mobile,3,16,Debit Card,Female,3,3,Fashion,4,Married,6,0,21,1,1,7,173.14,1.0,1.2,4-12 Mos,Moderate (11-20km)
52680,0,0,Computer,1,21,Debit Card,Female,3,4,Mobile,5,Married,1,0,19,0,7,3,147.74,1.0,1.2,0-3 Mos (High Risk),Far (21-50km)
52681,0,12,Mobile,1,25,UPI,Male,2,3,Laptop & Accessory,1,Married,9,0,14,0,2,2,139.02,1.0,1.2,4-12 Mos,Far (21-50km)
52682,0,28,Mobile,1,8,Cash on Delivery,Male,3,4,Mobile,1,Married,9,0,20,1,1,4,126.62,1.0,1.2,1-5 Yrs,Close (0-10km)
52683,0,1,Mobile,3,9,Credit Card,Female,3,3,Mobile,4,Married,2,0,19,1,1,0,128.56,1.0,1.2,0-3 Mos (High Risk),Close (0-10km)
52684,1,0,Mobile,3,15,Credit Card,Male,2,3,Mobile,1,Single,2,0,13,0,1,0,110.81,1.0,1.2,0-3 Mos (High Risk),Moderate (11-20km)
52685,1,0,Mobile,1,13,Debit Card,Male,3,3,Mobile,4,Single,2,1,23,1,1,0,124.72,1.0,1.2,0-3 Mos (High Risk),Moderate (11-20km)
52686,0,9,Mobile,3,16,Cash on Delivery,Female,3,4,Laptop & Accessory,3,Married,2,1,13,0,1,7,156.73,1.0,1.2,4-12 Mos,Moderate (11-20km)
52687,0,4,Mobile,1,26,Debit Card,Male,2,3,Laptop & Accessory,3,Married,2,0,11,0,1,2,141.97,1.0,1.2,4-12 Mos,Far (21-50km)
52688,0,7,Mobile,3,10,Debit Card,Male,3,3,Fashion,1,Married,3,1,13,0,1,0,197.13,1.0,1.2,4-12 Mos,Close (0-10km)
52689,0,3,Mobile,1,13,Debit Card,Male,2,3,Mobile,5,Single,4,0,14,0,1,2,120.62,1.0,1.2,0-3 Mos (High Risk),Moderate (11-20km)
52690,0,10,Mobile,1,13,Credit Card,Male,3,3,Laptop & Accessory,5,Married,6,1,22,0,1,4,142.84,1.0,1.2,4-12 Mos,Moderate (11-20km)
52691,0,8,Mobile,1,22,UPI,Female,2,4,Laptop & Accessory,4,Married,1,1,11,0,1,2,147.88,1.0,1.2,4-12 Mos,Far (21-50km)
52692,0,18,Mobile,1,31,Debit Card,Female,3,4,Laptop & Accessory,1,Married,1,0,13,0,3,8,159.06,1.0,1.2,1-5 Yrs,Far (21-50km)
52693,0,9,Computer,2,8,UPI,Male,3,4,Laptop & Accessory,1,Single,2,0,21,1,1,8,138.86,1.0,1.2,4-12 Mos,Close (0-10km)
52694,0,13,Mobile,1,7,Debit Card,Male,3,3,Grocery,5,Married,3,0,11,1,11,16,268.23,1.0,1.2,1-5 Yrs,Close (0-10km)
52695,0,0,Mobile,1,7,Debit Card,Female,3,4,Mobile,3,Married,2,1,13,0,1,0,129.33,1.0,1.2,0-3 Mos (High Risk),Close (0-10km)
52696,0,0,Mobile,3,8,Credit Card,Female,2,1,Laptop & Accessory,3,Single,1,0,14,0,1,7,165.0,1.0,1.2,0-3 Mos (High Risk),Close (0-10km)
52697,0,21,Computer,1,28,Credit Card,Female,2,3,Grocery,1,Married,4,0,11,1,4,7,271.74,1.0,1.2,1-5 Yrs,Far (21-50km)
52698,0,17,Mobile,1,7,Debit Card,Male,3,1,Laptop & Accessory,5,Married,3,0,15,1,2,2,150.33,1.0,1.2,1-5 Yrs,Close (0-10km)
52699,1,3,Computer,1,22,Cash on Delivery,Male,2,5,Mobile,5,Married,2,1,23,0,3,0,123.07,1.0,1.2,0-3 Mos (High Risk),Far (21-50km)
52700,1,19,Mobile,1,13,Debit Card,Male,3,3,Mobile,1,Single,2,0,16,0,1,0,125.87,1.0,1.2,1-5 Yrs,Moderate (11-20km)
52701,0,9,Mobile,3,23,E wallet,Male,2,4,Laptop & Accessory,4,Married,3,0,16,1,1,3,155.07,1.0,1.2,4-12 Mos,Far (21-50km)
52702,0,14,Mobile,3,14,E wallet,Female,2,3,Laptop & Accessory,4,Married,6,0,21,0,1,4,143.93,1.0,1.2,1-5 Yrs,Moderate (11-20km)
52703,0,15,Mobile,1,12,Credit Card,Male,2,3,Fashion,5,Married,10,0,13,5,2,7,233.48000000000002,1.0,1.2,1-5 Yrs,Moderate (11-20km)
52704,0,4,Mobile,3,16,Credit Card,Female,2,3,Laptop & Accessory,1,Married,3,1,11,1,1,4,165.83,1.0,1.2,4-12 Mos,Moderate (11-20km)
52705,0,7,Mobile,3,9,Credit Card,Female,3,4,Laptop & Accessory,1,Married,4,1,12,0,1,1,181.03,1.0,1.2,4-12 Mos,Close (0-10km)
52706,0,4,Mobile,1,10,Credit Card,Female,3,1,Mobile,3,Married,9,0,12,1,2,2,139.78,1.0,1.2,4-12 Mos,Close (0-10km)
52707,0,0,Computer,1,13,UPI,Male,3,1,Mobile,1,Married,1,0,18,2,7,7,125.44,1.0,1.2,0-3 Mos (High Risk),Moderate (11-20km)
52708,0,18,Computer,1,7,Credit Card,Male,2,3,Laptop & Accessory,3,Single,5,0,12,0,1,3,153.99,1.0,1.2,1-5 Yrs,Close (0-10km)
52709,0,6,Mobile,3,16,E wallet,Male,2,3,Laptop & Accessory,3,Single,2,0,14,0,1,9,154.87,1.0,1.2,4-12 Mos,Moderate (11-20km)
52710,0,1,Computer,3,7,Debit Card,Male,2,4,Laptop & Accessory,1,Married,2,1,12,1,1,7,168.34,1.0,1.2,0-3 Mos (High Risk),Close (0-10km)
52711,1,0,Computer,3,30,Cash on Delivery,Male,2,1,Mobile,5,Single,2,0,17,0,1,0,110.91,1.0,1.2,0-3 Mos (High Risk),Far (21-50km)
52712,0,12,Computer,3,27,Debit Card,Female,2,5,Laptop & Accessory,3,Married,7,0,19,0,1,2,157.36,1.0,1.2,4-12 Mos,Far (21-50km)
52713,0,3,Mobile,1,8,Cash on Delivery,Male,2,3,Mobile,4,Married,2,0,11,0,1,2,122.25999999999999,1.0,1.2,0-3 Mos (High Risk),Close (0-10km)
52714,0,7,Computer,1,28,UPI,Male,2,4,Laptop & Accessory,1,Married,2,1,15,3,6,11,157.47,2.0,2.4,4-12 Mos,Far (21-50km)
52715,1,0,Mobile,3,19,E wallet,Female,2,3,Laptop & Accessory,3,Single,4,1,11,0,2,2,198.54,1.0,1.2,0-3 Mos (High Risk),Moderate (11-20km)
52716,0,20,Computer,1,20,Cash on Delivery,Male,3,3,Laptop & Accessory,4,Married,9,0,18,0,1,7,154.67,1.0,1.2,1-5 Yrs,Moderate (11-20km)
52717,0,29,Mobile,3,17,E wallet,Female,2,4,Laptop & Accessory,5,Married,5,0,16,0,1,0,153.8,1.0,1.2,1-5 Yrs,Moderate (11-20km)
52718,0,12,Mobile,1,15,Credit Card,Male,2,3,Laptop & Accessory,5,Married,2,0,25,0,7,9,151.51,1.0,1.2,4-12 Mos,Moderate (11-20km)
52719,0,8,Computer,1,14,Credit Card,Female,2,4,Laptop & Accessory,4,Married,2,1,16,1,1,7,121.33000000000001,1.0,1.2,4-12 Mos,Moderate (11-20km)
52720,0,60,Mobile,3,27,Debit Card,Female,3,3,Grocery,1,Married,5,1,13,1,1,0,278.75,1.0,1.2,1-5 Yrs,Far (21-50km)
52721,1,0,Computer,1,13,Debit Card,Female,2,1,Mobile,3,Single,4,1,14,0,1,3,124.32,1.0,1.2,0-3 Mos (High Risk),Moderate (11-20km)
52722,0,11,Mobile,1,15,Debit Card,Male,3,3,Mobile,1,Married,3,0,19,0,1,3,147.71,1.0,1.2,4-12 Mos,Moderate (11-20km)
52723,0,22,Computer,1,8,Debit Card,Male,2,3,Others,1,Married,4,0,15,1,4,3,291.61,1.0,1.2,1-5 Yrs,Close (0-10km)
52724,0,15,Mobile,3,18,E wallet,Male,3,3,Laptop & Accessory,1,Married,4,1,12,1,1,0,150.87,1.0,1.2,1-5 Yrs,Moderate (11-20km)
52725,1,0,Computer,2,28,UPI,Female,3,4,Mobile,4,Married,2,0,12,1,1,0,128.63,1.0,1.2,0-3 Mos (High Risk),Far (21-50km)
52726,0,8,Mobile,3,24,Credit Card,Male,3,3,Laptop & Accessory,5,Married,1,0,16,1,1,4,155.61,1.0,1.2,4-12 Mos,Far (21-50km)
52727,0,3,Computer,1,22,Credit Card,Male,2,3,Mobile,3,Single,2,0,14,0,1,4,121.44,1.0,1.2,0-3 Mos (High Risk),Far (21-50km)
52728,0,4,Computer,1,9,Credit Card,Male,3,3,Mobile,5,Married,2,1,13,2,2,3,130.65,1.0,1.2,4-12 Mos,Close (0-10km)
52729,0,9,Computer,1,15,Debit Card,Male,3,1,Mobile,4,Married,2,0,22,1,1,2,128.1,1.0,1.2,4-12 Mos,Moderate (11-20km)
52730,0,7,Mobile,3,7,E wallet,Male,2,3,Fashion,1,Single,2,0,21,2,2,1,198.88,1.0,1.2,4-12 Mos,Close (0-10km)
52731,0,7,Mobile,3,19,Credit Card,Male,2,3,Fashion,3,Married,2,0,18,0,1,1,186.28,1.0,1.2,4-12 Mos,Moderate (11-20km)
52732,0,0,Mobile,1,7,Credit Card,Male,3,3,Mobile,5,Single,1,0,13,7,7,6,128.67,1.0,1.2,0-3 Mos (High Risk),Close (0-10km)
52733,0,2,Mobile,1,7,Debit Card,Male,2,3,Laptop & Accessory,5,Married,1,0,12,0,1,2,153.73,1.0,1.2,0-3 Mos (High Risk),Close (0-10km)
52734,0,5,Computer,1,21,Credit Card,Female,2,3,Laptop & Accessory,1,Married,6,0,18,0,1,2,166.67,1.0,1.2,4-12 Mos,Far (21-50km)
52735,0,4,Computer,1,7,Debit Card,Male,2,5,Laptop & Accessory,5,Married,2,0,21,6,8,7,150.03,1.0,1.2,4-12 Mos,Close (0-10km)
52736,1,0,Mobile,1,13,Cash on Delivery,Male,2,4,Mobile,1,Married,6,0,12,1,1,3,123.66999999999999,1.0,1.2,0-3 Mos (High Risk),Moderate (11-20km)
52737,0,11,Mobile,3,7,Debit Card,Male,3,4,Mobile,5,Single,5,0,14,1,1,0,128.58,1.0,1.2,4-12 Mos,Close (0-10km)
52738,0,8,Mobile,3,13,Debit Card,Female,2,3,Laptop & Accessory,1,Married,2,1,11,1,1,9,152.04,1.0,1.2,4-12 Mos,Moderate (11-20km)
52739,0,0,Mobile,3,15,E wallet,Male,2,3,Laptop & Accessory,1,Single,2,0,14,1,1,7,141.05,1.0,1.2,0-3 Mos (High Risk),Moderate (11-20km)
52740,0,5,Mobile,1,11,Debit Card,Male,2,4,Laptop & Accessory,1,Single,9,0,24,1,1,0,196.79,1.0,1.2,4-12 Mos,Moderate (11-20km)
52741,1,0,Computer,3,32,E wallet,Male,3,3,Laptop & Accessory,1,Married,2,1,11,0,1,8,156.17,1.0,1.2,0-3 Mos (High Risk),Far (21-50km)
52742,1,16,Mobile,3,30,Debit Card,Male,3,3,Fashion,5,Single,7,1,13,0,2,2,204.48,1.0,1.2,1-5 Yrs,Far (21-50km)
52743,0,27,Mobile,1,15,Debit Card,Female,3,3,Laptop & Accessory,3,Married,4,0,11,1,2,3,128.97,1.0,1.2,1-5 Yrs,Moderate (11-20km)
52744,0,6,Computer,1,13,Debit Card,Male,2,3,Laptop & Accessory,3,Married,2,0,20,0,2,8,159.68,1.0,1.2,4-12 Mos,Moderate (11-20km)
52745,0,16,Mobile,1,17,Debit Card,Male,1,3,Fashion,3,Married,2,0,17,1,1,9,175.1,1.0,1.2,1-5 Yrs,Moderate (11-20km)
52746,0,11,Computer,2,7,UPI,Male,3,3,Mobile,4,Married,1,1,11,0,1,2,129.91,1.0,1.2,4-12 Mos,Close (0-10km)
52747,0,28,Mobile,2,32,UPI,Male,3,1,Others,4,Married,5,1,15,1,1,4,296.36,1.0,1.2,1-5 Yrs,Far (21-50km)
52748,0,4,Mobile,1,8,Credit Card,Female,2,5,Mobile,1,Married,2,1,11,0,1,0,111.28999999999999,1.0,1.2,4-12 Mos,Close (0-10km)
52749,0,12,Mobile,3,21,E wallet,Male,3,3,Grocery,5,Single,1,0,12,4,4,10,233.41000000000003,1.0,1.2,4-12 Mos,Far (21-50km)
52750,0,15,Computer,1,29,Debit Card,Male,2,4,Laptop & Accessory,3,Single,2,0,12,3,3,7,143.32,1.0,1.2,1-5 Yrs,Far (21-50km)
52751,0,4,Computer,1,16,Credit Card,Female,2,3,Fashion,3,Married,5,0,20,3,4,3,210.31,1.0,1.2,4-12 Mos,Moderate (11-20km)
52752,0,27,Mobile,1,16,Credit Card,Female,3,3,Laptop & Accessory,5,Single,7,1,19,0,1,4,144.4,1.0,1.2,1-5 Yrs,Moderate (11-20km)
52753,0,0,Mobile,1,7,Debit Card,Male,2,4,Laptop & Accessory,3,Single,2,0,12,1,1,2,146.17,1.0,1.2,0-3 Mos (High Risk),Close (0-10km)
52754,0,0,Mobile,1,13,UPI,Male,3,3,Mobile,1,Single,2,0,13,1,1,4,126.47,1.0,1.2,0-3 Mos (High Risk),Moderate (11-20km)
52755,0,13,Computer,1,17,Cash on Delivery,Female,3,3,Laptop & Accessory,3,Married,2,0,11,7,9,4,163.23,1.0,1.2,1-5 Yrs,Moderate (11-20km)
52756,0,13,Mobile,3,8,E wallet,Female,3,3,Laptop & Accessory,4,Married,4,0,14,1,5,10,156.77,1.0,1.2,1-5 Yrs,Close (0-10km)
52757,0,3,Mobile,2,8,UPI,Female,2,3,Mobile,4,Married,5,0,14,0,1,2,121.87,1.0,1.2,0-3 Mos (High Risk),Close (0-10km)
52758,0,3,Mobile,1,7,Credit Card,Male,3,3,Mobile,4,Married,2,0,13,1,1,7,137.48,1.0,1.2,0-3 Mos (High Risk),Close (0-10km)
52759,0,0,Mobile,1,8,UPI,Male,2,3,Mobile,3,Married,7,1,19,0,1,2,139.77,1.0,1.2,0-3 Mos (High Risk),Close (0-10km)
52760,0,20,Mobile,1,31,Credit Card,Male,2,3,Fashion,3,Single,3,0,23,9,12,11,186.33,1.0,1.2,1-5 Yrs,Far (21-50km)
52761,0,3,Computer,1,7,Credit Card,Male,2,4,Mobile,3,Married,2,0,12,0,1,0,120.08000000000001,1.0,1.2,0-3 Mos (High Risk),Close (0-10km)
52762,0,11,Mobile,3,7,Debit Card,Male,2,3,Laptop & Accessory,4,Married,1,0,15,1,5,8,144.4,1.0,1.2,4-12 Mos,Close (0-10km)
52763,0,4,Mobile,3,8,Debit Card,Male,3,3,Mobile,3,Married,1,0,19,0,1,2,130.67,1.0,1.2,4-12 Mos,Close (0-10km)
52764,0,11,Computer,1,12,Debit Card,Male,3,4,Laptop & Accessory,3,Married,3,0,11,2,7,7,153.21,1.0,1.2,4-12 Mos,Moderate (11-20km)
52765,0,15,Mobile,1,24,Debit Card,Male,2,3,Laptop & Accessory,5,Married,7,1,17,1,1,2,154.1,1.0,1.2,1-5 Yrs,Far (21-50km)
52766,0,14,Mobile,1,7,Debit Card,Male,3,3,Mobile,1,Married,4,0,22,0,1,0,127.82,1.0,1.2,1-5 Yrs,Close (0-10km)
52767,0,20,Computer,1,7,Credit Card,Female,3,3,Fashion,4,Married,1,0,18,0,5,3,219.57,1.0,1.2,1-5 Yrs,Close (0-10km)
52768,0,8,Mobile,1,17,Credit Card,Male,2,3,Mobile,3,Married,8,1,11,2,2,2,126.6,1.0,1.2,4-12 Mos,Moderate (11-20km)
52769,0,0,Mobile,1,7,Debit Card,Male,3,3,Mobile,3,Single,1,0,12,1,1,2,133.75,1.0,1.2,0-3 Mos (High Risk),Close (0-10km)
52770,0,8,Mobile,1,15,Credit Card,Male,2,3,Laptop & Accessory,3,Single,2,0,19,0,1,8,150.98,1.0,1.2,4-12 Mos,Moderate (11-20km)
52771,0,6,Mobile,1,21,Credit Card,Female,3,3,Laptop & Accessory,1,Married,1,1,13,6,8,1,148.78,2.0,2.4,4-12 Mos,Far (21-50km)
52772,0,5,Mobile,1,35,Debit Card,Female,3,4,Mobile,4,Single,2,0,13,0,4,1,128.37,1.0,1.2,4-12 Mos,Far (21-50km)
52773,0,13,Mobile,1,13,Debit Card,Male,2,3,Mobile,1,Married,9,0,19,1,1,0,124.06,1.0,1.2,1-5 Yrs,Moderate (11-20km)
52774,0,3,Mobile,3,7,Credit Card,Male,3,4,Mobile,4,Married,1,0,14,2,2,2,122.69,1.0,1.2,0-3 Mos (High Risk),Close (0-10km)
52775,0,12,Mobile,1,30,Debit Card,Male,2,3,Laptop & Accessory,1,Single,8,0,13,0,1,7,141.08,1.0,1.2,4-12 Mos,Far (21-50km)
52776,0,11,Mobile,1,16,Credit Card,Female,3,5,Fashion,3,Married,4,0,12,0,2,11,232.06,1.0,1.2,4-12 Mos,Moderate (11-20km)
52777,0,5,Mobile,3,7,E wallet,Female,2,3,Fashion,1,Married,2,0,19,0,5,7,204.22,1.0,1.2,4-12 Mos,Close (0-10km)
52778,0,10,Mobile,1,16,Debit Card,Female,2,1,Fashion,1,Married,2,1,25,5,2,8,237.44,1.0,1.2,4-12 Mos,Moderate (11-20km)
52779,0,0,Mobile,3,14,UPI,Female,2,3,Laptop & Accessory,3,Married,1,1,22,0,1,4,149.07,1.0,1.2,0-3 Mos (High Risk),Moderate (11-20km)
52780,0,25,Computer,3,35,Debit Card,Male,2,3,Mobile,1,Married,3,0,15,1,1,0,134.82,1.0,1.2,1-5 Yrs,Far (21-50km)
52781,0,17,Mobile,1,13,Credit Card,Male,2,3,Mobile,1,Single,7,1,12,1,1,2,124.36000000000001,1.0,1.2,1-5 Yrs,Moderate (11-20km)
52782,0,0,Mobile,3,14,Credit Card,Male,2,3,Mobile,5,Single,2,1,11,1,1,2,123.80000000000001,1.0,1.2,0-3 Mos (High Risk),Moderate (11-20km)
52783,0,12,Computer,1,15,Debit Card,Male,2,3,Others,1,Single,3,0,15,1,1,3,294.31,1.0,1.2,4-12 Mos,Moderate (11-20km)
52784,1,3,Computer,3,15,E wallet,Male,2,3,Mobile,5,Married,2,0,19,1,1,0,117.9,1.0,1.2,0-3 Mos (High Risk),Moderate (11-20km)
52785,0,9,Mobile,3,9,Credit Card,Female,3,4,Fashion,1,Married,1,0,19,0,3,4,176.44,1.0,1.2,4-12 Mos,Close (0-10km)
52786,0,9,Computer,1,10,Debit Card,Female,3,3,Laptop & Accessory,4,Married,8,0,13,0,1,2,151.31,1.0,1.2,4-12 Mos,Close (0-10km)
52787,0,29,Computer,1,7,Debit Card,Male,2,3,Laptop & Accessory,3,Married,2,0,21,0,1,9,163.06,1.0,1.2,1-5 Yrs,Close (0-10km)
52788,1,0,Mobile,1,7,Credit Card,Male,2,3,Mobile,1,Married,10,1,14,2,2,2,147.87,1.0,1.2,0-3 Mos (High Risk),Close (0-10km)
52789,0,15,Mobile,1,8,Debit Card,Male,2,3,Others,3,Married,6,0,11,1,4,14,288.8,1.0,1.2,1-5 Yrs,Close (0-10km)
52790,1,19,Mobile,1,13,Cash on Delivery,Male,3,3,Mobile,3,Married,9,0,11,6,9,8,123.38999999999999,1.0,1.2,1-5 Yrs,Moderate (11-20km)
52791,0,14,Mobile,1,34,Debit Card,Female,2,4,Grocery,4,Married,1,0,23,1,4,10,235.7,1.0,1.2,1-5 Yrs,Far (21-50km)
52792,0,7,Mobile,3,34,E wallet,Female,3,4,Laptop & Accessory,3,Married,2,0,21,1,1,7,167.12,1.0,1.2,4-12 Mos,Far (21-50km)
52793,0,9,Computer,3,21,E wallet,Male,2,5,Laptop & Accessory,1,Married,2,0,24,5,11,11,154.06,1.0,1.2,4-12 Mos,Far (21-50km)
52794,0,14,Mobile,3,9,Debit Card,Male,2,4,Laptop & Accessory,4,Married,3,0,11,1,1,4,189.38,1.0,1.2,1-5 Yrs,Close (0-10km)
52795,0,5,Mobile,1,13,Cash on Delivery,Male,3,3,Mobile,5,Single,2,0,14,0,1,2,124.38999999999999,1.0,1.2,4-12 Mos,Moderate (11-20km)
52796,0,8,Mobile,2,32,Debit Card,Female,2,3,Fashion,1,Single,2,1,16,1,1,7,188.37,1.0,1.2,4-12 Mos,Far (21-50km)
52797,0,11,Mobile,3,16,Debit Card,Female,3,3,Laptop & Accessory,1,Married,2,0,11,0,1,9,153.43,1.0,1.2,4-12 Mos,Moderate (11-20km)
52798,1,13,Computer,3,7,Debit Card,Male,3,3,Laptop & Accessory,3,Married,8,0,12,1,1,1,167.28,1.0,1.2,1-5 Yrs,Close (0-10km)
52799,0,9,Mobile,3,17,E wallet,Female,3,4,Laptop & Accessory,1,Married,5,0,13,1,1,0,166.52,1.0,1.2,4-12 Mos,Moderate (11-20km)
52800,0,18,Mobile,3,26,Debit Card,Female,2,3,Laptop & Accessory,3,Single,9,0,15,0,1,1,148.5,1.0,1.2,1-5 Yrs,Far (21-50km)
52801,0,13,Mobile,1,8,Debit Card,Male,3,4,Mobile,3,Single,3,0,14,0,2,2,128.09,1.0,1.2,1-5 Yrs,Close (0-10km)
52802,0,8,Computer,1,24,Debit Card,Male,3,3,Laptop & Accessory,3,Married,2,1,14,0,1,2,156.89,1.0,1.2,4-12 Mos,Far (21-50km)
52803,0,3,Mobile,1,8,Credit Card,Female,3,3,Mobile,3,Married,3,0,14,0,1,2,120.00999999999999,1.0,1.2,0-3 Mos (High Risk),Close (0-10km)
52804,0,8,Mobile,1,7,Debit Card,Female,3,5,Mobile,1,Married,2,0,12,1,1,1,129.77,1.0,1.2,4-12 Mos,Close (0-10km)
52805,0,2,Mobile,1,19,UPI,Male,2,4,Laptop & Accessory,4,Married,5,1,13,0,1,3,140.25,1.0,1.2,0-3 Mos (High Risk),Moderate (11-20km)
52806,0,2,Mobile,1,34,Credit Card,Female,3,4,Mobile,5,Single,2,0,14,0,1,4,137.85,1.0,1.2,0-3 Mos (High Risk),Far (21-50km)
52807,1,13,Mobile,3,34,E wallet,Male,2,4,Fashion,5,Married,5,1,13,2,2,0,208.54000000000002,1.0,1.2,1-5 Yrs,Far (21-50km)
52808,0,12,Mobile,3,30,E wallet,Female,2,4,Grocery,1,Married,1,0,11,3,9,3,220.31,1.0,1.2,4-12 Mos,Far (21-50km)
52809,0,4,Computer,1,11,Credit Card,Male,3,3,Laptop & Accessory,5,Single,1,0,19,1,1,7,199.36,1.0,1.2,4-12 Mos,Moderate (11-20km)
52810,0,0,Mobile,3,11,UPI,Female,3,4,Mobile,3,Single,1,0,18,1,1,0,129.66,1.0,1.2,0-3 Mos (High Risk),Moderate (11-20km)
52811,0,9,Computer,1,13,Credit Card,Male,2,1,Laptop & Accessory,1,Married,5,0,17,0,1,3,125.71000000000001,1.0,1.2,4-12 Mos,Moderate (11-20km)
52812,0,12,Mobile,1,12,Credit Card,Male,2,4,Fashion,5,Married,5,0,15,0,1,7,199.91,1.0,1.2,4-12 Mos,Moderate (11-20km)
52813,0,0,Mobile,1,10,Debit Card,Male,2,1,Laptop & Accessory,4,Married,2,1,20,0,1,3,161.42,1.0,1.2,0-3 Mos (High Risk),Close (0-10km)
52814,0,22,Computer,3,8,Credit Card,Male,3,4,Laptop & Accessory,4,Married,3,0,14,1,1,8,153.9,1.0,1.2,1-5 Yrs,Close (0-10km)
52815,0,7,Mobile,1,14,Credit Card,Male,2,1,Laptop & Accessory,3,Married,3,0,12,1,1,2,144.04,1.0,1.2,4-12 Mos,Moderate (11-20km)
52816,1,5,Mobile,3,7,Debit Card,Female,4,4,Laptop & Accessory,2,Single,10,1,12,2,2,6,184.93,1.0,1.2,4-12 Mos,Close (0-10km)
52817,1,1,Mobile,1,9,UPI,Male,4,5,Mobile,3,Single,8,1,16,1,2,1,145.9,1.0,1.2,0-3 Mos (High Risk),Close (0-10km)
52818,1,1,Mobile,1,31,Debit Card,Male,3,5,Mobile,3,Single,7,1,15,1,2,4,145.28,1.0,1.2,0-3 Mos (High Risk),Far (21-50km)
52819,1,1,Mobile,3,16,Debit Card,Male,3,5,Laptop & Accessory,5,Single,9,0,24,1,2,4,159.07,1.0,1.2,0-3 Mos (High Risk),Moderate (11-20km)
52820,1,1,Mobile,1,13,Credit Card,Male,3,4,Mobile,5,Single,4,0,12,2,2,4,154.6,1.0,1.2,0-3 Mos (High Risk),Moderate (11-20km)
52821,1,1,Computer,1,23,Debit Card,Female,4,6,Mobile,5,Single,3,1,23,5,7,8,164.19,2.0,2.4,0-3 Mos (High Risk),Far (21-50km)
52822,1,3,Mobile,3,12,Cash on Delivery,Male,3,4,Laptop & Accessory,2,Divorced,5,0,15,1,2,1,145.86,1.0,1.2,0-3 Mos (High Risk),Moderate (11-20km)
52823,1,1,Mobile,1,7,Credit Card,Male,4,4,Mobile,2,Divorced,4,1,17,3,3,1,147.93,1.0,1.2,0-3 Mos (High Risk),Close (0-10km)
52824,1,14,Mobile,3,10,E wallet,Male,3,5,Mobile,3,Divorced,3,1,15,1,2,3,151.83,1.0,1.2,1-5 Yrs,Close (0-10km)
52825,1,1,Mobile,1,32,Debit Card,Male,3,6,Mobile,3,Single,3,0,13,2,2,2,147.93,1.0,1.2,0-3 Mos (High Risk),Far (21-50km)
52826,1,5,Mobile,1,19,Cash on Delivery,Female,3,4,Others,3,Divorced,3,0,15,10,16,9,320.45,1.0,1.2,4-12 Mos,Moderate (11-20km)
52827,1,12,Mobile,1,7,Debit Card,Male,4,5,Fashion,3,Single,11,1,14,1,2,1,178.81,1.0,1.2,4-12 Mos,Close (0-10km)
52828,1,1,Mobile,1,12,Cash on Delivery,Male,3,4,Mobile,3,Single,3,1,14,3,3,3,159.41,1.0,1.2,0-3 Mos (High Risk),Moderate (11-20km)
52829,1,1,Mobile,1,16,Credit Card,Male,4,5,Mobile,3,Divorced,2,1,18,1,2,1,158.88,1.0,1.2,0-3 Mos (High Risk),Moderate (11-20km)
52830,1,10,Mobile,3,16,Credit Card,Male,4,5,Fashion,2,Single,3,0,17,1,5,3,221.19,1.0,1.2,4-12 Mos,Moderate (11-20km)
52831,1,1,Mobile,2,13,UPI,Male,4,4,Mobile,5,Married,6,1,23,2,2,3,145.73,1.0,1.2,0-3 Mos (High Risk),Moderate (11-20km)
52832,1,1,Computer,1,13,Debit Card,Female,4,5,Mobile,2,Single,3,1,19,2,2,1,154.26,1.0,1.2,0-3 Mos (High Risk),Moderate (11-20km)
52833,1,1,Mobile,3,12,E wallet,Male,3,5,Laptop & Accessory,3,Single,3,1,12,2,2,4,182.44,1.0,1.2,0-3 Mos (High Risk),Moderate (11-20km)
52834,1,1,Computer,1,14,Debit Card,Male,4,6,Laptop & Accessory,3,Single,3,1,25,2,2,7,185.74,1.0,1.2,0-3 Mos (High Risk),Moderate (11-20km)
52835,1,20,Mobile,1,21,Debit Card,Female,4,4,Mobile,4,Divorced,11,1,19,2,5,4,174.63,1.0,1.2,1-5 Yrs,Far (21-50km)
52836,1,1,Mobile,3,13,Debit Card,Male,4,6,Laptop & Accessory,3,Divorced,6,1,19,7,8,8,186.72,2.0,2.4,0-3 Mos (High Risk),Moderate (11-20km)
52837,1,21,Mobile,1,30,Credit Card,Female,4,4,Fashion,2,Divorced,3,0,13,12,16,3,228.12,1.0,1.2,1-5 Yrs,Far (21-50km)
52838,1,1,Mobile,3,29,E wallet,Male,3,4,Mobile,3,Single,3,1,20,1,2,1,141.75,1.0,1.2,0-3 Mos (High Risk),Far (21-50km)
52839,1,1,Mobile,3,27,Debit Card,Female,4,6,Laptop & Accessory,3,Divorced,5,1,12,2,3,3,170.59,1.0,1.2,0-3 Mos (High Risk),Far (21-50km)
52840,1,15,Computer,1,15,Debit Card,Male,3,6,Fashion,2,Single,4,0,16,1,2,4,231.5,1.0,1.2,1-5 Yrs,Moderate (11-20km)
52841,1,1,Mobile,1,16,Credit Card,Female,3,4,Mobile,5,Single,9,0,23,2,2,5,167.0,1.0,1.2,0-3 Mos (High Risk),Moderate (11-20km)
52842,0,9,Mobile,3,7,E wallet,Male,4,4,Fashion,4,Divorced,3,0,14,2,2,7,197.95,1.0,1.2,4-12 Mos,Close (0-10km)
52843,0,27,Mobile,3,13,E wallet,Male,3,4,Laptop & Accessory,3,Divorced,4,1,21,1,5,6,148.06,1.0,1.2,1-5 Yrs,Moderate (11-20km)
52844,0,19,Mobile,1,16,Debit Card,Male,3,4,Laptop & Accessory,4,Married,10,0,19,2,2,16,148.48,1.0,1.2,1-5 Yrs,Moderate (11-20km)
52845,0,6,Computer,3,15,E wallet,Female,3,4,Fashion,2,Single,3,0,15,3,4,3,214.98,1.0,1.2,4-12 Mos,Moderate (11-20km)
52846,0,3,Computer,1,7,Cash on Delivery,Male,3,4,Laptop & Accessory,3,Divorced,3,0,14,1,2,10,168.19,1.0,1.2,0-3 Mos (High Risk),Close (0-10km)
52847,0,1,Mobile,1,14,Credit Card,Male,3,5,Laptop & Accessory,3,Divorced,4,0,18,2,2,1,186.32,1.0,1.2,0-3 Mos (High Risk),Moderate (11-20km)
52848,0,31,Mobile,1,16,Credit Card,Female,4,5,Mobile,4,Divorced,6,1,21,2,2,1,158.46,1.0,1.2,1-5 Yrs,Moderate (11-20km)
52849,0,14,Mobile,3,11,E wallet,Male,4,5,Fashion,2,Divorced,9,0,12,3,2,12,233.55,1.0,1.2,1-5 Yrs,Moderate (11-20km)
52850,0,8,Computer,3,9,E wallet,Female,4,4,Mobile,3,Divorced,8,0,19,2,2,3,147.31,1.0,1.2,4-12 Mos,Close (0-10km)
52851,0,1,Mobile,1,26,Credit Card,Male,4,4,Mobile,2,Divorced,3,0,25,1,3,3,148.23,1.0,1.2,0-3 Mos (High Risk),Far (21-50km)
52852,0,1,Computer,1,16,Credit Card,Male,3,4,Mobile,4,Married,8,0,19,1,3,3,145.24,1.0,1.2,0-3 Mos (High Risk),Moderate (11-20km)
52853,0,2,Mobile,1,28,Credit Card,Male,3,4,Mobile,2,Divorced,3,0,12,1,2,3,152.13,1.0,1.2,0-3 Mos (High Risk),Far (21-50km)
52854,0,31,Mobile,1,31,Debit Card,Male,3,3,Fashion,2,Married,5,1,17,2,2,3,219.39,1.0,1.2,1-5 Yrs,Far (21-50km)
52855,0,1,Computer,1,10,Credit Card,Male,4,5,Mobile,3,Married,3,1,16,1,2,2,150.66,1.0,1.2,0-3 Mos (High Risk),Close (0-10km)
52856,0,24,Mobile,1,18,Debit Card,Female,3,4,Others,4,Single,5,0,16,3,5,5,324.26,1.0,1.2,1-5 Yrs,Moderate (11-20km)
52857,0,15,Mobile,1,21,Debit Card,Male,3,4,Mobile,3,Married,6,0,13,2,2,9,149.51,1.0,1.2,1-5 Yrs,Far (21-50km)
52858,0,4,Mobile,3,12,Debit Card,Female,3,4,Fashion,2,Divorced,4,0,13,3,8,3,219.19,1.0,1.2,4-12 Mos,Moderate (11-20km)
52859,0,12,Mobile,3,7,Debit Card,Female,3,5,Laptop & Accessory,2,Single,6,0,23,2,2,3,211.86,1.0,1.2,4-12 Mos,Close (0-10km)
52860,0,6,Mobile,1,13,Debit Card,Male,3,4,Mobile,3,Single,5,0,21,1,2,5,155.38,1.0,1.2,4-12 Mos,Moderate (11-20km)
52861,0,1,Mobile,1,24,Cash on Delivery,Male,3,4,Mobile,4,Divorced,2,1,17,2,2,2,155.58,1.0,1.2,0-3 Mos (High Risk),Far (21-50km)
52862,1,1,Computer,3,7,Cash on Delivery,Female,4,6,Mobile,5,Single,2,0,22,2,2,1,148.25,1.0,1.2,0-3 Mos (High Risk),Close (0-10km)
52863,0,10,Computer,1,10,Credit Card,Male,2,4,Mobile,4,Single,6,0,13,5,8,3,145.88,1.0,1.2,4-12 Mos,Close (0-10km)
52864,0,4,Computer,1,16,Credit Card,Male,4,4,Laptop & Accessory,5,Married,3,0,12,1,7,11,155.72,1.0,1.2,4-12 Mos,Moderate (11-20km)
52865,0,19,Mobile,3,11,Debit Card,Female,2,4,Laptop & Accessory,5,Married,6,1,12,1,2,4,175.06,1.0,1.2,1-5 Yrs,Moderate (11-20km)
52866,0,30,Mobile,1,15,Debit Card,Female,4,4,Mobile,5,Married,6,1,19,2,3,3,167.57,1.0,1.2,1-5 Yrs,Moderate (11-20km)
52867,0,7,Mobile,1,9,Debit Card,Male,3,4,Mobile,2,Single,2,0,15,1,2,3,150.0,1.0,1.2,4-12 Mos,Close (0-10km)
52868,1,1,Mobile,1,9,Debit Card,Male,3,5,Mobile,2,Single,3,0,23,1,2,1,136.02,1.0,1.2,0-3 Mos (High Risk),Close (0-10km)
52869,0,20,Mobile,3,7,E wallet,Female,4,4,Fashion,5,Married,3,0,26,5,16,3,229.53,1.0,1.2,1-5 Yrs,Close (0-10km)
52870,0,12,Mobile,1,16,Debit Card,Female,4,4,Mobile,2,Single,3,0,13,2,3,2,147.88,1.0,1.2,4-12 Mos,Moderate (11-20km)
52871,0,5,Mobile,1,19,Credit Card,Female,4,4,Mobile,2,Divorced,10,1,24,2,2,3,164.29,1.0,1.2,4-12 Mos,Moderate (11-20km)
52872,0,8,Mobile,1,34,Credit Card,Female,4,4,Mobile,4,Single,4,0,16,2,2,3,148.11,1.0,1.2,4-12 Mos,Far (21-50km)
52873,1,5,Mobile,3,27,E wallet,Female,4,4,Mobile,4,Single,3,1,23,1,2,3,156.4,1.0,1.2,4-12 Mos,Far (21-50km)
52874,0,24,Mobile,1,7,Credit Card,Male,3,5,Mobile,3,Divorced,4,0,16,1,2,3,161.9,1.0,1.2,1-5 Yrs,Close (0-10km)
52875,0,27,Mobile,1,20,Credit Card,Female,3,3,Laptop & Accessory,5,Married,3,0,12,2,2,4,169.5,1.0,1.2,1-5 Yrs,Moderate (11-20km)
52876,0,7,Mobile,1,21,Credit Card,Female,4,4,Mobile,4,Divorced,3,0,14,1,2,7,152.56,1.0,1.2,4-12 Mos,Far (21-50km)
52877,0,14,Mobile,1,11,Credit Card,Female,3,4,Others,3,Divorced,3,0,15,1,10,10,315.33,1.0,1.2,1-5 Yrs,Moderate (11-20km)
52878,0,29,Mobile,1,21,Credit Card,Male,4,3,Others,4,Single,10,0,15,1,3,16,312.22,1.0,1.2,1-5 Yrs,Far (21-50km)
52879,0,8,Computer,1,9,Debit Card,Male,3,5,Laptop & Accessory,3,Divorced,3,0,18,1,2,3,220.47,1.0,1.2,4-12 Mos,Close (0-10km)
52880,0,25,Mobile,1,10,Credit Card,Female,4,4,Grocery,4,Single,5,0,19,1,2,1,262.34,1.0,1.2,1-5 Yrs,Close (0-10km)
52881,0,26,Mobile,1,7,Debit Card,Male,4,5,Others,3,Divorced,2,0,15,2,12,10,324.99,1.0,1.2,1-5 Yrs,Close (0-10km)
52882,0,1,Mobile,1,16,Credit Card,Female,3,4,Mobile,4,Single,3,0,17,2,2,4,147.79,1.0,1.2,0-3 Mos (High Risk),Moderate (11-20km)
52883,1,1,Mobile,1,30,Debit Card,Male,3,5,Laptop & Accessory,3,Divorced,5,1,14,2,2,2,184.16,1.0,1.2,0-3 Mos (High Risk),Far (21-50km)
52884,0,17,Computer,1,14,Credit Card,Male,3,3,Mobile,2,Married,6,0,15,1,3,3,145.89,1.0,1.2,1-5 Yrs,Moderate (11-20km)
52885,0,19,Computer,1,9,Credit Card,Male,4,5,Grocery,2,Divorced,11,0,15,10,12,9,292.92,1.0,1.2,1-5 Yrs,Close (0-10km)
52886,0,11,Mobile,1,28,Debit Card,Male,4,3,Mobile,5,Divorced,3,1,13,1,2,8,160.64,1.0,1.2,4-12 Mos,Far (21-50km)
52887,0,9,Computer,1,9,Credit Card,Female,3,4,Laptop & Accessory,4,Single,7,0,12,2,2,3,169.25,1.0,1.2,4-12 Mos,Close (0-10km)
52888,0,16,Computer,1,28,Credit Card,Female,3,4,Laptop & Accessory,3,Married,4,0,17,1,2,3,177.65,1.0,1.2,1-5 Yrs,Far (21-50km)
52889,0,12,Mobile,1,9,Debit Card,Male,3,4,Laptop & Accessory,3,Divorced,11,0,15,1,2,1,190.53,1.0,1.2,4-12 Mos,Close (0-10km)
52890,0,12,Mobile,1,36,Cash on Delivery,Male,3,4,Laptop & Accessory,2,Divorced,5,0,19,1,2,8,187.61,1.0,1.2,4-12 Mos,Far (21-50km)
52891,0,1,Computer,1,7,Cash on Delivery,Male,3,5,Laptop & Accessory,5,Divorced,7,0,20,1,3,1,167.98,1.0,1.2,0-3 Mos (High Risk),Close (0-10km)
52892,0,23,Computer,1,25,Debit Card,Male,4,4,Laptop & Accessory,2,Married,3,1,16,1,2,8,193.04,1.0,1.2,1-5 Yrs,Far (21-50km)
52893,0,8,Computer,1,17,Credit Card,Male,3,4,Mobile,3,Married,3,1,18,3,3,1,163.15,1.0,1.2,4-12 Mos,Moderate (11-20km)
52894,0,14,Mobile,1,26,Credit Card,Male,3,4,Laptop & Accessory,2,Divorced,10,1,16,2,4,8,152.41,1.0,1.2,1-5 Yrs,Far (21-50km)
52895,1,2,Mobile,1,36,Credit Card,Male,4,4,Laptop & Accessory,5,Divorced,9,1,20,1,2,1,191.73,1.0,1.2,0-3 Mos (High Risk),Far (21-50km)
52896,1,1,Mobile,3,34,E wallet,Female,3,4,Fashion,2,Divorced,3,0,23,2,2,10,201.39,1.0,1.2,0-3 Mos (High Risk),Far (21-50km)
52897,0,1,Mobile,1,12,Debit Card,Male,3,3,Mobile,4,Married,3,1,17,1,3,3,148.28,1.0,1.2,0-3 Mos (High Risk),Moderate (11-20km)
52898,0,10,Computer,1,25,Credit Card,Female,4,4,Mobile,2,Single,3,0,14,2,2,8,146.53,1.0,1.2,4-12 Mos,Far (21-50km)
52899,0,14,Computer,1,16,Debit Card,Male,4,5,Laptop & Accessory,2,Divorced,11,0,15,2,2,3,173.76,1.0,1.2,1-5 Yrs,Moderate (11-20km)
52900,0,20,Mobile,1,7,Credit Card,Male,4,4,Fashion,5,Married,9,0,17,1,2,3,218.96,1.0,1.2,1-5 Yrs,Close (0-10km)
52901,1,1,Mobile,3,11,Credit Card,Male,3,6,Fashion,2,Divorced,3,0,12,8,10,3,229.0,1.0,1.2,0-3 Mos (High Risk),Moderate (11-20km)
52902,0,4,Computer,1,7,Debit Card,Male,3,5,Fashion,3,Single,3,0,23,3,6,3,209.74,1.0,1.2,4-12 Mos,Close (0-10km)
52903,0,1,Computer,3,27,Debit Card,Female,3,4,Laptop & Accessory,3,Single,3,0,15,2,2,3,224.81,1.0,1.2,0-3 Mos (High Risk),Far (21-50km)
52904,0,25,Mobile,1,15,Debit Card,Male,3,5,Fashion,4,Divorced,7,0,17,2,2,8,249.89999999999998,1.0,1.2,1-5 Yrs,Moderate (11-20km)
52905,1,1,Mobile,1,10,Cash on Delivery,Female,3,4,Mobile,5,Single,7,1,12,2,2,5,151.57,1.0,1.2,0-3 Mos (High Risk),Close (0-10km)
52906,0,15,Mobile,3,13,Debit Card,Female,4,4,Fashion,2,Single,5,1,19,1,2,1,260.91,1.0,1.2,1-5 Yrs,Moderate (11-20km)
52907,1,1,Computer,3,33,E wallet,Female,3,5,Laptop & Accessory,5,Single,7,0,16,1,2,2,191.96,1.0,1.2,0-3 Mos (High Risk),Far (21-50km)
52908,1,1,Mobile,1,7,Cash on Delivery,Male,3,4,Mobile,3,Single,2,0,15,1,2,6,145.58,1.0,1.2,0-3 Mos (High Risk),Close (0-10km)
52909,0,19,Computer,3,13,Credit Card,Female,3,5,Fashion,2,Single,8,0,13,13,13,3,213.65,1.0,1.2,1-5 Yrs,Moderate (11-20km)
52910,0,28,Mobile,3,10,E wallet,Female,3,4,Laptop & Accessory,5,Divorced,4,0,15,2,2,6,184.4,1.0,1.2,1-5 Yrs,Close (0-10km)
52911,0,10,Mobile,1,12,Debit Card,Male,4,4,Laptop & Accessory,4,Single,10,0,17,1,4,8,184.14,1.0,1.2,4-12 Mos,Moderate (11-20km)
52912,0,7,Mobile,1,11,Credit Card,Female,3,5,Mobile,4,Divorced,8,0,22,1,2,2,151.22,1.0,1.2,4-12 Mos,Moderate (11-20km)
52913,0,11,Computer,1,18,UPI,Male,3,4,Fashion,2,Married,3,1,15,1,2,8,246.85000000000002,1.0,1.2,4-12 Mos,Moderate (11-20km)
52914,0,12,Mobile,3,10,Debit Card,Male,4,4,Fashion,3,Married,2,0,13,2,6,3,231.08999999999997,1.0,1.2,4-12 Mos,Close (0-10km)
52915,0,5,Computer,1,7,Credit Card,Male,3,6,Laptop & Accessory,3,Divorced,2,0,13,2,2,5,168.45,1.0,1.2,4-12 Mos,Close (0-10km)
52916,0,31,Mobile,1,10,Debit Card,Male,4,5,Mobile,2,Divorced,5,0,18,1,2,1,146.77,1.0,1.2,1-5 Yrs,Close (0-10km)
52917,0,11,Computer,3,11,E wallet,Male,3,4,Mobile,2,Married,6,0,18,2,6,9,25.0,1.0,1.2,4-12 Mos,Moderate (11-20km)
52918,0,3,Computer,3,7,Credit Card,Female,3,4,Fashion,2,Divorced,3,0,15,5,5,2,204.18,1.0,1.2,0-3 Mos (High Risk),Close (0-10km)
52919,0,9,Computer,3,7,E wallet,Female,4,4,Fashion,3,Single,3,0,15,2,2,3,212.89,1.0,1.2,4-12 Mos,Close (0-10km)
52920,1,1,Mobile,1,25,Credit Card,Male,3,5,Mobile,2,Single,3,1,14,1,2,2,148.89,1.0,1.2,0-3 Mos (High Risk),Far (21-50km)
52921,0,26,Mobile,1,9,Debit Card,Female,3,5,Mobile,2,Single,9,0,16,1,3,3,157.12,1.0,1.2,1-5 Yrs,Close (0-10km)
52922,0,16,Mobile,1,11,Cash on Delivery,Male,3,4,Others,2,Divorced,3,0,15,1,12,16,317.32,1.0,1.2,1-5 Yrs,Moderate (11-20km)
52923,0,31,Mobile,2,13,Credit Card,Male,3,4,Mobile,3,Divorced,10,0,18,3,3,3,147.67,1.0,1.2,1-5 Yrs,Moderate (11-20km)
52924,0,24,Mobile,3,7,Credit Card,Female,4,4,Others,2,Married,5,0,15,2,2,7,320.17,1.0,1.2,1-5 Yrs,Close (0-10km)
52925,1,1,Mobile,1,21,Credit Card,Male,3,4,Mobile,2,Divorced,7,1,14,1,2,5,149.36,1.0,1.2,0-3 Mos (High Risk),Far (21-50km)
52926,0,17,Mobile,3,23,E wallet,Female,4,4,Grocery,2,Divorced,7,1,23,1,2,10,285.64,1.0,1.2,1-5 Yrs,Far (21-50km)
52927,1,1,Mobile,1,9,Debit Card,Female,3,4,Mobile,5,Divorced,9,0,21,2,2,8,152.07,1.0,1.2,0-3 Mos (High Risk),Close (0-10km)
52928,0,26,Computer,3,9,Debit Card,Male,4,5,Others,3,Single,3,1,15,8,16,13,315.68,4.0,4.8,1-5 Yrs,Close (0-10km)
52929,0,6,Mobile,3,11,Debit Card,Female,3,4,Mobile,4,Divorced,4,0,12,2,2,3,164.31,1.0,1.2,4-12 Mos,Moderate (11-20km)
52930,1,1,Mobile,1,7,Debit Card,Male,4,5,Mobile,3,Single,2,1,15,2,2,3,162.3,1.0,1.2,0-3 Mos (High Risk),Close (0-10km)
52931,0,13,Mobile,1,7,Credit Card,Female,4,4,Mobile,3,Married,9,0,15,1,2,3,147.32,1.0,1.2,1-5 Yrs,Close (0-10km)
52932,0,6,Computer,3,33,E wallet,Male,4,4,Laptop & Accessory,2,Divorced,2,0,19,2,3,3,169.65,1.0,1.2,4-12 Mos,Far (21-50km)
52933,0,15,Mobile,1,26,Debit Card,Male,3,4,Laptop & Accessory,5,Married,4,0,17,2,2,1,155.72,1.0,1.2,1-5 Yrs,Far (21-50km)
52934,0,14,Mobile,1,31,Cash on Delivery,Male,4,4,Laptop & Accessory,2,Married,3,0,18,3,5,8,158.19,1.0,1.2,1-5 Yrs,Far (21-50km)
52935,0,19,Mobile,1,7,UPI,Male,4,3,Others,2,Divorced,2,0,15,2,2,8,317.02,1.0,1.2,1-5 Yrs,Close (0-10km)
52936,0,5,Computer,1,10,Credit Card,Male,4,4,Fashion,3,Married,11,0,13,1,3,3,261.75,1.0,1.2,4-12 Mos,Close (0-10km)
52937,0,7,Mobile,1,12,Debit Card,Female,4,5,Mobile,2,Divorced,3,0,14,1,2,3,154.11,1.0,1.2,4-12 Mos,Moderate (11-20km)
52938,0,8,Mobile,1,9,Debit Card,Male,3,5,Laptop & Accessory,5,Divorced,8,0,14,1,6,10,184.57,1.0,1.2,4-12 Mos,Close (0-10km)
52939,0,11,Mobile,1,7,Credit Card,Female,3,5,Mobile,5,Divorced,4,0,15,2,2,3,164.2,1.0,1.2,4-12 Mos,Close (0-10km)
52940,0,19,Computer,1,14,Debit Card,Male,4,3,Laptop & Accessory,3,Divorced,6,0,18,1,2,3,189.34,1.0,1.2,1-5 Yrs,Moderate (11-20km)
52941,1,1,Computer,1,17,Credit Card,Male,4,4,Fashion,3,Married,8,0,12,2,2,3,225.48,1.0,1.2,0-3 Mos (High Risk),Moderate (11-20km)
52942,0,13,Computer,1,9,Cash on Delivery,Female,4,4,Fashion,3,Single,2,0,26,11,2,9,234.38,1.0,1.2,1-5 Yrs,Close (0-10km)
52943,0,3,Mobile,1,22,Debit Card,Male,3,4,Mobile,2,Single,3,0,20,1,2,6,148.4,1.0,1.2,0-3 Mos (High Risk),Far (21-50km)
52944,0,16,Mobile,1,24,Debit Card,Female,3,3,Laptop & Accessory,5,Single,5,1,14,1,2,3,190.45,1.0,1.2,1-5 Yrs,Far (21-50km)
52945,0,3,Mobile,3,27,E wallet,Male,3,4,Laptop & Accessory,2,Married,4,0,15,2,2,3,194.31,1.0,1.2,0-3 Mos (High Risk),Far (21-50km)
52946,0,1,Mobile,1,7,Debit Card,Female,4,4,Laptop & Accessory,3,Divorced,2,0,13,2,2,3,173.98,1.0,1.2,0-3 Mos (High Risk),Close (0-10km)
52947,0,16,Mobile,1,9,Credit Card,Female,3,5,Mobile,5,Married,2,1,12,5,8,9,150.93,2.0,2.4,1-5 Yrs,Close (0-10km)
52948,0,14,Mobile,1,9,Credit Card,Male,3,4,Others,3,Married,2,0,15,1,4,10,319.36,1.0,1.2,1-5 Yrs,Close (0-10km)
52949,0,25,Mobile,1,7,Debit Card,Male,4,4,Mobile,2,Divorced,3,0,12,2,2,1,152.23,1.0,1.2,1-5 Yrs,Close (0-10km)
52950,1,1,Computer,1,36,Credit Card,Male,4,5,Mobile,4,Single,2,0,12,2,2,5,159.79,1.0,1.2,0-3 Mos (High Risk),Far (21-50km)
52951,0,6,Computer,1,14,Debit Card,Male,4,3,Mobile,4,Divorced,3,0,21,1,2,4,152.94,1.0,1.2,4-12 Mos,Moderate (11-20km)
52952,0,12,Computer,3,9,Debit Card,Male,3,5,Laptop & Accessory,2,Divorced,5,0,19,7,8,6,177.49,1.0,1.2,4-12 Mos,Close (0-10km)
52953,0,6,Mobile,1,9,Cash on Delivery,Male,3,5,Laptop & Accessory,5,Single,6,0,14,1,2,5,146.76,1.0,1.2,4-12 Mos,Close (0-10km)
52954,0,20,Mobile,3,9,Cash on Delivery,Female,4,6,Grocery,4,Divorced,5,1,15,7,8,8,293.72,2.0,2.4,1-5 Yrs,Close (0-10km)
52955,1,1,Mobile,1,9,Debit Card,Male,4,4,Mobile,3,Single,4,0,12,2,2,1,159.85,1.0,1.2,0-3 Mos (High Risk),Close (0-10km)
52956,0,3,Mobile,3,9,Credit Card,Male,4,5,Laptop & Accessory,4,Divorced,4,0,20,1,2,1,191.44,1.0,1.2,0-3 Mos (High Risk),Close (0-10km)
52957,0,5,Mobile,1,30,Credit Card,Male,4,5,Laptop & Accessory,2,Divorced,2,0,22,2,8,9,180.82,1.0,1.2,4-12 Mos,Far (21-50km)
52958,0,1,Computer,1,12,Debit Card,Male,3,3,Laptop & Accessory,5,Married,3,0,13,2,2,6,165.0,1.0,1.2,0-3 Mos (High Risk),Moderate (11-20km)
52959,0,19,Mobile,1,27,Credit Card,Male,4,4,Grocery,2,Divorced,2,1,15,1,4,11,259.96,1.0,1.2,1-5 Yrs,Far (21-50km)
52960,0,10,Mobile,1,13,Debit Card,Male,3,4,Mobile,2,Divorced,2,0,12,5,11,12,157.1,1.0,1.2,4-12 Mos,Moderate (11-20km)
52961,0,29,Mobile,1,7,Credit Card,Male,3,4,Others,5,Single,2,1,15,5,5,14,315.45,1.0,1.2,1-5 Yrs,Close (0-10km)
52962,1,11,Computer,1,36,Debit Card,Male,3,4,Fashion,4,Divorced,3,1,13,6,2,10,243.49,1.0,1.2,4-12 Mos,Far (21-50km)
52963,0,2,Mobile,1,16,Credit Card,Male,4,4,Mobile,2,Divorced,3,0,24,2,2,5,145.7,1.0,1.2,0-3 Mos (High Risk),Moderate (11-20km)
52964,0,11,Mobile,3,13,Credit Card,Male,4,4,Laptop & Accessory,2,Divorced,6,0,15,1,2,2,190.02,1.0,1.2,4-12 Mos,Moderate (11-20km)
52965,0,1,Mobile,1,10,Credit Card,Male,4,5,Mobile,3,Single,3,0,18,2,2,1,157.3,1.0,1.2,0-3 Mos (High Risk),Close (0-10km)
52966,0,11,Computer,1,7,Credit Card,Female,1,4,Fashion,2,Married,4,1,19,1,2,3,261.03,1.0,1.2,4-12 Mos,Close (0-10km)
52967,0,3,Mobile,1,29,Debit Card,Female,4,3,Fashion,4,Married,9,0,19,6,2,3,244.95999999999998,1.0,1.2,0-3 Mos (High Risk),Far (21-50km)
52968,0,12,Mobile,3,14,Credit Card,Female,3,3,Laptop & Accessory,5,Married,3,1,25,1,8,8,181.05,2.0,2.4,4-12 Mos,Moderate (11-20km)
52969,0,1,Computer,1,7,Debit Card,Female,3,4,Laptop & Accessory,4,Married,3,0,21,1,2,5,188.97,1.0,1.2,0-3 Mos (High Risk),Close (0-10km)
52970,0,24,Mobile,1,11,Debit Card,Male,4,4,Others,4,Married,5,0,15,2,2,7,316.44,1.0,1.2,1-5 Yrs,Moderate (11-20km)
52971,0,27,Mobile,1,10,Credit Card,Male,3,4,Grocery,3,Divorced,5,1,15,1,2,4,300.84,1.0,1.2,1-5 Yrs,Close (0-10km)
52972,0,16,Mobile,3,7,Debit Card,Male,3,4,Laptop & Accessory,3,Divorced,3,0,26,5,12,7,174.07,1.0,1.2,1-5 Yrs,Close (0-10km)
52973,0,3,Computer,3,9,Debit Card,Male,3,4,Laptop & Accessory,2,Single,3,0,19,1,2,10,170.54,1.0,1.2,0-3 Mos (High Risk),Close (0-10km)
52974,0,29,Mobile,1,27,Cash on Delivery,Male,3,4,Laptop & Accessory,2,Divorced,5,1,20,2,2,9,179.15,1.0,1.2,1-5 Yrs,Far (21-50km)
52975,0,1,Computer,1,18,Credit Card,Male,3,4,Laptop & Accessory,5,Divorced,3,1,14,3,4,4,172.41,1.0,1.2,0-3 Mos (High Risk),Moderate (11-20km)
52976,0,11,Mobile,1,7,Debit Card,Female,3,4,Mobile,2,Single,3,0,13,2,6,8,146.15,1.0,1.2,4-12 Mos,Close (0-10km)
52977,1,8,Computer,1,31,Debit Card,Male,3,4,Mobile,3,Married,5,1,23,1,2,1,156.61,1.0,1.2,4-12 Mos,Far (21-50km)
52978,0,12,Mobile,1,30,Debit Card,Male,3,4,Laptop & Accessory,2,Married,11,0,15,1,2,3,182.45,1.0,1.2,4-12 Mos,Far (21-50km)
52979,1,1,Mobile,1,23,Credit Card,Male,3,4,Mobile,4,Married,4,1,14,2,2,3,148.73,1.0,1.2,0-3 Mos (High Risk),Far (21-50km)
52980,0,2,Mobile,1,15,Debit Card,Female,4,4,Mobile,2,Single,3,0,22,1,2,3,158.1,1.0,1.2,0-3 Mos (High Risk),Moderate (11-20km)
52981,0,23,Computer,1,17,Debit Card,Female,3,4,Others,5,Single,11,1,15,1,2,3,311.65,1.0,1.2,1-5 Yrs,Moderate (11-20km)
52982,0,10,Mobile,1,10,Cash on Delivery,Male,2,4,Laptop & Accessory,4,Single,6,0,13,7,8,8,169.85,1.0,1.2,4-12 Mos,Close (0-10km)
52983,0,5,Computer,3,12,E wallet,Female,3,4,Mobile,4,Married,3,0,12,1,3,3,152.89,1.0,1.2,4-12 Mos,Moderate (11-20km)
52984,1,1,Mobile,3,11,E wallet,Male,3,5,Laptop & Accessory,2,Single,3,1,13,8,8,5,183.28,2.0,2.4,0-3 Mos (High Risk),Moderate (11-20km)
52985,0,11,Computer,1,16,Credit Card,Male,3,4,Mobile,2,Divorced,3,1,13,1,2,3,148.26,1.0,1.2,4-12 Mos,Moderate (11-20km)
52986,0,16,Computer,3,33,E wallet,Female,4,4,Grocery,4,Divorced,7,0,15,3,4,9,260.25,1.0,1.2,1-5 Yrs,Far (21-50km)
52987,1,1,Mobile,1,10,Debit Card,Male,3,4,Mobile,3,Single,3,0,14,1,2,1,139.2,1.0,1.2,0-3 Mos (High Risk),Close (0-10km)
52988,0,9,Mobile,3,23,E wallet,Male,4,4,Fashion,4,Divorced,2,0,16,4,7,10,205.2,1.0,1.2,4-12 Mos,Far (21-50km)
52989,0,10,Computer,1,25,Debit Card,Male,3,3,Mobile,2,Divorced,6,0,19,1,2,1,161.88,1.0,1.2,4-12 Mos,Far (21-50km)
52990,0,25,Mobile,1,9,Credit Card,Male,3,6,Laptop & Accessory,4,Married,7,0,19,1,2,3,179.82,1.0,1.2,1-5 Yrs,Close (0-10km)
52991,0,15,Mobile,3,9,Debit Card,Male,3,4,Grocery,4,Single,3,0,20,1,2,5,285.15,1.0,1.2,1-5 Yrs,Close (0-10km)
52992,0,1,Mobile,3,17,Credit Card,Female,4,5,Mobile,3,Single,3,0,13,2,2,1,137.0,1.0,1.2,0-3 Mos (High Risk),Moderate (11-20km)
52993,0,2,Mobile,1,23,Credit Card,Male,4,3,Laptop & Accessory,5,Single,2,0,20,1,2,8,181.61,1.0,1.2,0-3 Mos (High Risk),Far (21-50km)
52994,0,5,Mobile,3,14,Cash on Delivery,Male,4,3,Laptop & Accessory,2,Divorced,6,0,12,4,8,8,194.29,1.0,1.2,4-12 Mos,Moderate (11-20km)
52995,0,13,Mobile,1,7,Credit Card,Male,3,3,Fashion,2,Married,2,0,18,4,4,3,221.13,1.0,1.2,1-5 Yrs,Close (0-10km)
52996,0,10,Computer,1,31,Debit Card,Female,3,4,Laptop & Accessory,4,Divorced,9,0,16,1,2,9,181.74,1.0,1.2,4-12 Mos,Far (21-50km)
52997,0,6,Mobile,3,14,Debit Card,Male,4,5,Laptop & Accessory,3,Divorced,3,0,15,2,5,9,179.84,1.0,1.2,4-12 Mos,Moderate (11-20km)
52998,0,12,Mobile,1,32,Debit Card,Female,3,5,Fashion,4,Divorced,5,0,18,2,2,2,245.61,1.0,1.2,4-12 Mos,Far (21-50km)
52999,0,31,Computer,1,7,Debit Card,Male,3,6,Laptop & Accessory,3,Married,4,1,14,2,2,3,181.6,1.0,1.2,1-5 Yrs,Close (0-10km)
53000,0,5,Mobile,1,12,Cash on Delivery,Male,3,4,Mobile,2,Divorced,2,1,13,1,2,4,173.21,1.0,1.2,4-12 Mos,Moderate (11-20km)
53001,0,5,Mobile,2,9,UPI,Male,4,5,Laptop & Accessory,5,Divorced,5,0,13,1,2,1,189.1,1.0,1.2,4-12 Mos,Close (0-10km)
53002,0,19,Computer,1,14,Debit Card,Male,4,4,Fashion,5,Married,3,0,19,6,10,12,177.1,1.0,1.2,1-5 Yrs,Moderate (11-20km)
53003,0,5,Mobile,1,9,Debit Card,Male,3,4,Mobile,2,Married,2,1,19,2,3,3,151.95,1.0,1.2,4-12 Mos,Close (0-10km)
53004,0,7,Computer,1,12,Debit Card,Female,4,4,Fashion,4,Divorced,8,0,12,3,2,9,243.77999999999997,1.0,1.2,4-12 Mos,Moderate (11-20km)
53005,0,13,Mobile,1,17,Credit Card,Male,3,4,Grocery,5,Divorced,3,1,15,12,12,11,295.68,3.0,3.5999999999999996,1-5 Yrs,Moderate (11-20km)
53006,0,17,Computer,1,17,Debit Card,Female,3,4,Mobile,2,Single,2,0,20,1,2,8,149.55,1.0,1.2,1-5 Yrs,Moderate (11-20km)
53007,0,23,Mobile,1,7,Cash on Delivery,Female,3,5,Grocery,3,Single,9,1,13,1,2,8,264.64,1.0,1.2,1-5 Yrs,Close (0-10km)
53008,1,16,Mobile,1,15,Credit Card,Male,3,5,Laptop & Accessory,4,Divorced,4,0,16,8,8,8,174.41,1.0,1.2,1-5 Yrs,Moderate (11-20km)
53009,0,1,Mobile,1,12,Debit Card,Female,3,4,Mobile,4,Single,3,1,13,1,2,3,149.78,1.0,1.2,0-3 Mos (High Risk),Moderate (11-20km)
53010,0,6,Mobile,3,15,Cash on Delivery,Female,4,5,Laptop & Accessory,4,Divorced,3,1,12,7,12,10,177.28,3.0,3.5999999999999996,4-12 Mos,Moderate (11-20km)
53011,0,1,Mobile,3,9,Debit Card,Male,4,4,Laptop & Accessory,3,Single,3,1,12,2,2,5,169.78,1.0,1.2,0-3 Mos (High Risk),Close (0-10km)
53012,0,5,Mobile,3,14,E wallet,Male,4,4,Laptop & Accessory,2,Married,6,0,13,1,2,8,200.47,1.0,1.2,4-12 Mos,Moderate (11-20km)
53013,0,6,Mobile,1,9,Credit Card,Female,4,3,Laptop & Accessory,2,Single,9,0,17,2,2,8,175.55,1.0,1.2,4-12 Mos,Close (0-10km)
53014,1,1,Mobile,1,9,Credit Card,Male,3,6,Mobile,2,Divorced,7,1,14,3,3,3,159.64,1.0,1.2,0-3 Mos (High Risk),Close (0-10km)
53015,0,4,Mobile,1,35,Credit Card,Female,4,4,Laptop & Accessory,2,Divorced,3,0,14,1,2,10,182.75,1.0,1.2,4-12 Mos,Far (21-50km)
53016,0,5,Computer,1,14,Debit Card,Female,3,5,Fashion,3,Divorced,3,0,25,4,9,3,214.43,1.0,1.2,4-12 Mos,Moderate (11-20km)
53017,0,13,Computer,1,6,Credit Card,Male,3,5,Others,2,Divorced,3,0,15,10,14,4,317.72,1.0,1.2,1-5 Yrs,Close (0-10km)
53018,1,3,Mobile,3,10,Credit Card,Female,3,4,Laptop & Accessory,3,Divorced,6,1,19,2,2,1,177.38,1.0,1.2,0-3 Mos (High Risk),Close (0-10km)
53019,0,7,Computer,3,17,E wallet,Male,3,5,Laptop & Accessory,2,Single,5,0,15,2,2,2,171.82,1.0,1.2,4-12 Mos,Moderate (11-20km)
53020,0,21,Mobile,1,12,Debit Card,Male,3,4,Others,3,Divorced,6,0,15,1,2,2,308.0,1.0,1.2,1-5 Yrs,Moderate (11-20km)
53021,0,17,Computer,1,17,Debit Card,Female,3,5,Laptop & Accessory,3,Married,3,0,12,1,2,1,177.57,1.0,1.2,1-5 Yrs,Moderate (11-20km)
53022,0,1,Computer,3,7,E wallet,Male,4,4,Laptop & Accessory,4,Divorced,2,1,14,1,2,5,188.49,1.0,1.2,0-3 Mos (High Risk),Close (0-10km)
53023,0,28,Computer,1,27,Debit Card,Female,3,4,Laptop & Accessory,3,Single,5,0,13,2,2,4,173.69,1.0,1.2,1-5 Yrs,Far (21-50km)
53024,0,17,Mobile,1,14,Debit Card,Female,3,4,Fashion,5,Divorced,10,0,17,2,2,3,224.85,1.0,1.2,1-5 Yrs,Moderate (11-20km)
53025,0,19,Mobile,1,15,UPI,Male,4,4,Laptop & Accessory,2,Divorced,11,0,15,8,10,9,161.97,1.0,1.2,1-5 Yrs,Moderate (11-20km)
53026,0,14,Mobile,3,7,Credit Card,Male,3,6,Laptop & Accessory,2,Divorced,4,1,23,2,2,3,199.57,1.0,1.2,1-5 Yrs,Close (0-10km)
53027,1,1,Mobile,1,15,UPI,Male,4,6,Mobile,5,Divorced,3,1,12,2,2,8,146.19,1.0,1.2,0-3 Mos (High Risk),Moderate (11-20km)
53028,0,3,Mobile,1,16,UPI,Male,2,5,Mobile,2,Single,2,0,18,3,3,3,164.83,1.0,1.2,0-3 Mos (High Risk),Moderate (11-20km)
53029,0,4,Mobile,3,12,E wallet,Female,2,5,Laptop & Accessory,3,Married,3,0,14,1,2,3,186.18,1.0,1.2,4-12 Mos,Moderate (11-20km)
53030,0,1,Mobile,3,15,E wallet,Female,3,4,Laptop & Accessory,4,Divorced,3,0,19,1,2,8,187.14,1.0,1.2,0-3 Mos (High Risk),Moderate (11-20km)
53031,0,11,Mobile,1,12,Credit Card,Male,4,4,Laptop & Accessory,2,Married,9,0,17,1,2,5,188.47,1.0,1.2,4-12 Mos,Moderate (11-20km)
53032,0,12,Mobile,1,22,Debit Card,Male,4,5,Fashion,2,Married,2,1,15,2,2,10,240.10000000000002,1.0,1.2,4-12 Mos,Far (21-50km)
53033,0,5,Mobile,1,14,Credit Card,Female,3,4,Fashion,2,Single,3,1,15,3,5,11,196.43,1.0,1.2,4-12 Mos,Moderate (11-20km)
53034,0,3,Mobile,3,17,E wallet,Female,3,5,Laptop & Accessory,4,Married,3,1,15,1,2,8,207.68,1.0,1.2,0-3 Mos (High Risk),Moderate (11-20km)
53035,0,9,Mobile,1,12,Cash on Delivery,Male,4,4,Fashion,4,Single,2,0,14,1,2,14,205.95,1.0,1.2,4-12 Mos,Moderate (11-20km)
53036,0,1,Mobile,1,33,Debit Card,Male,3,4,Mobile,2,Married,3,0,13,2,2,3,154.04,1.0,1.2,0-3 Mos (High Risk),Far (21-50km)
53037,0,15,Mobile,1,13,Credit Card,Male,4,5,Laptop & Accessory,4,Single,8,1,16,2,2,3,185.32,1.0,1.2,1-5 Yrs,Moderate (11-20km)
53038,0,21,Computer,3,11,Credit Card,Male,3,4,Laptop & Accessory,3,Single,5,0,20,1,2,1,154.76,1.0,1.2,1-5 Yrs,Moderate (11-20km)
53039,0,16,Mobile,1,30,Debit Card,Female,3,4,Grocery,2,Single,4,0,15,1,2,1,284.92,1.0,1.2,1-5 Yrs,Far (21-50km)
53040,0,3,Computer,3,9,Debit Card,Male,4,4,Laptop & Accessory,3,Divorced,3,0,15,2,2,3,171.49,1.0,1.2,0-3 Mos (High Risk),Close (0-10km)
53041,0,16,Mobile,2,9,Cash on Delivery,Male,3,4,Mobile,3,Married,2,1,12,2,2,1,151.96,1.0,1.2,1-5 Yrs,Close (0-10km)
53042,0,6,Mobile,1,9,Credit Card,Female,4,4,Mobile,4,Divorced,3,0,14,1,2,8,148.7,1.0,1.2,4-12 Mos,Close (0-10km)
53043,0,22,Mobile,3,36,Credit Card,Female,4,4,Fashion,3,Divorced,5,0,22,1,2,1,250.04000000000002,1.0,1.2,1-5 Yrs,Far (21-50km)
53044,0,11,Mobile,1,13,Credit Card,Male,3,3,Laptop & Accessory,5,Married,6,1,14,3,7,8,184.74,2.0,2.4,4-12 Mos,Moderate (11-20km)
53045,0,4,Computer,3,32,Cash on Delivery,Female,3,4,Laptop & Accessory,3,Divorced,9,1,13,2,3,3,172.36,1.0,1.2,4-12 Mos,Far (21-50km)
53046,0,1,Mobile,3,7,Debit Card,Male,3,4,Laptop & Accessory,3,Divorced,3,0,18,3,8,8,177.96,1.0,1.2,0-3 Mos (High Risk),Close (0-10km)
53047,0,16,Mobile,1,9,UPI,Male,4,5,Laptop & Accessory,2,Single,5,0,24,1,2,1,192.81,1.0,1.2,1-5 Yrs,Close (0-10km)
53048,1,1,Computer,3,7,Cash on Delivery,Female,3,5,Mobile,4,Single,3,1,12,2,2,3,146.74,1.0,1.2,0-3 Mos (High Risk),Close (0-10km)
53049,0,10,Computer,3,7,Credit Card,Female,3,4,Laptop & Accessory,2,Single,6,0,16,2,2,1,191.53,1.0,1.2,4-12 Mos,Close (0-10km)
53050,0,10,Computer,3,10,Credit Card,Male,3,5,Fashion,2,Divorced,6,0,12,1,2,3,221.99,1.0,1.2,4-12 Mos,Close (0-10km)
53051,0,31,Mobile,1,7,Credit Card,Male,3,4,Laptop & Accessory,3,Divorced,4,0,12,2,2,3,192.55,1.0,1.2,1-5 Yrs,Close (0-10km)
53052,0,14,Mobile,1,17,Debit Card,Female,3,3,Mobile,3,Divorced,5,1,14,1,2,8,147.13,1.0,1.2,1-5 Yrs,Moderate (11-20km)
53053,0,1,Computer,3,16,Credit Card,Male,3,4,Mobile,2,Single,3,0,25,1,3,3,151.1,1.0,1.2,0-3 Mos (High Risk),Moderate (11-20km)
53054,1,1,Mobile,3,12,E wallet,Female,3,4,Mobile,3,Single,3,1,14,2,2,1,153.51,1.0,1.2,0-3 Mos (High Risk),Moderate (11-20km)
53055,0,11,Mobile,1,17,Credit Card,Female,4,4,Mobile,5,Divorced,8,0,21,2,2,4,159.52,1.0,1.2,4-12 Mos,Moderate (11-20km)
53056,0,20,Computer,1,14,Credit Card,Female,2,4,Laptop & Accessory,3,Divorced,4,0,15,1,2,1,177.58,1.0,1.2,1-5 Yrs,Moderate (11-20km)
53057,1,5,Computer,3,11,E wallet,Male,3,4,Laptop & Accessory,4,Single,3,0,19,8,8,3,218.55,1.0,1.2,4-12 Mos,Moderate (11-20km)
53058,0,24,Mobile,1,17,Cash on Delivery,Male,4,5,Fashion,2,Single,8,0,16,1,2,3,229.96,1.0,1.2,1-5 Yrs,Moderate (11-20km)
53059,1,4,Mobile,3,29,E wallet,Male,4,5,Laptop & Accessory,3,Divorced,4,1,13,2,2,1,188.8,1.0,1.2,4-12 Mos,Far (21-50km)
53060,0,5,Mobile,1,16,Debit Card,Male,3,5,Mobile,4,Single,2,1,17,2,3,3,151.57,1.0,1.2,4-12 Mos,Moderate (11-20km)
53061,1,1,Mobile,3,19,Debit Card,Female,3,3,Mobile,4,Single,3,0,16,1,2,1,152.16,1.0,1.2,0-3 Mos (High Risk),Moderate (11-20km)
53062,0,3,Mobile,1,30,Debit Card,Male,3,4,Mobile,2,Single,11,0,17,2,2,3,147.01,1.0,1.2,0-3 Mos (High Risk),Far (21-50km)
53063,0,9,Mobile,1,16,Debit Card,Male,4,5,Laptop & Accessory,4,Single,11,0,20,2,2,1,190.4,1.0,1.2,4-12 Mos,Moderate (11-20km)
53064,0,1,Mobile,1,7,Credit Card,Male,3,4,Mobile,4,Married,3,0,12,1,2,5,163.16,1.0,1.2,0-3 Mos (High Risk),Close (0-10km)
53065,0,2,Mobile,3,16,Debit Card,Male,4,4,Laptop & Accessory,2,Single,3,0,17,2,2,8,177.53,1.0,1.2,0-3 Mos (High Risk),Moderate (11-20km)
53066,0,23,Mobile,1,14,UPI,Male,3,5,Fashion,3,Single,10,0,25,2,2,1,170.0,1.0,1.2,1-5 Yrs,Moderate (11-20km)
53067,0,25,Mobile,3,21,Debit Card,Female,3,4,Laptop & Accessory,2,Divorced,6,0,12,1,2,8,174.36,1.0,1.2,1-5 Yrs,Far (21-50km)
53068,0,10,Mobile,1,9,Debit Card,Female,4,4,Mobile,3,Divorced,6,0,14,2,3,3,150.43,1.0,1.2,4-12 Mos,Close (0-10km)
53069,1,1,Computer,3,26,E wallet,Male,4,3,Laptop & Accessory,2,Single,10,1,14,2,2,5,178.04,1.0,1.2,0-3 Mos (High Risk),Far (21-50km)
53070,0,29,Mobile,1,9,Debit Card,Female,4,4,Grocery,2,Single,4,1,14,1,2,3,291.59,1.0,1.2,1-5 Yrs,Close (0-10km)
53071,0,1,Mobile,3,17,E wallet,Female,4,4,Laptop & Accessory,3,Married,3,1,13,1,2,4,167.6,1.0,1.2,0-3 Mos (High Risk),Moderate (11-20km)
53072,0,4,Mobile,3,9,Cash on Delivery,Male,4,4,Mobile,4,Divorced,3,0,19,2,2,1,149.76,1.0,1.2,4-12 Mos,Close (0-10km)
53073,1,1,Computer,1,10,Cash on Delivery,Male,4,4,Mobile,5,Single,2,0,23,1,2,5,156.02,1.0,1.2,0-3 Mos (High Risk),Close (0-10km)
53074,0,1,Mobile,1,18,Credit Card,Female,3,4,Mobile,4,Divorced,3,0,14,2,2,3,147.44,1.0,1.2,0-3 Mos (High Risk),Moderate (11-20km)
53075,0,10,Mobile,3,9,Credit Card,Male,4,5,Fashion,3,Divorced,3,0,14,10,10,1,200.96,1.0,1.2,4-12 Mos,Close (0-10km)
53076,1,1,Computer,1,11,Cash on Delivery,Male,3,4,Mobile,2,Single,20,1,24,2,2,1,147.85,1.0,1.2,0-3 Mos (High Risk),Moderate (11-20km)
53077,0,11,Mobile,1,21,Debit Card,Female,4,4,Mobile,5,Married,3,0,13,4,13,18,155.34,1.0,1.2,4-12 Mos,Far (21-50km)
53078,0,14,Mobile,3,9,E wallet,Female,3,4,Laptop & Accessory,4,Married,9,0,13,1,2,4,182.15,1.0,1.2,1-5 Yrs,Close (0-10km)
53079,0,16,Mobile,1,7,Debit Card,Female,4,4,Mobile,5,Married,5,0,17,2,2,3,150.76,1.0,1.2,1-5 Yrs,Close (0-10km)
53080,0,11,Mobile,1,17,Debit Card,Male,3,4,Laptop & Accessory,4,Single,4,1,13,1,2,2,166.97,1.0,1.2,4-12 Mos,Moderate (11-20km)
53081,0,17,Mobile,1,19,Debit Card,Male,3,5,Grocery,4,Married,3,0,12,1,4,10,268.36,1.0,1.2,1-5 Yrs,Moderate (11-20km)
53082,0,14,Mobile,1,9,Credit Card,Female,4,5,Laptop & Accessory,3,Divorced,8,0,23,2,2,1,159.48,1.0,1.2,1-5 Yrs,Close (0-10km)
53083,0,28,Mobile,1,12,Credit Card,Male,3,4,Others,5,Divorced,6,0,15,2,2,3,319.06,1.0,1.2,1-5 Yrs,Moderate (11-20km)
53084,0,8,Computer,3,11,E wallet,Female,4,4,Laptop & Accessory,3,Divorced,11,0,16,2,2,3,190.38,1.0,1.2,4-12 Mos,Moderate (11-20km)
53085,0,5,Mobile,1,14,Credit Card,Female,3,4,Laptop & Accessory,5,Divorced,3,0,13,4,4,13,168.06,1.0,1.2,4-12 Mos,Moderate (11-20km)
53086,0,17,Computer,1,28,Credit Card,Male,4,4,Mobile,2,Divorced,9,0,21,1,2,3,147.58,1.0,1.2,1-5 Yrs,Far (21-50km)
53087,0,17,Mobile,1,15,UPI,Female,4,4,Laptop & Accessory,3,Married,6,1,15,1,2,3,170.22,1.0,1.2,1-5 Yrs,Moderate (11-20km)
53088,0,1,Mobile,3,11,Debit Card,Female,3,5,Laptop & Accessory,2,Single,3,1,12,1,2,4,169.87,1.0,1.2,0-3 Mos (High Risk),Moderate (11-20km)
53089,0,11,Computer,1,32,Credit Card,Female,4,4,Laptop & Accessory,3,Divorced,5,1,16,4,11,8,169.49,3.0,3.5999999999999996,4-12 Mos,Far (21-50km)
53090,0,5,Mobile,1,7,Debit Card,Male,4,5,Mobile,5,Divorced,3,0,13,1,4,3,147.18,1.0,1.2,4-12 Mos,Close (0-10km)
53091,0,13,Computer,1,7,Debit Card,Male,3,4,Others,3,Married,3,1,15,1,2,7,316.97,1.0,1.2,1-5 Yrs,Close (0-10km)
53092,0,30,Computer,3,13,Debit Card,Female,3,3,Grocery,5,Divorced,11,0,12,3,4,8,257.12,1.0,1.2,1-5 Yrs,Moderate (11-20km)
53093,0,4,Mobile,3,19,Cash on Delivery,Female,3,4,Laptop & Accessory,3,Single,2,0,12,4,5,5,190.77,1.0,1.2,4-12 Mos,Moderate (11-20km)
53094,0,15,Mobile,3,7,E wallet,Male,3,3,Fashion,5,Divorced,3,0,17,2,2,8,208.92,1.0,1.2,1-5 Yrs,Close (0-10km)
53095,0,2,Mobile,1,24,Credit Card,Male,4,4,Laptop & Accessory,5,Married,3,0,13,1,2,9,170.58,1.0,1.2,0-3 Mos (High Risk),Far (21-50km)
53096,1,1,Mobile,1,10,Credit Card,Male,4,4,Mobile,5,Divorced,7,0,14,2,2,3,165.31,1.0,1.2,0-3 Mos (High Risk),Close (0-10km)
53097,0,26,Mobile,1,10,Credit Card,Male,3,5,Fashion,3,Divorced,4,1,15,1,2,5,204.69,1.0,1.2,1-5 Yrs,Close (0-10km)
53098,0,19,Mobile,1,17,Debit Card,Male,4,4,Mobile,2,Divorced,5,0,22,2,2,3,151.54,1.0,1.2,1-5 Yrs,Moderate (11-20km)
53099,0,26,Mobile,1,11,Debit Card,Female,2,4,Grocery,2,Divorced,4,0,14,1,2,5,290.55,1.0,1.2,1-5 Yrs,Moderate (11-20km)
53100,0,16,Computer,1,36,Debit Card,Female,4,4,Laptop & Accessory,3,Married,4,0,12,2,2,3,170.56,1.0,1.2,1-5 Yrs,Far (21-50km)
53101,0,4,Mobile,1,9,Debit Card,Female,3,6,Laptop & Accessory,2,Single,4,0,21,1,2,3,185.91,1.0,1.2,4-12 Mos,Close (0-10km)
53102,0,31,Mobile,1,14,Debit Card,Female,3,4,Others,5,Divorced,7,0,15,1,12,11,320.66,1.0,1.2,1-5 Yrs,Moderate (11-20km)
53103,0,20,Mobile,1,25,Credit Card,Female,3,4,Laptop & Accessory,3,Married,4,0,15,1,2,9,173.1,1.0,1.2,1-5 Yrs,Far (21-50km)
53104,0,16,Computer,1,35,Cash on Delivery,Female,3,5,Laptop & Accessory,2,Divorced,2,0,12,1,2,5,170.23,1.0,1.2,1-5 Yrs,Far (21-50km)
53105,1,1,Mobile,3,7,Cash on Delivery,Female,4,4,Mobile,4,Single,3,1,17,2,2,5,157.02,1.0,1.2,0-3 Mos (High Risk),Close (0-10km)
53106,1,1,Computer,3,13,E wallet,Female,3,6,Mobile,3,Married,2,0,17,2,2,1,148.51,1.0,1.2,0-3 Mos (High Risk),Moderate (11-20km)
53107,0,12,Computer,1,9,Debit Card,Male,3,4,Mobile,2,Divorced,3,1,24,2,2,1,142.02,1.0,1.2,4-12 Mos,Close (0-10km)
53108,0,14,Mobile,3,9,Debit Card,Female,4,4,Others,3,Divorced,2,0,15,1,2,13,305.41,1.0,1.2,1-5 Yrs,Close (0-10km)
53109,0,1,Mobile,1,30,Debit Card,Female,3,4,Mobile,2,Married,3,0,23,2,2,3,153.86,1.0,1.2,0-3 Mos (High Risk),Far (21-50km)
53110,0,4,Computer,1,10,Debit Card,Male,3,4,Mobile,2,Divorced,6,0,16,1,2,5,145.97,1.0,1.2,4-12 Mos,Close (0-10km)
53111,0,3,Mobile,1,10,Credit Card,Male,4,5,Fashion,3,Divorced,3,0,19,2,2,8,244.35000000000002,1.0,1.2,0-3 Mos (High Risk),Close (0-10km)
53112,1,1,Mobile,1,32,Cash on Delivery,Female,4,5,Mobile,4,Divorced,7,0,17,1,2,2,150.46,1.0,1.2,0-3 Mos (High Risk),Far (21-50km)
53113,1,1,Mobile,2,9,Cash on Delivery,Male,3,5,Mobile,2,Single,3,0,13,2,2,1,150.64,1.0,1.2,0-3 Mos (High Risk),Close (0-10km)
53114,0,4,Computer,3,29,UPI,Female,4,4,Fashion,5,Divorced,2,0,12,3,8,9,209.12,1.0,1.2,4-12 Mos,Far (21-50km)
53115,0,31,Mobile,3,36,E wallet,Male,3,5,Grocery,2,Married,5,0,13,1,2,1,266.18,1.0,1.2,1-5 Yrs,Far (21-50km)
53116,0,24,Mobile,1,36,Debit Card,Male,3,5,Grocery,3,Divorced,2,0,15,12,16,8,295.46,1.0,1.2,1-5 Yrs,Far (21-50km)
53117,0,4,Computer,1,9,Credit Card,Female,3,4,Mobile,2,Single,2,0,15,6,7,8,150.64,1.0,1.2,4-12 Mos,Close (0-10km)
53118,0,31,Computer,3,35,E wallet,Female,4,5,Fashion,5,Divorced,6,0,20,14,14,3,227.66,1.0,1.2,1-5 Yrs,Far (21-50km)
53119,0,21,Mobile,1,9,Credit Card,Female,4,4,Laptop & Accessory,2,Married,7,0,14,1,2,5,175.7,1.0,1.2,1-5 Yrs,Close (0-10km)
53120,0,20,Mobile,1,9,Debit Card,Male,3,4,Grocery,3,Divorced,8,0,15,1,2,2,303.61,1.0,1.2,1-5 Yrs,Close (0-10km)
53121,0,9,Mobile,1,29,Debit Card,Male,3,6,Mobile,3,Single,2,0,16,3,5,4,167.3,1.0,1.2,4-12 Mos,Far (21-50km)
53122,0,28,Mobile,1,15,Debit Card,Female,3,4,Laptop & Accessory,3,Single,9,0,12,2,2,1,162.8,1.0,1.2,1-5 Yrs,Moderate (11-20km)
53123,0,8,Mobile,1,9,Debit Card,Male,4,5,Mobile,3,Married,5,0,13,6,6,8,152.68,1.0,1.2,4-12 Mos,Close (0-10km)
53124,0,20,Mobile,3,17,E wallet,Female,4,5,Fashion,2,Divorced,4,1,20,2,2,3,215.71,1.0,1.2,1-5 Yrs,Moderate (11-20km)
53125,0,5,Mobile,1,16,Debit Card,Male,3,4,Fashion,4,Married,3,0,26,2,2,9,231.48000000000002,1.0,1.2,4-12 Mos,Moderate (11-20km)
53126,1,1,Mobile,1,22,Credit Card,Male,3,4,Fashion,3,Divorced,9,1,13,1,8,8,261.1,2.0,2.4,0-3 Mos (High Risk),Far (21-50km)
53127,1,1,Mobile,1,17,Credit Card,Male,3,6,Mobile,2,Married,9,0,14,1,2,4,159.08,1.0,1.2,0-3 Mos (High Risk),Moderate (11-20km)
53128,0,4,Mobile,3,14,E wallet,Male,3,4,Mobile,4,Single,2,0,15,2,2,3,154.83,1.0,1.2,4-12 Mos,Moderate (11-20km)
53129,0,9,Mobile,1,23,Debit Card,Male,4,4,Fashion,3,Divorced,6,1,13,1,2,1,201.32,1.0,1.2,4-12 Mos,Far (21-50km)
53130,1,1,Computer,1,27,Debit Card,Male,4,4,Fashion,3,Divorced,5,0,13,2,2,3,223.24,1.0,1.2,0-3 Mos (High Risk),Far (21-50km)
53131,1,1,Computer,2,30,UPI,Female,3,4,Fashion,5,Married,11,1,16,2,2,3,224.5,1.0,1.2,0-3 Mos (High Risk),Far (21-50km)
53132,0,16,Computer,1,12,UPI,Male,4,4,Mobile,3,Divorced,6,0,18,3,3,1,145.93,1.0,1.2,1-5 Yrs,Moderate (11-20km)
53133,0,10,Computer,3,17,Credit Card,Male,3,4,Fashion,2,Single,3,0,15,2,10,3,224.8,1.0,1.2,4-12 Mos,Moderate (11-20km)
53134,1,1,Computer,1,11,Cash on Delivery,Male,3,5,Mobile,3,Single,7,0,17,2,2,3,163.94,1.0,1.2,0-3 Mos (High Risk),Moderate (11-20km)
53135,0,22,Mobile,3,9,E wallet,Female,3,4,Laptop & Accessory,2,Divorced,4,0,15,5,7,8,165.51,1.0,1.2,1-5 Yrs,Close (0-10km)
53136,0,29,Mobile,3,25,Debit Card,Female,3,4,Grocery,4,Single,5,0,15,1,8,8,293.35,1.0,1.2,1-5 Yrs,Far (21-50km)
53137,0,15,Computer,3,17,Debit Card,Male,3,4,Laptop & Accessory,2,Single,9,0,15,1,2,11,187.3,1.0,1.2,1-5 Yrs,Moderate (11-20km)
53138,0,9,Mobile,3,7,E wallet,Male,3,4,Laptop & Accessory,3,Divorced,11,0,12,4,7,10,172.17,1.0,1.2,4-12 Mos,Close (0-10km)
53139,0,14,Mobile,1,13,Debit Card,Female,4,4,Grocery,3,Single,9,0,16,5,4,14,257.37,1.0,1.2,1-5 Yrs,Moderate (11-20km)
53140,0,13,Computer,1,15,Debit Card,Female,3,4,Mobile,3,Divorced,3,0,12,1,2,8,162.55,1.0,1.2,1-5 Yrs,Moderate (11-20km)
53141,0,5,Mobile,3,9,Debit Card,Male,4,4,Laptop & Accessory,2,Single,6,1,14,2,2,6,190.82,1.0,1.2,4-12 Mos,Close (0-10km)
53142,0,16,Mobile,1,31,Credit Card,Male,3,4,Fashion,5,Divorced,3,1,22,5,6,9,199.06,2.0,2.4,1-5 Yrs,Far (21-50km)
53143,0,19,Mobile,3,9,UPI,Male,4,4,Laptop & Accessory,4,Divorced,2,0,20,4,4,8,173.05,1.0,1.2,1-5 Yrs,Close (0-10km)
53144,1,1,Computer,2,24,Debit Card,Female,3,4,Mobile,3,Married,2,1,12,1,2,1,152.41,1.0,1.2,0-3 Mos (High Risk),Far (21-50km)
53145,0,3,Mobile,1,26,Cash on Delivery,Male,3,4,Laptop & Accessory,2,Married,6,0,13,1,2,3,167.62,1.0,1.2,0-3 Mos (High Risk),Far (21-50km)
53146,0,7,Mobile,1,7,Credit Card,Female,4,3,Grocery,3,Married,6,0,20,1,2,6,286.84,1.0,1.2,4-12 Mos,Close (0-10km)
53147,0,1,Mobile,3,14,Debit Card,Male,3,5,Fashion,2,Married,11,0,22,2,2,2,240.57,1.0,1.2,0-3 Mos (High Risk),Moderate (11-20km)
53148,1,1,Computer,3,12,E wallet,Male,4,4,Mobile,4,Single,3,1,15,2,2,1,143.78,1.0,1.2,0-3 Mos (High Risk),Moderate (11-20km)
53149,0,14,Computer,3,35,UPI,Male,3,6,Fashion,5,Married,5,0,16,2,2,2,234.32,1.0,1.2,1-5 Yrs,Far (21-50km)
53150,0,15,Computer,1,9,UPI,Female,4,5,Laptop & Accessory,3,Single,4,1,18,1,2,8,193.11,1.0,1.2,1-5 Yrs,Close (0-10km)
53151,0,1,Mobile,3,36,Credit Card,Male,3,4,Laptop & Accessory,3,Married,7,0,13,2,2,1,168.06,1.0,1.2,0-3 Mos (High Risk),Far (21-50km)
53152,0,9,Mobile,3,7,Credit Card,Female,4,4,Laptop & Accessory,3,Single,3,0,17,1,2,4,173.59,1.0,1.2,4-12 Mos,Close (0-10km)
53153,0,8,Mobile,3,28,Debit Card,Male,4,3,Laptop & Accessory,2,Single,3,0,13,6,6,8,178.37,1.0,1.2,4-12 Mos,Far (21-50km)
53154,1,1,Mobile,1,31,Cash on Delivery,Male,4,6,Mobile,2,Single,3,1,19,2,2,1,148.4,1.0,1.2,0-3 Mos (High Risk),Far (21-50km)
53155,0,11,Mobile,1,7,Cash on Delivery,Female,3,4,Fashion,2,Single,6,0,18,2,2,3,199.91,1.0,1.2,4-12 Mos,Close (0-10km)
53156,0,20,Computer,1,25,Credit Card,Female,3,4,Fashion,3,Divorced,7,0,12,2,2,3,230.27,1.0,1.2,1-5 Yrs,Far (21-50km)
53157,0,15,Mobile,3,9,Debit Card,Female,4,4,Grocery,5,Divorced,9,0,17,1,12,9,290.95,1.0,1.2,1-5 Yrs,Close (0-10km)
53158,0,11,Computer,3,16,Credit Card,Male,4,4,Fashion,4,Married,3,0,14,7,8,3,213.34,1.0,1.2,4-12 Mos,Moderate (11-20km)
53159,0,26,Mobile,1,13,Cash on Delivery,Male,4,4,Laptop & Accessory,5,Married,5,1,13,3,7,10,180.77,2.0,2.4,1-5 Yrs,Moderate (11-20km)
53160,1,1,Computer,3,18,UPI,Male,3,3,Laptop & Accessory,3,Divorced,10,0,13,2,2,3,172.07,1.0,1.2,0-3 Mos (High Risk),Moderate (11-20km)
53161,0,1,Computer,3,31,Credit Card,Male,3,4,Mobile,2,Divorced,2,0,14,1,3,2,149.0,1.0,1.2,0-3 Mos (High Risk),Far (21-50km)
53162,0,12,Mobile,1,17,Credit Card,Female,4,4,Laptop & Accessory,3,Divorced,5,0,20,2,2,3,223.24,1.0,1.2,4-12 Mos,Moderate (11-20km)
53163,0,11,Mobile,1,7,Debit Card,Female,4,4,Laptop & Accessory,4,Divorced,8,0,13,4,5,4,189.47,1.0,1.2,4-12 Mos,Close (0-10km)
53164,0,23,Mobile,1,25,Debit Card,Male,3,5,Others,3,Married,3,1,15,1,2,10,320.02,1.0,1.2,1-5 Yrs,Far (21-50km)
53165,0,1,Mobile,1,30,Credit Card,Male,3,3,Mobile,2,Divorced,3,1,12,1,2,5,152.25,1.0,1.2,0-3 Mos (High Risk),Far (21-50km)
53166,0,1,Mobile,3,35,E wallet,Male,4,4,Laptop & Accessory,4,Divorced,3,0,21,2,2,5,187.72,1.0,1.2,0-3 Mos (High Risk),Far (21-50km)
53167,0,1,Mobile,1,24,UPI,Male,4,5,Mobile,4,Divorced,3,0,22,2,2,1,146.27,1.0,1.2,0-3 Mos (High Risk),Far (21-50km)
53168,0,24,Computer,2,10,Credit Card,Male,3,4,Others,4,Divorced,3,0,15,7,11,8,307.0,1.0,1.2,1-5 Yrs,Close (0-10km)
53169,0,1,Mobile,3,20,Credit Card,Male,3,4,Mobile,3,Divorced,3,0,12,2,2,7,145.96,1.0,1.2,0-3 Mos (High Risk),Moderate (11-20km)
53170,1,1,Computer,1,14,Debit Card,Female,3,4,Mobile,3,Divorced,3,1,17,1,2,3,153.86,1.0,1.2,0-3 Mos (High Risk),Moderate (11-20km)
53171,1,1,Computer,3,19,Debit Card,Male,4,5,Mobile,5,Divorced,3,0,19,2,2,1,145.33,1.0,1.2,0-3 Mos (High Risk),Moderate (11-20km)
53172,0,8,Mobile,1,7,Debit Card,Male,3,5,Mobile,2,Divorced,3,1,14,1,2,4,161.22,1.0,1.2,4-12 Mos,Close (0-10km)
53173,1,1,Mobile,3,20,Credit Card,Male,3,4,Laptop & Accessory,5,Married,4,0,18,1,2,3,167.33,1.0,1.2,0-3 Mos (High Risk),Moderate (11-20km)
53174,0,9,Mobile,1,32,UPI,Male,3,5,Laptop & Accessory,2,Single,6,0,15,1,2,3,161.81,1.0,1.2,4-12 Mos,Far (21-50km)
53175,0,5,Mobile,3,13,Credit Card,Male,4,3,Laptop & Accessory,2,Married,6,0,23,4,6,8,179.6,1.0,1.2,4-12 Mos,Moderate (11-20km)
53176,0,1,Mobile,1,13,Credit Card,Female,4,5,Mobile,3,Married,2,0,13,2,2,4,146.87,1.0,1.2,0-3 Mos (High Risk),Moderate (11-20km)
53177,0,11,Mobile,3,9,E wallet,Male,4,4,Laptop & Accessory,3,Divorced,6,1,12,1,2,3,221.02,1.0,1.2,4-12 Mos,Close (0-10km)
53178,0,1,Mobile,1,7,Debit Card,Female,3,5,Mobile,4,Single,3,0,14,2,2,1,153.36,1.0,1.2,0-3 Mos (High Risk),Close (0-10km)
53179,0,16,Mobile,1,9,Debit Card,Female,3,4,Laptop & Accessory,2,Divorced,3,0,14,3,3,3,165.89,1.0,1.2,1-5 Yrs,Close (0-10km)
53180,0,17,Mobile,1,13,UPI,Male,3,5,Grocery,2,Married,6,1,15,1,2,1,291.27,1.0,1.2,1-5 Yrs,Moderate (11-20km)
53181,0,12,Mobile,1,7,Debit Card,Female,3,4,Mobile,5,Single,5,0,18,2,2,1,151.19,1.0,1.2,4-12 Mos,Close (0-10km)
53182,0,17,Computer,1,16,Credit Card,Male,4,4,Laptop & Accessory,3,Married,5,1,14,3,5,8,181.79,1.0,1.2,1-5 Yrs,Moderate (11-20km)
53183,0,22,Mobile,1,7,Debit Card,Female,3,5,Grocery,5,Divorced,9,0,12,1,2,3,279.02,1.0,1.2,1-5 Yrs,Close (0-10km)
53184,0,18,Mobile,2,7,Debit Card,Female,3,5,Laptop & Accessory,3,Single,6,0,12,2,2,3,184.85,1.0,1.2,1-5 Yrs,Close (0-10km)
53185,0,8,Mobile,3,21,Cash on Delivery,Female,3,4,Mobile,3,Married,3,1,19,2,2,7,150.79,1.0,1.2,4-12 Mos,Far (21-50km)
53186,1,1,Mobile,3,9,E wallet,Male,3,4,Mobile,5,Married,2,0,12,1,2,3,155.41,1.0,1.2,0-3 Mos (High Risk),Close (0-10km)
53187,0,1,Mobile,3,29,Cash on Delivery,Male,3,4,Mobile,3,Single,3,0,12,2,2,3,159.47,1.0,1.2,0-3 Mos (High Risk),Far (21-50km)
53188,0,18,Mobile,1,10,UPI,Male,3,4,Others,2,Divorced,6,1,15,2,2,2,320.13,1.0,1.2,1-5 Yrs,Close (0-10km)
53189,0,1,Mobile,1,13,Credit Card,Male,4,4,Mobile,3,Divorced,2,0,21,3,3,3,152.73,1.0,1.2,0-3 Mos (High Risk),Moderate (11-20km)
53190,0,7,Mobile,3,15,E wallet,Male,3,4,Laptop & Accessory,3,Married,2,0,13,2,2,3,196.04,1.0,1.2,4-12 Mos,Moderate (11-20km)
53191,0,6,Mobile,1,16,Debit Card,Female,4,4,Laptop & Accessory,2,Divorced,3,1,13,2,2,6,188.22,1.0,1.2,4-12 Mos,Moderate (11-20km)
53192,0,4,Computer,1,10,Credit Card,Female,4,4,Mobile,3,Married,3,0,21,2,2,1,145.83,1.0,1.2,4-12 Mos,Close (0-10km)
53193,0,27,Mobile,3,7,Credit Card,Female,3,4,Laptop & Accessory,5,Single,9,0,21,7,9,11,208.81,1.0,1.2,1-5 Yrs,Close (0-10km)
53194,0,8,Mobile,1,7,Debit Card,Male,3,4,Mobile,2,Divorced,3,0,13,7,9,9,151.91,1.0,1.2,4-12 Mos,Close (0-10km)
53195,1,9,Computer,3,33,Debit Card,Female,4,4,Laptop & Accessory,5,Divorced,4,0,15,1,2,1,167.86,1.0,1.2,4-12 Mos,Far (21-50km)
53196,0,1,Mobile,1,13,Debit Card,Female,4,4,Mobile,2,Divorced,3,1,14,1,2,3,151.59,1.0,1.2,0-3 Mos (High Risk),Moderate (11-20km)
53197,0,11,Mobile,1,10,UPI,Male,3,4,Fashion,3,Divorced,3,0,16,7,8,3,219.34,1.0,1.2,4-12 Mos,Close (0-10km)
53198,0,3,Mobile,3,10,Credit Card,Female,4,4,Laptop & Accessory,3,Divorced,3,0,15,1,2,3,180.61,1.0,1.2,0-3 Mos (High Risk),Close (0-10km)
53199,0,9,Mobile,1,13,Debit Card,Male,3,6,Laptop & Accessory,2,Single,3,0,14,12,12,9,191.46,1.0,1.2,4-12 Mos,Moderate (11-20km)
53200,0,7,Computer,1,13,Debit Card,Male,2,4,Laptop & Accessory,2,Married,5,0,24,5,5,8,202.25,1.0,1.2,4-12 Mos,Moderate (11-20km)
53201,0,28,Mobile,2,26,Credit Card,Male,3,4,Fashion,4,Divorced,4,0,16,4,2,2,232.25,1.0,1.2,1-5 Yrs,Far (21-50km)
53202,0,10,Mobile,1,16,Credit Card,Male,3,5,Laptop & Accessory,4,Married,4,1,12,2,2,3,213.47,1.0,1.2,4-12 Mos,Moderate (11-20km)
53203,0,1,Mobile,1,10,Credit Card,Male,3,5,Mobile,2,Single,2,0,14,1,2,2,145.45,1.0,1.2,0-3 Mos (High Risk),Close (0-10km)
53204,1,1,Mobile,1,17,Credit Card,Male,3,4,Mobile,3,Single,3,1,12,1,2,2,135.09,1.0,1.2,0-3 Mos (High Risk),Moderate (11-20km)
53205,1,1,Computer,1,10,Debit Card,Male,4,4,Mobile,5,Single,3,1,12,10,10,8,158.48,2.0,2.4,0-3 Mos (High Risk),Close (0-10km)
53206,0,9,Computer,1,10,Debit Card,Male,3,5,Mobile,3,Divorced,3,0,19,2,2,1,137.81,1.0,1.2,4-12 Mos,Close (0-10km)
53207,0,1,Mobile,1,11,Credit Card,Male,3,3,Mobile,5,Divorced,4,0,17,1,2,3,153.19,1.0,1.2,0-3 Mos (High Risk),Moderate (11-20km)
53208,0,1,Mobile,3,15,Debit Card,Male,3,3,Laptop & Accessory,4,Divorced,2,0,23,1,2,3,173.51,1.0,1.2,0-3 Mos (High Risk),Moderate (11-20km)
53209,0,12,Mobile,3,14,E wallet,Female,3,5,Laptop & Accessory,2,Single,2,0,21,2,2,6,165.28,1.0,1.2,4-12 Mos,Moderate (11-20km)
53210,0,3,Computer,1,7,Debit Card,Male,4,6,Mobile,2,Married,3,0,19,3,3,9,152.2,1.0,1.2,0-3 Mos (High Risk),Close (0-10km)
53211,0,22,Mobile,3,9,E wallet,Male,3,3,Laptop & Accessory,4,Divorced,5,0,13,3,3,3,206.2,1.0,1.2,1-5 Yrs,Close (0-10km)
53212,0,1,Computer,3,10,Credit Card,Female,4,3,Laptop & Accessory,2,Married,3,1,21,2,2,5,171.47,1.0,1.2,0-3 Mos (High Risk),Close (0-10km)
53213,0,11,Mobile,1,17,Debit Card,Male,4,3,Mobile,2,Single,5,0,18,2,2,1,171.8,1.0,1.2,4-12 Mos,Moderate (11-20km)
53214,0,24,Mobile,1,35,Credit Card,Male,4,3,Mobile,3,Divorced,3,1,12,4,4,9,157.21,1.0,1.2,1-5 Yrs,Far (21-50km)
53215,0,8,Mobile,1,16,Credit Card,Female,3,5,Fashion,4,Single,3,0,15,5,8,3,211.21,1.0,1.2,4-12 Mos,Moderate (11-20km)
53216,1,1,Mobile,3,10,Debit Card,Female,4,4,Laptop & Accessory,3,Single,11,0,15,2,3,1,170.77,1.0,1.2,0-3 Mos (High Risk),Close (0-10km)
53217,0,13,Mobile,1,9,Cash on Delivery,Female,4,5,Laptop & Accessory,3,Single,3,0,12,3,12,11,170.53,1.0,1.2,1-5 Yrs,Close (0-10km)
53218,0,6,Mobile,3,17,E wallet,Male,3,4,Laptop & Accessory,2,Single,3,0,13,1,2,9,178.96,1.0,1.2,4-12 Mos,Moderate (11-20km)
53219,1,14,Computer,3,15,Cash on Delivery,Male,3,4,Laptop & Accessory,3,Divorced,5,1,15,2,2,4,192.96,1.0,1.2,1-5 Yrs,Moderate (11-20km)
53220,0,12,Mobile,1,7,Debit Card,Female,3,3,Laptop & Accessory,2,Single,2,0,14,2,2,9,201.25,1.0,1.2,4-12 Mos,Close (0-10km)
53221,0,1,Mobile,1,7,Debit Card,Female,4,4,Fashion,5,Divorced,3,0,12,2,2,8,199.12,1.0,1.2,0-3 Mos (High Risk),Close (0-10km)
53222,0,6,Mobile,1,10,Debit Card,Female,3,4,Fashion,2,Single,5,0,16,4,2,8,236.58999999999997,1.0,1.2,4-12 Mos,Close (0-10km)
53223,0,21,Mobile,3,21,E wallet,Male,3,4,Laptop & Accessory,5,Single,4,0,13,1,2,8,174.6,1.0,1.2,1-5 Yrs,Far (21-50km)
53224,0,14,Computer,3,12,Debit Card,Male,3,5,Fashion,5,Divorced,7,1,22,1,2,3,229.75,1.0,1.2,1-5 Yrs,Moderate (11-20km)
53225,0,27,Mobile,1,14,Debit Card,Male,3,3,Grocery,3,Divorced,5,0,20,1,2,4,273.14,1.0,1.2,1-5 Yrs,Moderate (11-20km)
53226,0,15,Mobile,2,17,UPI,Male,4,5,Others,2,Married,5,0,15,13,13,7,316.41,1.0,1.2,1-5 Yrs,Moderate (11-20km)
53227,0,31,Mobile,3,23,E wallet,Male,3,4,Laptop & Accessory,5,Single,10,0,15,2,3,3,179.05,1.0,1.2,1-5 Yrs,Far (21-50km)
53228,0,1,Computer,1,17,Debit Card,Male,3,4,Fashion,5,Married,3,0,22,2,2,3,212.93,1.0,1.2,0-3 Mos (High Risk),Moderate (11-20km)
53229,0,15,Mobile,2,7,UPI,Male,3,5,Others,3,Divorced,3,0,15,3,3,11,316.89,1.0,1.2,1-5 Yrs,Close (0-10km)
53230,0,24,Mobile,3,15,E wallet,Male,3,4,Mobile,4,Divorced,9,0,16,2,3,3,163.75,1.0,1.2,1-5 Yrs,Moderate (11-20km)
53231,1,1,Mobile,1,7,Debit Card,Female,4,6,Mobile,4,Single,9,1,14,2,4,8,147.16,1.0,1.2,0-3 Mos (High Risk),Close (0-10km)
53232,0,10,Computer,1,15,Debit Card,Female,4,3,Fashion,5,Divorced,11,0,15,1,2,6,242.13,1.0,1.2,4-12 Mos,Moderate (11-20km)
53233,0,12,Mobile,1,7,Debit Card,Female,3,4,Fashion,3,Single,6,1,15,1,2,1,203.61,1.0,1.2,4-12 Mos,Close (0-10km)
53234,0,18,Computer,1,31,Credit Card,Male,3,6,Mobile,3,Single,4,0,15,1,2,5,162.08,1.0,1.2,1-5 Yrs,Far (21-50km)
53235,0,21,Computer,3,10,Credit Card,Female,3,4,Grocery,3,Married,11,1,13,1,12,14,262.7,3.0,3.5999999999999996,1-5 Yrs,Close (0-10km)
53236,0,4,Mobile,3,34,E wallet,Male,3,4,Laptop & Accessory,2,Married,9,0,24,5,8,8,178.04,1.0,1.2,4-12 Mos,Far (21-50km)
53237,0,3,Mobile,3,17,Debit Card,Male,3,4,Mobile,3,Single,3,0,12,1,2,1,151.42,1.0,1.2,0-3 Mos (High Risk),Moderate (11-20km)
53238,1,6,Computer,1,26,Credit Card,Male,3,3,Mobile,3,Married,8,1,13,3,3,3,152.59,1.0,1.2,4-12 Mos,Far (21-50km)
53239,0,17,Computer,3,22,Debit Card,Male,3,5,Laptop & Accessory,2,Divorced,5,0,19,1,3,3,193.04,1.0,1.2,1-5 Yrs,Far (21-50km)
53240,0,8,Mobile,1,15,Credit Card,Female,4,4,Laptop & Accessory,3,Single,5,0,12,2,5,4,186.42,1.0,1.2,4-12 Mos,Moderate (11-20km)
53241,0,1,Mobile,1,16,Credit Card,Male,3,4,Mobile,5,Divorced,3,0,15,1,2,3,150.0,1.0,1.2,0-3 Mos (High Risk),Moderate (11-20km)
53242,0,13,Mobile,2,10,UPI,Female,3,3,Laptop & Accessory,4,Divorced,11,0,16,4,4,7,188.89,1.0,1.2,1-5 Yrs,Close (0-10km)
53243,0,30,Mobile,1,16,Credit Card,Male,3,4,Grocery,2,Divorced,9,0,12,1,4,2,236.02999999999997,1.0,1.2,1-5 Yrs,Moderate (11-20km)
53244,0,14,Mobile,1,9,Credit Card,Female,3,5,Mobile,2,Single,2,1,21,3,3,4,148.42,1.0,1.2,1-5 Yrs,Close (0-10km)
53245,0,1,Mobile,1,14,Credit Card,Female,3,5,Laptop & Accessory,5,Single,10,0,20,2,2,8,193.11,1.0,1.2,0-3 Mos (High Risk),Moderate (11-20km)
53246,0,3,Mobile,3,17,E wallet,Male,3,4,Mobile,4,Married,3,0,15,1,3,3,147.97,1.0,1.2,0-3 Mos (High Risk),Moderate (11-20km)
53247,0,27,Mobile,1,13,Debit Card,Male,3,4,Laptop & Accessory,2,Single,4,0,18,2,3,3,149.5,1.0,1.2,1-5 Yrs,Moderate (11-20km)
53248,0,9,Computer,1,9,Debit Card,Female,4,4,Laptop & Accessory,5,Married,4,0,12,1,2,1,175.93,1.0,1.2,4-12 Mos,Close (0-10km)
53249,0,6,Computer,1,31,Debit Card,Male,4,4,Laptop & Accessory,2,Divorced,3,0,16,3,5,8,178.09,1.0,1.2,4-12 Mos,Far (21-50km)
53250,0,12,Mobile,1,9,Credit Card,Male,4,4,Mobile,3,Divorced,8,1,14,1,2,2,155.57,1.0,1.2,4-12 Mos,Close (0-10km)
53251,0,8,Mobile,1,15,Debit Card,Female,3,4,Laptop & Accessory,5,Married,5,0,15,2,2,1,176.21,1.0,1.2,4-12 Mos,Moderate (11-20km)
53252,0,26,Mobile,3,10,E wallet,Male,3,5,Grocery,5,Divorced,3,0,15,2,2,17,293.56,1.0,1.2,1-5 Yrs,Close (0-10km)
53253,1,1,Mobile,1,7,UPI,Male,4,4,Mobile,2,Single,3,1,14,6,8,9,151.86,2.0,2.4,0-3 Mos (High Risk),Close (0-10km)
53254,0,1,Mobile,3,33,Credit Card,Female,3,4,Laptop & Accessory,2,Single,3,0,24,1,2,5,186.8,1.0,1.2,0-3 Mos (High Risk),Far (21-50km)
53255,0,19,Mobile,3,9,Cash on Delivery,Male,3,6,Laptop & Accessory,3,Single,2,0,14,1,4,2,191.32,1.0,1.2,1-5 Yrs,Close (0-10km)
53256,0,1,Mobile,1,17,Credit Card,Male,4,3,Mobile,3,Single,3,0,19,2,2,3,160.05,1.0,1.2,0-3 Mos (High Risk),Moderate (11-20km)
53257,1,11,Computer,3,34,Debit Card,Female,4,2,Laptop & Accessory,3,Single,6,1,13,2,2,4,188.97,1.0,1.2,4-12 Mos,Far (21-50km)
53258,0,8,Mobile,3,9,UPI,Male,3,4,Laptop & Accessory,2,Single,3,0,23,1,2,5,187.74,1.0,1.2,4-12 Mos,Close (0-10km)
53259,1,19,Mobile,1,9,Credit Card,Male,4,4,Others,5,Divorced,7,1,14,2,2,5,323.59,1.0,1.2,1-5 Yrs,Close (0-10km)
53260,0,10,Computer,3,15,Debit Card,Male,4,5,Fashion,5,Single,3,0,16,1,2,10,200.87,1.0,1.2,4-12 Mos,Moderate (11-20km)
53261,0,26,Computer,1,26,Credit Card,Male,3,4,Mobile,2,Divorced,2,0,19,2,2,3,167.58,1.0,1.2,1-5 Yrs,Far (21-50km)
53262,0,1,Computer,1,7,Debit Card,Female,4,6,Mobile,2,Married,5,0,15,3,3,1,168.64,1.0,1.2,0-3 Mos (High Risk),Close (0-10km)
53263,0,3,Mobile,1,34,Credit Card,Female,4,4,Laptop & Accessory,3,Divorced,6,0,13,2,2,2,168.35,1.0,1.2,0-3 Mos (High Risk),Far (21-50km)
53264,1,1,Mobile,3,15,Cash on Delivery,Male,3,5,Laptop & Accessory,5,Single,8,0,18,2,2,3,178.26,1.0,1.2,0-3 Mos (High Risk),Moderate (11-20km)
53265,0,8,Mobile,1,7,Debit Card,Female,4,2,Mobile,2,Single,4,0,17,1,2,4,157.8,1.0,1.2,4-12 Mos,Close (0-10km)
53266,0,28,Mobile,1,26,Credit Card,Female,4,4,Laptop & Accessory,5,Married,11,1,12,1,2,5,179.85,1.0,1.2,1-5 Yrs,Far (21-50km)
53267,0,3,Computer,3,6,E wallet,Male,3,4,Laptop & Accessory,2,Divorced,2,0,20,1,2,2,168.42,1.0,1.2,0-3 Mos (High Risk),Close (0-10km)
53268,0,11,Mobile,1,17,Debit Card,Female,3,4,Mobile,5,Married,2,1,14,4,5,4,152.82,1.0,1.2,4-12 Mos,Moderate (11-20km)
53269,0,12,Computer,1,9,Debit Card,Female,4,2,Laptop & Accessory,5,Single,8,1,13,5,5,13,184.8,1.0,1.2,4-12 Mos,Close (0-10km)
53270,0,8,Mobile,1,9,Credit Card,Female,3,5,Mobile,5,Single,3,0,12,2,2,4,168.81,1.0,1.2,4-12 Mos,Close (0-10km)
53271,0,9,Mobile,3,15,Debit Card,Female,4,4,Mobile,2,Divorced,3,0,17,1,2,3,150.72,1.0,1.2,4-12 Mos,Moderate (11-20km)
53272,0,4,Mobile,1,7,Debit Card,Male,3,6,Mobile,3,Divorced,5,0,22,2,2,3,163.33,1.0,1.2,4-12 Mos,Close (0-10km)
53273,0,14,Computer,1,9,Credit Card,Female,3,2,Laptop & Accessory,4,Divorced,3,0,25,1,4,8,167.44,1.0,1.2,1-5 Yrs,Close (0-10km)
53274,0,8,Mobile,3,15,Debit Card,Female,4,4,Laptop & Accessory,5,Divorced,7,0,18,2,2,3,190.0,1.0,1.2,4-12 Mos,Moderate (11-20km)
53275,0,16,Computer,1,15,Debit Card,Male,4,4,Others,2,Married,3,0,15,1,15,10,309.3,1.0,1.2,1-5 Yrs,Moderate (11-20km)
53276,1,1,Mobile,1,13,Debit Card,Male,4,2,Mobile,5,Divorced,3,1,22,2,2,1,141.01,1.0,1.2,0-3 Mos (High Risk),Moderate (11-20km)
53277,0,1,Computer,1,16,Debit Card,Male,3,5,Mobile,4,Married,3,0,12,2,2,1,151.94,1.0,1.2,0-3 Mos (High Risk),Moderate (11-20km)
53278,0,26,Mobile,1,18,Debit Card,Female,3,4,Laptop & Accessory,3,Divorced,10,0,21,2,2,5,156.49,1.0,1.2,1-5 Yrs,Moderate (11-20km)
53279,0,24,Mobile,1,9,Credit Card,Male,4,4,Grocery,3,Divorced,7,0,15,1,2,4,301.39,1.0,1.2,1-5 Yrs,Close (0-10km)
53280,1,1,Mobile,1,7,Debit Card,Female,3,5,Mobile,5,Divorced,3,1,12,1,2,1,148.19,1.0,1.2,0-3 Mos (High Risk),Close (0-10km)
53281,0,7,Mobile,1,14,Credit Card,Male,3,4,Fashion,3,Divorced,2,0,12,1,2,8,241.91000000000003,1.0,1.2,4-12 Mos,Moderate (11-20km)
53282,1,1,Mobile,3,23,E wallet,Female,4,4,Laptop & Accessory,5,Single,7,0,16,2,2,3,178.24,1.0,1.2,0-3 Mos (High Risk),Far (21-50km)
53283,0,21,Mobile,1,9,UPI,Female,3,4,Grocery,2,Divorced,3,1,15,4,4,1,292.52,1.0,1.2,1-5 Yrs,Close (0-10km)
53284,0,10,Mobile,1,7,UPI,Female,3,4,Laptop & Accessory,4,Divorced,2,0,16,1,2,6,177.28,1.0,1.2,4-12 Mos,Close (0-10km)
53285,0,3,Mobile,1,30,Debit Card,Male,3,2,Mobile,3,Divorced,3,0,25,2,2,8,152.0,1.0,1.2,0-3 Mos (High Risk),Far (21-50km)
53286,1,21,Mobile,1,9,Debit Card,Male,3,4,Others,4,Single,9,1,15,6,14,9,317.46,3.0,3.5999999999999996,1-5 Yrs,Close (0-10km)
53287,0,9,Mobile,1,7,Debit Card,Female,3,2,Mobile,3,Single,5,0,14,1,3,3,150.06,1.0,1.2,4-12 Mos,Close (0-10km)
53288,0,16,Mobile,1,7,Debit Card,Female,3,5,Laptop & Accessory,2,Divorced,11,1,14,1,2,3,185.62,1.0,1.2,1-5 Yrs,Close (0-10km)
53289,1,1,Mobile,1,9,Credit Card,Male,3,4,Mobile,3,Single,8,0,18,1,3,2,168.82,1.0,1.2,0-3 Mos (High Risk),Close (0-10km)
53290,0,10,Mobile,2,20,UPI,Male,3,4,Mobile,4,Divorced,5,0,14,2,2,5,146.43,1.0,1.2,4-12 Mos,Moderate (11-20km)
53291,0,6,Mobile,1,11,Debit Card,Female,4,5,Laptop & Accessory,3,Divorced,3,0,13,2,7,9,186.62,1.0,1.2,4-12 Mos,Moderate (11-20km)
53292,0,14,Computer,1,23,Credit Card,Male,3,5,Laptop & Accessory,3,Single,8,0,15,2,2,1,175.94,1.0,1.2,1-5 Yrs,Far (21-50km)
53293,0,4,Mobile,1,9,Credit Card,Female,3,5,Laptop & Accessory,2,Single,7,1,25,2,2,1,193.77,1.0,1.2,4-12 Mos,Close (0-10km)
53294,0,19,Mobile,1,9,Debit Card,Female,4,5,Mobile,3,Single,3,0,15,2,2,1,147.74,1.0,1.2,1-5 Yrs,Close (0-10km)
53295,0,16,Mobile,1,36,Debit Card,Male,4,4,Laptop & Accessory,4,Divorced,3,0,14,3,8,9,169.34,1.0,1.2,1-5 Yrs,Far (21-50km)
53296,0,12,Computer,1,19,Debit Card,Male,3,5,Laptop & Accessory,5,Married,4,0,16,2,2,3,187.88,1.0,1.2,4-12 Mos,Moderate (11-20km)
53297,0,8,Computer,1,23,Debit Card,Female,4,5,Mobile,2,Single,3,0,17,2,2,4,150.53,1.0,1.2,4-12 Mos,Far (21-50km)
53298,1,13,Mobile,3,18,E wallet,Female,3,4,Fashion,2,Divorced,3,0,19,1,8,8,201.54,1.0,1.2,1-5 Yrs,Moderate (11-20km)
53299,1,19,Mobile,3,9,Credit Card,Male,3,4,Laptop & Accessory,2,Single,6,0,17,1,8,4,176.6,1.0,1.2,1-5 Yrs,Close (0-10km)
53300,0,17,Mobile,1,21,Debit Card,Male,4,4,Grocery,5,Divorced,8,0,15,2,2,1,296.59,1.0,1.2,1-5 Yrs,Far (21-50km)
53301,0,1,Mobile,1,12,Cash on Delivery,Male,3,5,Fashion,2,Married,3,1,17,1,2,9,253.07999999999998,1.0,1.2,0-3 Mos (High Risk),Moderate (11-20km)
53302,0,9,Mobile,1,14,UPI,Male,3,4,Fashion,3,Single,5,0,22,1,2,3,227.21,1.0,1.2,4-12 Mos,Moderate (11-20km)
53303,0,2,Mobile,3,9,E wallet,Female,3,4,Laptop & Accessory,4,Divorced,3,1,21,8,8,6,172.79,2.0,2.4,0-3 Mos (High Risk),Close (0-10km)
53304,0,8,Mobile,2,10,UPI,Male,3,4,Mobile,2,Divorced,2,0,20,2,2,3,162.37,1.0,1.2,4-12 Mos,Close (0-10km)
53305,1,1,Computer,1,12,Credit Card,Female,3,5,Mobile,3,Divorced,3,1,15,1,2,8,148.66,1.0,1.2,0-3 Mos (High Risk),Moderate (11-20km)
53306,0,1,Computer,1,10,Credit Card,Male,3,4,Mobile,2,Divorced,3,0,12,2,2,1,142.06,1.0,1.2,0-3 Mos (High Risk),Close (0-10km)
53307,0,25,Mobile,3,33,E wallet,Female,4,4,Grocery,3,Divorced,4,0,15,1,5,18,288.07,1.0,1.2,1-5 Yrs,Far (21-50km)
53308,0,18,Mobile,1,11,Credit Card,Male,3,4,Laptop & Accessory,4,Single,11,0,13,2,3,4,184.33,1.0,1.2,1-5 Yrs,Moderate (11-20km)
53309,0,1,Mobile,1,9,Credit Card,Male,4,2,Mobile,5,Single,9,0,14,2,2,2,159.24,1.0,1.2,0-3 Mos (High Risk),Close (0-10km)
53310,0,7,Mobile,3,7,Credit Card,Male,3,2,Laptop & Accessory,5,Married,3,0,23,1,2,9,165.37,1.0,1.2,4-12 Mos,Close (0-10km)
53311,0,9,Mobile,1,34,Credit Card,Female,3,5,Mobile,5,Single,3,0,12,2,2,2,150.59,1.0,1.2,4-12 Mos,Far (21-50km)
53312,0,10,Mobile,3,7,Debit Card,Male,3,4,Laptop & Accessory,2,Divorced,3,1,15,3,5,12,187.01,1.0,1.2,4-12 Mos,Close (0-10km)
53313,0,6,Mobile,3,20,Debit Card,Male,4,4,Laptop & Accessory,2,Married,4,0,12,1,2,4,169.03,1.0,1.2,4-12 Mos,Moderate (11-20km)
53314,0,4,Computer,1,12,Debit Card,Male,4,5,Mobile,2,Married,11,0,13,1,2,4,162.61,1.0,1.2,4-12 Mos,Moderate (11-20km)
53315,0,27,Mobile,3,14,E wallet,Female,4,5,Fashion,2,Divorced,9,1,19,1,2,5,234.33999999999997,1.0,1.2,1-5 Yrs,Moderate (11-20km)
53316,0,19,Mobile,3,16,E wallet,Male,4,4,Fashion,5,Married,6,1,13,2,2,3,232.61,1.0,1.2,1-5 Yrs,Moderate (11-20km)
53317,0,6,Mobile,1,15,Credit Card,Female,4,2,Laptop & Accessory,3,Divorced,7,0,13,2,2,4,176.75,1.0,1.2,4-12 Mos,Moderate (11-20km)
53318,0,26,Computer,1,32,Credit Card,Female,3,5,Grocery,2,Divorced,5,0,23,1,2,1,263.26,1.0,1.2,1-5 Yrs,Far (21-50km)
53319,0,11,Mobile,3,23,E wallet,Male,4,5,Laptop & Accessory,3,Married,6,0,20,2,2,1,188.34,1.0,1.2,4-12 Mos,Far (21-50km)
53320,0,2,Mobile,2,15,Credit Card,Male,4,5,Mobile,2,Married,3,0,14,1,2,5,174.36,1.0,1.2,0-3 Mos (High Risk),Moderate (11-20km)
53321,0,1,Mobile,1,7,Debit Card,Male,3,5,Laptop & Accessory,2,Divorced,8,0,23,3,3,3,172.75,1.0,1.2,0-3 Mos (High Risk),Close (0-10km)
53322,0,18,Mobile,1,15,Debit Card,Male,4,2,Mobile,2,Divorced,4,1,25,2,2,3,153.18,1.0,1.2,1-5 Yrs,Moderate (11-20km)
53323,0,16,Computer,1,9,Credit Card,Male,3,4,Mobile,2,Single,7,1,15,1,3,3,150.15,1.0,1.2,1-5 Yrs,Close (0-10km)
53324,0,10,Mobile,2,15,Debit Card,Male,4,5,Mobile,5,Divorced,2,0,22,2,2,4,148.42,1.0,1.2,4-12 Mos,Moderate (11-20km)
53325,0,1,Mobile,3,10,UPI,Male,4,4,Laptop & Accessory,5,Divorced,3,1,19,2,2,4,166.94,1.0,1.2,0-3 Mos (High Risk),Close (0-10km)
53326,0,9,Mobile,1,16,Debit Card,Female,4,5,Fashion,3,Divorced,3,1,21,3,2,16,231.85000000000002,1.0,1.2,4-12 Mos,Moderate (11-20km)
53327,1,1,Computer,1,32,Debit Card,Female,4,4,Mobile,4,Married,3,1,20,1,8,9,145.22,2.0,2.4,0-3 Mos (High Risk),Far (21-50km)
53328,0,6,Computer,1,7,Debit Card,Male,4,4,Mobile,2,Married,2,0,13,1,2,3,148.14,1.0,1.2,4-12 Mos,Close (0-10km)
53329,0,1,Mobile,3,11,E wallet,Male,3,5,Laptop & Accessory,5,Divorced,3,0,13,2,2,4,167.56,1.0,1.2,0-3 Mos (High Risk),Moderate (11-20km)
53330,0,23,Mobile,1,7,Cash on Delivery,Female,3,4,Mobile,5,Divorced,4,0,17,2,2,3,160.8,1.0,1.2,1-5 Yrs,Close (0-10km)
53331,0,1,Computer,1,11,Debit Card,Male,3,5,Mobile,2,Divorced,2,0,18,1,4,5,156.62,1.0,1.2,0-3 Mos (High Risk),Moderate (11-20km)
53332,0,6,Computer,3,12,Debit Card,Male,3,4,Laptop & Accessory,4,Divorced,3,0,15,3,6,4,190.24,1.0,1.2,4-12 Mos,Moderate (11-20km)
53333,0,12,Mobile,3,16,E wallet,Male,4,5,Mobile,4,Divorced,2,0,20,1,2,3,153.99,1.0,1.2,4-12 Mos,Moderate (11-20km)
53334,0,16,Mobile,1,10,Debit Card,Female,4,2,Laptop & Accessory,2,Divorced,4,1,14,1,2,4,177.31,1.0,1.2,1-5 Yrs,Close (0-10km)
53335,0,5,Mobile,1,18,Debit Card,Male,3,4,Mobile,2,Divorced,5,1,20,2,2,3,148.56,1.0,1.2,4-12 Mos,Moderate (11-20km)
53336,1,1,Mobile,3,7,Credit Card,Female,3,5,Mobile,3,Married,8,1,20,1,2,3,153.0,1.0,1.2,0-3 Mos (High Risk),Close (0-10km)
53337,0,27,Mobile,3,15,E wallet,Male,4,4,Grocery,2,Divorced,7,0,15,1,4,3,243.36,1.0,1.2,1-5 Yrs,Moderate (11-20km)
53338,0,9,Mobile,1,32,Cash on Delivery,Male,4,5,Fashion,4,Divorced,5,0,17,4,2,9,234.02999999999997,1.0,1.2,4-12 Mos,Far (21-50km)
53339,0,11,Computer,3,28,Credit Card,Female,3,4,Mobile,2,Divorced,7,0,16,2,2,1,154.73,1.0,1.2,4-12 Mos,Far (21-50km)
53340,0,27,Mobile,1,30,Debit Card,Female,4,4,Grocery,2,Single,8,0,19,1,4,9,267.75,1.0,1.2,1-5 Yrs,Far (21-50km)
53341,0,17,Computer,1,7,Debit Card,Female,3,4,Laptop & Accessory,2,Divorced,6,0,14,2,3,3,180.62,1.0,1.2,1-5 Yrs,Close (0-10km)
53342,0,21,Mobile,3,9,E wallet,Female,3,4,Laptop & Accessory,2,Divorced,2,1,23,6,8,8,170.37,2.0,2.4,1-5 Yrs,Close (0-10km)
53343,0,11,Computer,3,26,Credit Card,Male,3,4,Fashion,4,Single,3,1,14,1,2,10,201.42,1.0,1.2,4-12 Mos,Far (21-50km)
53344,0,24,Computer,1,9,Debit Card,Male,4,4,Grocery,5,Married,3,0,15,14,15,8,304.24,1.0,1.2,1-5 Yrs,Close (0-10km)
53345,0,13,Mobile,2,9,Debit Card,Female,3,5,Laptop & Accessory,2,Divorced,10,0,12,1,2,5,177.04,1.0,1.2,1-5 Yrs,Close (0-10km)
53346,0,7,Mobile,2,10,UPI,Male,3,4,Mobile,4,Married,5,1,12,1,2,4,147.77,1.0,1.2,4-12 Mos,Close (0-10km)
53347,1,1,Mobile,1,32,Debit Card,Male,3,4,Mobile,2,Single,3,1,25,2,2,2,152.95,1.0,1.2,0-3 Mos (High Risk),Far (21-50km)
53348,0,3,Mobile,1,14,Credit Card,Female,4,5,Mobile,2,Married,8,0,15,2,2,4,150.32,1.0,1.2,0-3 Mos (High Risk),Moderate (11-20km)
53349,0,18,Mobile,1,16,Debit Card,Male,4,4,Mobile,5,Divorced,3,1,14,3,8,2,150.59,2.0,2.4,1-5 Yrs,Moderate (11-20km)
53350,0,2,Mobile,3,12,Credit Card,Male,4,4,Laptop & Accessory,2,Single,3,0,15,2,2,3,174.08,1.0,1.2,0-3 Mos (High Risk),Moderate (11-20km)
53351,1,21,Computer,1,9,Debit Card,Male,3,5,Mobile,2,Married,11,1,15,1,2,1,148.8,1.0,1.2,1-5 Yrs,Close (0-10km)
53352,0,17,Mobile,1,15,Debit Card,Female,3,4,Laptop & Accessory,4,Married,6,0,22,2,2,1,172.65,1.0,1.2,1-5 Yrs,Moderate (11-20km)
53353,1,1,Mobile,3,9,Credit Card,Female,3,5,Mobile,3,Single,3,0,14,1,2,3,145.44,1.0,1.2,0-3 Mos (High Risk),Close (0-10km)
53354,1,1,Mobile,1,25,UPI,Female,4,4,Mobile,2,Single,3,0,20,2,2,1,151.93,1.0,1.2,0-3 Mos (High Risk),Far (21-50km)
53355,0,10,Mobile,1,21,Debit Card,Male,4,4,Laptop & Accessory,2,Divorced,2,1,18,5,5,12,190.86,1.0,1.2,4-12 Mos,Far (21-50km)
53356,0,21,Mobile,3,9,Debit Card,Female,4,5,Mobile,2,Single,3,1,19,2,2,3,157.94,1.0,1.2,1-5 Yrs,Close (0-10km)
53357,1,1,Mobile,1,10,Debit Card,Female,3,4,Laptop & Accessory,3,Divorced,2,1,20,2,2,3,166.71,1.0,1.2,0-3 Mos (High Risk),Close (0-10km)
53358,1,5,Mobile,1,9,Debit Card,Female,3,6,Mobile,2,Married,6,1,14,1,2,1,152.78,1.0,1.2,4-12 Mos,Close (0-10km)
53359,0,2,Mobile,1,16,Credit Card,Female,4,4,Mobile,3,Married,7,0,19,3,3,3,148.77,1.0,1.2,0-3 Mos (High Risk),Moderate (11-20km)
53360,1,3,Mobile,1,13,Credit Card,Male,4,4,Mobile,5,Divorced,9,1,22,2,3,3,149.04,1.0,1.2,0-3 Mos (High Risk),Moderate (11-20km)
53361,0,1,Mobile,1,11,Debit Card,Female,4,4,Mobile,3,Single,3,0,20,2,2,1,148.18,1.0,1.2,0-3 Mos (High Risk),Moderate (11-20km)
53362,0,8,Mobile,1,17,Debit Card,Male,3,4,Mobile,4,Married,3,0,15,2,2,1,145.08,1.0,1.2,4-12 Mos,Moderate (11-20km)
53363,0,16,Mobile,3,21,Credit Card,Female,4,5,Laptop & Accessory,3,Single,9,0,18,1,2,4,187.44,1.0,1.2,1-5 Yrs,Far (21-50km)
53364,0,7,Mobile,1,7,UPI,Male,4,5,Mobile,5,Single,5,1,12,1,2,3,152.99,1.0,1.2,4-12 Mos,Close (0-10km)
53365,0,31,Mobile,1,12,Cash on Delivery,Female,3,5,Fashion,4,Married,4,1,14,2,2,3,230.52,1.0,1.2,1-5 Yrs,Moderate (11-20km)
53366,0,5,Mobile,3,14,Debit Card,Male,3,5,Mobile,3,Divorced,5,0,16,4,6,3,148.29,1.0,1.2,4-12 Mos,Moderate (11-20km)
53367,0,9,Mobile,1,28,Debit Card,Female,3,4,Laptop & Accessory,2,Divorced,3,1,26,1,2,8,165.14,1.0,1.2,4-12 Mos,Far (21-50km)
53368,0,23,Mobile,1,15,UPI,Female,3,4,Fashion,4,Divorced,6,0,12,1,2,8,199.03,1.0,1.2,1-5 Yrs,Moderate (11-20km)
53369,0,22,Mobile,1,27,Credit Card,Male,3,4,Mobile,3,Divorced,6,0,18,1,2,1,147.59,1.0,1.2,1-5 Yrs,Far (21-50km)
53370,0,5,Computer,3,27,E wallet,Female,3,4,Laptop & Accessory,3,Divorced,3,0,14,2,2,1,194.32,1.0,1.2,4-12 Mos,Far (21-50km)
53371,0,10,Mobile,1,14,UPI,Male,4,4,Mobile,2,Single,4,0,19,1,2,2,171.78,1.0,1.2,4-12 Mos,Moderate (11-20km)
53372,0,12,Mobile,1,7,Cash on Delivery,Female,4,4,Fashion,5,Divorced,3,0,14,4,6,12,260.82,1.0,1.2,4-12 Mos,Close (0-10km)
53373,0,6,Computer,1,7,Debit Card,Female,4,5,Mobile,4,Divorced,8,0,21,2,2,3,148.32,1.0,1.2,4-12 Mos,Close (0-10km)
53374,1,1,Mobile,3,26,E wallet,Male,3,5,Mobile,4,Divorced,3,1,19,1,2,1,149.13,1.0,1.2,0-3 Mos (High Risk),Far (21-50km)
53375,0,14,Mobile,3,17,E wallet,Male,4,5,Fashion,4,Married,4,0,13,2,2,3,222.05,1.0,1.2,1-5 Yrs,Moderate (11-20km)
53376,0,1,Computer,3,7,Credit Card,Male,3,5,Laptop & Accessory,5,Single,3,0,13,2,2,8,167.94,1.0,1.2,0-3 Mos (High Risk),Close (0-10km)
53377,0,15,Mobile,1,13,Credit Card,Male,3,4,Mobile,5,Single,4,1,14,2,3,18,172.21,1.0,1.2,1-5 Yrs,Moderate (11-20km)
53378,0,10,Mobile,1,9,Credit Card,Male,4,4,Mobile,3,Single,6,0,22,3,4,10,150.19,1.0,1.2,4-12 Mos,Close (0-10km)
53379,1,1,Mobile,3,28,UPI,Male,3,5,Mobile,4,Single,3,1,14,1,2,1,146.21,1.0,1.2,0-3 Mos (High Risk),Far (21-50km)
53380,1,1,Mobile,1,11,Cash on Delivery,Male,3,4,Mobile,5,Single,3,0,20,2,2,1,154.73,1.0,1.2,0-3 Mos (High Risk),Moderate (11-20km)
53381,0,5,Mobile,1,19,Credit Card,Female,3,4,Laptop & Accessory,2,Divorced,2,1,12,1,9,6,183.55,2.0,2.4,4-12 Mos,Moderate (11-20km)
53382,0,14,Computer,1,16,Credit Card,Male,3,4,Mobile,4,Married,10,1,15,1,2,1,161.17,1.0,1.2,1-5 Yrs,Moderate (11-20km)
53383,0,6,Mobile,1,10,Credit Card,Female,4,4,Laptop & Accessory,5,Divorced,3,0,13,7,7,4,192.25,1.0,1.2,4-12 Mos,Close (0-10km)
53384,1,1,Mobile,3,10,Debit Card,Male,3,5,Fashion,2,Divorced,3,1,12,4,4,3,228.25,1.0,1.2,0-3 Mos (High Risk),Close (0-10km)
53385,0,7,Mobile,1,7,Debit Card,Female,3,5,Laptop & Accessory,2,Single,2,0,15,1,2,5,194.49,1.0,1.2,4-12 Mos,Close (0-10km)
53386,1,1,Mobile,3,7,Debit Card,Male,3,5,Fashion,3,Divorced,7,0,12,2,12,3,231.08999999999997,1.0,1.2,0-3 Mos (High Risk),Close (0-10km)
53387,0,19,Computer,1,11,Debit Card,Male,3,4,Laptop & Accessory,4,Divorced,3,0,13,2,2,9,169.47,1.0,1.2,1-5 Yrs,Moderate (11-20km)
53388,0,3,Computer,3,27,Cash on Delivery,Female,3,4,Mobile,2,Divorced,3,0,16,1,2,3,146.57,1.0,1.2,0-3 Mos (High Risk),Far (21-50km)
53389,0,9,Mobile,3,25,Credit Card,Female,3,4,Laptop & Accessory,3,Divorced,3,0,17,2,2,1,171.01,1.0,1.2,4-12 Mos,Far (21-50km)
53390,0,26,Mobile,1,7,Debit Card,Male,4,4,Grocery,2,Divorced,4,0,15,8,8,9,295.99,1.0,1.2,1-5 Yrs,Close (0-10km)
53391,1,21,Mobile,1,9,Cash on Delivery,Male,3,4,Mobile,3,Single,6,0,25,2,2,1,149.79,1.0,1.2,1-5 Yrs,Close (0-10km)
53392,0,27,Mobile,3,9,Credit Card,Male,3,4,Grocery,3,Married,8,0,14,1,16,3,273.52,1.0,1.2,1-5 Yrs,Close (0-10km)
53393,0,4,Mobile,3,15,UPI,Male,4,4,Fashion,3,Married,7,0,12,5,8,8,197.64,1.0,1.2,4-12 Mos,Moderate (11-20km)
53394,0,12,Computer,3,17,Cash on Delivery,Female,3,4,Laptop & Accessory,2,Single,3,1,14,1,2,4,181.66,1.0,1.2,4-12 Mos,Moderate (11-20km)
53395,0,9,Mobile,3,10,Debit Card,Male,4,4,Fashion,2,Married,8,0,14,1,2,9,203.23,1.0,1.2,4-12 Mos,Close (0-10km)
53396,0,13,Mobile,3,9,Debit Card,Male,3,2,Fashion,3,Single,2,0,19,2,2,8,203.8,1.0,1.2,1-5 Yrs,Close (0-10km)
53397,1,4,Computer,3,31,Debit Card,Female,4,2,Grocery,4,Single,6,1,17,2,4,1,256.94,1.0,1.2,4-12 Mos,Far (21-50km)
53398,0,21,Computer,1,23,Credit Card,Male,4,2,Laptop & Accessory,3,Married,3,1,20,1,3,8,175.67,1.0,1.2,1-5 Yrs,Far (21-50km)
53399,0,10,Computer,3,15,Cash on Delivery,Male,3,4,Laptop & Accessory,2,Married,6,0,14,2,2,8,175.79,1.0,1.2,4-12 Mos,Moderate (11-20km)
53400,1,1,Computer,1,16,Credit Card,Male,3,5,Mobile,5,Single,2,1,23,2,2,3,148.21,1.0,1.2,0-3 Mos (High Risk),Moderate (11-20km)
53401,0,7,Computer,3,24,Debit Card,Male,3,4,Grocery,3,Single,3,0,15,6,7,1,299.44,1.0,1.2,4-12 Mos,Far (21-50km)
53402,1,1,Mobile,1,17,Debit Card,Female,4,5,Mobile,5,Single,8,1,21,2,2,1,149.04,1.0,1.2,0-3 Mos (High Risk),Moderate (11-20km)
53403,0,7,Mobile,1,20,Debit Card,Female,3,4,Mobile,2,Single,5,0,19,2,2,3,159.52,1.0,1.2,4-12 Mos,Moderate (11-20km)
53404,0,19,Mobile,1,7,Credit Card,Female,4,4,Mobile,2,Married,5,0,15,1,2,3,147.7,1.0,1.2,1-5 Yrs,Close (0-10km)
53405,0,24,Mobile,1,7,Credit Card,Male,4,4,Grocery,2,Married,11,0,15,1,2,4,298.99,1.0,1.2,1-5 Yrs,Close (0-10km)
53406,0,7,Computer,1,7,UPI,Female,3,2,Laptop & Accessory,4,Divorced,3,1,14,1,2,3,179.88,1.0,1.2,4-12 Mos,Close (0-10km)
53407,0,15,Computer,1,16,Credit Card,Male,4,4,Others,3,Married,4,0,15,2,2,12,319.19,1.0,1.2,1-5 Yrs,Moderate (11-20km)
53408,0,1,Mobile,1,23,Cash on Delivery,Female,3,4,Mobile,4,Divorced,11,0,15,3,3,3,153.11,1.0,1.2,0-3 Mos (High Risk),Far (21-50km)
53409,0,19,Computer,1,30,Debit Card,Male,3,4,Laptop & Accessory,5,Divorced,3,1,16,2,2,9,161.33,1.0,1.2,1-5 Yrs,Far (21-50km)
53410,0,21,Mobile,3,11,Debit Card,Female,3,4,Laptop & Accessory,2,Single,3,1,18,2,2,8,166.63,1.0,1.2,1-5 Yrs,Moderate (11-20km)
53411,1,1,Mobile,1,29,Debit Card,Female,3,4,Mobile,3,Divorced,6,1,12,1,2,2,146.32,1.0,1.2,0-3 Mos (High Risk),Far (21-50km)
53412,0,24,Mobile,1,31,Debit Card,Male,4,4,Grocery,3,Divorced,5,1,19,1,2,6,264.73,1.0,1.2,1-5 Yrs,Far (21-50km)
53413,0,12,Computer,1,17,Credit Card,Male,4,4,Mobile,3,Divorced,2,0,18,1,2,3,151.84,1.0,1.2,4-12 Mos,Moderate (11-20km)
53414,0,20,Mobile,1,14,Credit Card,Male,4,4,Fashion,3,Married,8,0,14,1,2,8,233.45,1.0,1.2,1-5 Yrs,Moderate (11-20km)
53415,0,1,Mobile,1,24,Credit Card,Female,3,5,Laptop & Accessory,3,Married,3,0,16,3,4,3,168.77,1.0,1.2,0-3 Mos (High Risk),Far (21-50km)
53416,1,1,Mobile,1,21,UPI,Male,3,5,Mobile,4,Married,3,1,25,2,2,3,162.43,1.0,1.2,0-3 Mos (High Risk),Far (21-50km)
53417,0,5,Computer,1,7,Debit Card,Female,4,4,Laptop & Accessory,5,Divorced,3,0,13,2,2,4,166.48,1.0,1.2,4-12 Mos,Close (0-10km)
53418,0,1,Computer,1,12,Debit Card,Male,4,4,Mobile,2,Single,3,0,16,2,2,1,135.51,1.0,1.2,0-3 Mos (High Risk),Moderate (11-20km)
53419,0,28,Mobile,1,24,Cash on Delivery,Female,3,4,Fashion,3,Divorced,10,0,12,2,2,9,232.39,1.0,1.2,1-5 Yrs,Far (21-50km)
53420,0,9,Mobile,1,32,Credit Card,Female,3,4,Fashion,3,Married,3,1,12,3,11,3,228.88,3.0,3.5999999999999996,4-12 Mos,Far (21-50km)
53421,0,4,Mobile,1,15,Debit Card,Female,4,2,Fashion,5,Divorced,2,1,13,1,2,8,239.16000000000003,1.0,1.2,4-12 Mos,Moderate (11-20km)
53422,1,1,Mobile,1,18,Credit Card,Female,4,5,Mobile,5,Single,3,1,16,1,2,1,151.0,1.0,1.2,0-3 Mos (High Risk),Moderate (11-20km)
53423,1,1,Computer,1,12,Credit Card,Female,3,4,Mobile,4,Single,2,0,18,1,2,3,149.22,1.0,1.2,0-3 Mos (High Risk),Moderate (11-20km)
53424,0,1,Mobile,1,9,Credit Card,Male,3,2,Laptop & Accessory,2,Divorced,3,0,13,2,2,4,179.72,1.0,1.2,0-3 Mos (High Risk),Close (0-10km)
53425,0,1,Mobile,1,15,Debit Card,Male,4,6,Mobile,5,Divorced,3,0,16,2,2,2,149.51,1.0,1.2,0-3 Mos (High Risk),Moderate (11-20km)
53426,0,22,Mobile,1,13,Debit Card,Male,4,5,Laptop & Accessory,3,Single,4,0,14,1,3,3,167.4,1.0,1.2,1-5 Yrs,Moderate (11-20km)
53427,0,22,Mobile,1,11,Debit Card,Male,4,5,Fashion,3,Single,9,0,15,2,2,9,234.99,1.0,1.2,1-5 Yrs,Moderate (11-20km)
53428,0,15,Mobile,1,14,Credit Card,Female,3,4,Laptop & Accessory,3,Single,8,0,15,2,3,2,175.03,1.0,1.2,1-5 Yrs,Moderate (11-20km)
53429,0,13,Mobile,1,7,Debit Card,Female,4,5,Grocery,2,Divorced,3,0,17,1,4,9,252.42000000000002,1.0,1.2,1-5 Yrs,Close (0-10km)
53430,0,1,Mobile,1,9,Debit Card,Female,3,4,Laptop & Accessory,2,Divorced,2,0,19,1,3,3,167.27,1.0,1.2,0-3 Mos (High Risk),Close (0-10km)
53431,0,9,Mobile,1,17,UPI,Male,3,4,Mobile,2,Married,3,0,21,2,2,3,164.17,1.0,1.2,4-12 Mos,Moderate (11-20km)
53432,0,16,Mobile,3,12,E wallet,Male,3,4,Others,3,Divorced,8,0,15,1,2,1,308.03,1.0,1.2,1-5 Yrs,Moderate (11-20km)
53433,0,24,Mobile,1,16,Debit Card,Male,4,4,Mobile,2,Divorced,6,0,19,2,2,1,148.8,1.0,1.2,1-5 Yrs,Moderate (11-20km)
53434,0,31,Mobile,1,9,Debit Card,Female,4,5,Grocery,2,Single,5,1,14,1,5,4,262.26,1.0,1.2,1-5 Yrs,Close (0-10km)
53435,1,1,Mobile,1,18,Credit Card,Female,4,6,Laptop & Accessory,4,Divorced,7,0,16,2,2,1,172.77,1.0,1.2,0-3 Mos (High Risk),Moderate (11-20km)
53436,0,29,Computer,1,25,Credit Card,Male,4,4,Laptop & Accessory,4,Divorced,5,1,15,7,7,8,188.85,2.0,2.4,1-5 Yrs,Far (21-50km)
53437,0,15,Computer,1,14,Debit Card,Female,3,6,Others,3,Married,3,0,23,2,6,11,324.73,1.0,1.2,1-5 Yrs,Moderate (11-20km)
53438,0,12,Mobile,3,10,Debit Card,Male,3,4,Laptop & Accessory,2,Single,10,1,13,2,2,1,193.61,1.0,1.2,4-12 Mos,Close (0-10km)
53439,1,1,Computer,3,36,Credit Card,Male,4,6,Laptop & Accessory,5,Single,10,0,19,1,3,3,174.69,1.0,1.2,0-3 Mos (High Risk),Far (21-50km)
53440,1,16,Mobile,3,9,E wallet,Female,3,6,Others,2,Divorced,3,0,16,6,7,10,323.45,1.0,1.2,1-5 Yrs,Close (0-10km)
53441,0,18,Mobile,3,35,Credit Card,Female,3,2,Grocery,2,Divorced,5,1,19,2,4,12,258.2,1.0,1.2,1-5 Yrs,Far (21-50km)
53442,0,24,Computer,3,7,Debit Card,Female,4,4,Laptop & Accessory,3,Divorced,2,0,13,2,2,14,188.47,1.0,1.2,1-5 Yrs,Close (0-10km)
53443,1,1,Mobile,1,23,Debit Card,Female,3,2,Mobile,5,Single,3,0,17,16,16,15,152.43,1.0,1.2,0-3 Mos (High Risk),Far (21-50km)
53444,0,13,Computer,1,29,Credit Card,Female,3,4,Fashion,5,Single,3,1,14,2,2,9,233.8,1.0,1.2,1-5 Yrs,Far (21-50km)
53445,0,7,Computer,3,15,Debit Card,Female,3,5,Mobile,2,Single,2,0,20,3,3,3,148.42,1.0,1.2,4-12 Mos,Moderate (11-20km)
53446,0,19,Mobile,3,18,Debit Card,Female,3,4,Grocery,2,Divorced,5,0,15,2,2,2,301.5,1.0,1.2,1-5 Yrs,Moderate (11-20km)
53447,0,6,Computer,1,36,Credit Card,Female,4,4,Mobile,3,Single,11,0,13,6,8,8,165.25,1.0,1.2,4-12 Mos,Far (21-50km)
53448,0,8,Mobile,3,7,E wallet,Male,4,2,Laptop & Accessory,2,Married,2,0,12,2,2,3,222.25,1.0,1.2,4-12 Mos,Close (0-10km)
53449,0,31,Mobile,3,7,Cash on Delivery,Male,4,4,Fashion,2,Divorced,5,1,15,1,2,5,244.04000000000002,1.0,1.2,1-5 Yrs,Close (0-10km)
53450,0,19,Mobile,2,31,Credit Card,Male,3,4,Mobile,4,Single,3,0,17,1,2,5,146.77,1.0,1.2,1-5 Yrs,Far (21-50km)
53451,0,27,Computer,3,9,E wallet,Female,3,5,Fashion,4,Divorced,4,0,13,1,7,13,200.25,1.0,1.2,1-5 Yrs,Close (0-10km)
53452,1,1,Mobile,1,22,UPI,Male,3,4,Laptop & Accessory,3,Married,9,0,15,1,2,1,173.34,1.0,1.2,0-3 Mos (High Risk),Far (21-50km)
53453,1,1,Computer,1,9,Debit Card,Male,3,4,Mobile,5,Divorced,8,1,15,2,2,3,145.42,1.0,1.2,0-3 Mos (High Risk),Close (0-10km)
53454,0,8,Mobile,3,17,Debit Card,Female,3,4,Mobile,3,Divorced,3,1,20,1,2,1,147.2,1.0,1.2,4-12 Mos,Moderate (11-20km)
53455,0,2,Mobile,3,17,Credit Card,Male,4,4,Mobile,4,Divorced,3,0,23,2,2,1,135.52,1.0,1.2,0-3 Mos (High Risk),Moderate (11-20km)
53456,0,12,Computer,1,10,UPI,Male,3,4,Mobile,3,Divorced,5,0,17,3,3,3,153.21,1.0,1.2,4-12 Mos,Close (0-10km)
53457,0,24,Mobile,1,9,Credit Card,Male,4,4,Others,3,Divorced,4,1,15,8,8,8,317.37,2.0,2.4,1-5 Yrs,Close (0-10km)
53458,0,11,Mobile,1,10,UPI,Female,3,4,Laptop & Accessory,4,Single,5,0,16,2,2,2,166.07,1.0,1.2,4-12 Mos,Close (0-10km)
53459,0,14,Mobile,3,33,E wallet,Male,4,4,Laptop & Accessory,5,Divorced,3,0,15,6,8,6,208.96,1.0,1.2,1-5 Yrs,Far (21-50km)
53460,0,1,Computer,1,7,Credit Card,Female,4,5,Mobile,3,Married,3,0,14,2,2,4,145.07,1.0,1.2,0-3 Mos (High Risk),Close (0-10km)
53461,0,20,Mobile,1,7,Credit Card,Male,3,4,Others,2,Married,11,0,15,2,3,3,321.27,1.0,1.2,1-5 Yrs,Close (0-10km)
53462,0,28,Mobile,3,9,Debit Card,Female,3,5,Fashion,3,Divorced,8,0,12,7,2,1,231.86,1.0,1.2,1-5 Yrs,Close (0-10km)
53463,0,30,Computer,1,16,Credit Card,Female,4,4,Mobile,3,Divorced,4,0,20,1,2,4,154.42,1.0,1.2,1-5 Yrs,Moderate (11-20km)
53464,0,10,Mobile,1,19,Credit Card,Female,3,5,Fashion,2,Single,2,0,12,6,8,3,213.58,1.0,1.2,4-12 Mos,Moderate (11-20km)
53465,0,29,Computer,1,9,Credit Card,Male,3,5,Grocery,5,Single,9,0,15,4,7,3,292.56,1.0,1.2,1-5 Yrs,Close (0-10km)
53466,0,17,Mobile,3,32,Credit Card,Male,4,5,Fashion,2,Married,7,0,14,2,2,1,259.0,1.0,1.2,1-5 Yrs,Far (21-50km)
53467,1,1,Computer,3,16,E wallet,Female,3,4,Mobile,2,Single,3,1,15,1,2,3,148.23,1.0,1.2,0-3 Mos (High Risk),Moderate (11-20km)
53468,1,1,Mobile,1,17,Debit Card,Female,3,5,Mobile,5,Single,3,0,14,2,2,1,139.16,1.0,1.2,0-3 Mos (High Risk),Moderate (11-20km)
53469,0,20,Mobile,1,15,Debit Card,Female,4,5,Laptop & Accessory,5,Married,10,1,24,2,2,8,171.15,1.0,1.2,1-5 Yrs,Moderate (11-20km)
53470,1,15,Mobile,1,11,Debit Card,Male,3,4,Mobile,3,Divorced,11,1,13,2,3,8,149.61,1.0,1.2,1-5 Yrs,Moderate (11-20km)
53471,1,1,Computer,1,31,Cash on Delivery,Male,4,5,Fashion,5,Single,3,0,13,1,2,3,212.22,1.0,1.2,0-3 Mos (High Risk),Far (21-50km)
53472,0,1,Mobile,1,7,Credit Card,Male,3,5,Mobile,5,Divorced,3,0,17,1,2,4,164.55,1.0,1.2,0-3 Mos (High Risk),Close (0-10km)
53473,0,4,Mobile,1,27,UPI,Male,3,4,Laptop & Accessory,5,Divorced,2,0,16,2,2,3,224.57,1.0,1.2,4-12 Mos,Far (21-50km)
53474,0,15,Mobile,1,14,Cash on Delivery,Female,3,2,Mobile,3,Divorced,3,0,14,2,2,9,158.76,1.0,1.2,1-5 Yrs,Moderate (11-20km)
53475,0,12,Mobile,1,24,Debit Card,Female,4,5,Fashion,3,Divorced,2,0,19,1,2,3,213.23,1.0,1.2,4-12 Mos,Far (21-50km)
53476,0,14,Mobile,1,27,Cash on Delivery,Male,4,4,Fashion,2,Divorced,6,0,21,5,12,3,228.22,1.0,1.2,1-5 Yrs,Far (21-50km)
53477,0,1,Computer,1,15,Debit Card,Male,3,6,Mobile,3,Divorced,3,0,20,2,2,3,171.21,1.0,1.2,0-3 Mos (High Risk),Moderate (11-20km)
53478,0,29,Computer,1,9,Debit Card,Male,4,4,Fashion,4,Divorced,5,0,19,2,2,3,234.76,1.0,1.2,1-5 Yrs,Close (0-10km)
53479,0,2,Mobile,1,17,UPI,Female,3,4,Laptop & Accessory,3,Single,5,0,14,2,2,8,161.6,1.0,1.2,0-3 Mos (High Risk),Moderate (11-20km)
53480,1,8,Mobile,2,7,Credit Card,Male,4,5,Fashion,5,Divorced,11,0,15,3,4,3,229.82,1.0,1.2,4-12 Mos,Close (0-10km)
53481,0,7,Mobile,1,12,Debit Card,Male,3,5,Fashion,2,Married,6,0,16,1,2,3,196.19,1.0,1.2,4-12 Mos,Moderate (11-20km)
53482,1,1,Mobile,3,11,Cash on Delivery,Male,3,4,Fashion,5,Single,2,1,23,4,5,3,220.82,1.0,1.2,0-3 Mos (High Risk),Moderate (11-20km)
53483,1,1,Computer,1,36,Credit Card,Female,3,5,Laptop & Accessory,3,Single,3,0,23,4,4,9,170.08,1.0,1.2,0-3 Mos (High Risk),Far (21-50km)
53484,0,2,Mobile,1,22,Debit Card,Male,3,4,Mobile,3,Married,3,0,17,3,3,3,147.07,1.0,1.2,0-3 Mos (High Risk),Far (21-50km)
53485,0,8,Computer,1,10,Debit Card,Male,3,4,Laptop & Accessory,2,Single,2,0,18,2,2,5,202.56,1.0,1.2,4-12 Mos,Close (0-10km)
53486,0,11,Mobile,3,17,Debit Card,Female,3,5,Laptop & Accessory,2,Married,4,1,15,1,2,1,191.94,1.0,1.2,4-12 Mos,Moderate (11-20km)
53487,1,1,Mobile,1,11,Cash on Delivery,Male,3,4,Mobile,2,Divorced,3,1,16,6,6,7,161.91,2.0,2.4,0-3 Mos (High Risk),Moderate (11-20km)
53488,1,1,Mobile,1,28,Credit Card,Male,3,4,Mobile,3,Married,3,0,21,2,2,1,148.77,1.0,1.2,0-3 Mos (High Risk),Far (21-50km)
53489,1,1,Mobile,1,32,Credit Card,Male,3,5,Mobile,4,Single,6,1,21,1,3,3,148.13,1.0,1.2,0-3 Mos (High Risk),Far (21-50km)
53490,0,16,Mobile,1,9,Credit Card,Male,3,4,Grocery,5,Divorced,2,0,15,6,14,8,301.65,1.0,1.2,1-5 Yrs,Close (0-10km)
53491,1,1,Computer,1,5,Credit Card,Male,3,5,Mobile,4,Married,3,0,16,1,2,1,150.96,1.0,1.2,0-3 Mos (High Risk),Close (0-10km)
53492,1,14,Computer,3,7,UPI,Male,3,4,Laptop & Accessory,3,Single,5,1,15,1,2,1,172.28,1.0,1.2,1-5 Yrs,Close (0-10km)
53493,0,7,Computer,3,14,Debit Card,Female,2,4,Laptop & Accessory,4,Divorced,2,0,18,2,2,3,168.02,1.0,1.2,4-12 Mos,Moderate (11-20km)
53494,0,8,Computer,1,10,Debit Card,Male,3,5,Mobile,2,Divorced,5,0,18,2,2,1,154.79,1.0,1.2,4-12 Mos,Close (0-10km)
53495,0,22,Computer,1,7,Credit Card,Male,3,2,Grocery,2,Single,4,0,15,1,3,2,293.85,1.0,1.2,1-5 Yrs,Close (0-10km)
53496,0,19,Computer,3,16,Debit Card,Female,4,5,Laptop & Accessory,3,Divorced,3,0,14,1,5,13,180.93,1.0,1.2,1-5 Yrs,Moderate (11-20km)
53497,0,26,Mobile,1,14,Debit Card,Male,3,4,Fashion,4,Single,9,0,20,4,5,3,229.45,1.0,1.2,1-5 Yrs,Moderate (11-20km)
53498,0,12,Mobile,3,17,E wallet,Male,4,5,Fashion,3,Married,2,1,15,3,3,3,212.4,1.0,1.2,4-12 Mos,Moderate (11-20km)
53499,0,3,Mobile,1,35,Debit Card,Female,4,4,Mobile,2,Married,6,0,23,1,2,8,150.14,1.0,1.2,0-3 Mos (High Risk),Far (21-50km)
53500,0,2,Mobile,1,10,Credit Card,Female,4,4,Fashion,4,Married,2,0,18,1,2,8,201.55,1.0,1.2,0-3 Mos (High Risk),Close (0-10km)
53501,0,20,Mobile,3,10,E wallet,Male,3,4,Grocery,3,Divorced,5,0,15,2,5,10,299.65,1.0,1.2,1-5 Yrs,Close (0-10km)
53502,0,12,Mobile,3,9,E wallet,Male,3,4,Fashion,4,Single,9,0,17,2,2,1,198.51,1.0,1.2,4-12 Mos,Close (0-10km)
53503,0,17,Computer,1,34,Debit Card,Female,3,4,Fashion,5,Divorced,10,0,12,1,2,2,233.2,1.0,1.2,1-5 Yrs,Far (21-50km)
53504,1,3,Computer,1,9,Debit Card,Male,3,4,Grocery,2,Married,9,0,12,8,4,6,246.69,1.0,1.2,0-3 Mos (High Risk),Close (0-10km)
53505,0,14,Mobile,1,21,Credit Card,Male,3,5,Others,3,Single,3,0,15,5,5,10,321.26,1.0,1.2,1-5 Yrs,Far (21-50km)
53506,0,1,Mobile,1,7,Cash on Delivery,Female,4,5,Mobile,4,Single,3,1,12,1,3,3,145.7,1.0,1.2,0-3 Mos (High Risk),Close (0-10km)
53507,0,13,Computer,1,16,Debit Card,Male,4,4,Laptop & Accessory,4,Single,22,0,16,2,2,4,192.82,1.0,1.2,1-5 Yrs,Moderate (11-20km)
53508,0,10,Computer,1,25,Debit Card,Male,4,4,Laptop & Accessory,2,Single,4,0,21,2,2,10,202.79,1.0,1.2,4-12 Mos,Far (21-50km)
53509,0,5,Computer,3,27,Debit Card,Male,4,2,Mobile,2,Divorced,2,0,13,2,3,3,152.91,1.0,1.2,4-12 Mos,Far (21-50km)
53510,0,2,Mobile,1,9,Debit Card,Male,4,5,Mobile,4,Divorced,2,0,18,1,2,5,157.01,1.0,1.2,0-3 Mos (High Risk),Close (0-10km)
53511,0,9,Computer,3,18,E wallet,Male,3,4,Laptop & Accessory,2,Married,3,0,12,1,2,3,174.68,1.0,1.2,4-12 Mos,Moderate (11-20km)
53512,0,23,Mobile,3,15,Cash on Delivery,Male,3,5,Grocery,4,Divorced,8,0,18,2,4,4,256.2,1.0,1.2,1-5 Yrs,Moderate (11-20km)
53513,0,8,Computer,1,9,Debit Card,Male,4,4,Laptop & Accessory,3,Single,4,0,12,2,2,3,165.33,1.0,1.2,4-12 Mos,Close (0-10km)
53514,0,3,Computer,1,17,Debit Card,Female,4,4,Mobile,4,Married,2,0,15,2,2,2,157.91,1.0,1.2,0-3 Mos (High Risk),Moderate (11-20km)
53515,0,16,Mobile,1,36,Credit Card,Male,3,6,Laptop & Accessory,2,Single,6,0,20,2,2,1,167.72,1.0,1.2,1-5 Yrs,Far (21-50km)
53516,0,3,Mobile,1,15,Credit Card,Male,4,5,Laptop & Accessory,2,Divorced,3,1,14,1,2,3,175.56,1.0,1.2,0-3 Mos (High Risk),Moderate (11-20km)
53517,0,12,Mobile,2,7,UPI,Male,3,2,Mobile,3,Divorced,3,0,14,2,6,1,153.44,1.0,1.2,4-12 Mos,Close (0-10km)
53518,0,5,Computer,1,13,Debit Card,Male,3,5,Mobile,3,Married,3,1,15,2,2,3,152.03,1.0,1.2,4-12 Mos,Moderate (11-20km)
53519,1,1,Computer,1,15,Credit Card,Male,4,4,Mobile,3,Single,3,0,13,1,2,1,144.04,1.0,1.2,0-3 Mos (High Risk),Moderate (11-20km)
53520,1,1,Mobile,3,16,E wallet,Female,4,4,Laptop & Accessory,5,Single,2,1,18,1,2,4,207.24,1.0,1.2,0-3 Mos (High Risk),Moderate (11-20km)
53521,0,15,Mobile,1,19,Debit Card,Male,3,4,Mobile,2,Divorced,5,1,12,2,2,1,172.66,1.0,1.2,1-5 Yrs,Moderate (11-20km)
53522,1,1,Computer,1,22,Credit Card,Male,4,4,Mobile,3,Divorced,3,0,13,3,3,3,151.1,1.0,1.2,0-3 Mos (High Risk),Far (21-50km)
53523,0,11,Mobile,1,32,Credit Card,Female,3,5,Laptop & Accessory,2,Married,9,0,14,1,2,4,182.31,1.0,1.2,4-12 Mos,Far (21-50km)
53524,0,1,Mobile,1,13,Debit Card,Male,3,5,Mobile,3,Divorced,3,0,14,3,3,3,150.39,1.0,1.2,0-3 Mos (High Risk),Moderate (11-20km)
53525,0,8,Mobile,3,16,Debit Card,Female,4,4,Laptop & Accessory,3,Divorced,3,0,21,2,2,4,182.14,1.0,1.2,4-12 Mos,Moderate (11-20km)
53526,0,9,Mobile,2,15,Cash on Delivery,Male,4,4,Mobile,3,Single,3,0,18,1,2,5,168.23,1.0,1.2,4-12 Mos,Moderate (11-20km)
53527,1,1,Mobile,3,30,Debit Card,Female,3,5,Fashion,5,Divorced,3,0,14,1,4,11,198.36,1.0,1.2,0-3 Mos (High Risk),Far (21-50km)
53528,0,14,Computer,1,16,Credit Card,Female,3,4,Fashion,3,Single,11,0,18,1,2,14,259.99,1.0,1.2,1-5 Yrs,Moderate (11-20km)
53529,1,6,Computer,3,19,Debit Card,Male,3,4,Grocery,5,Single,2,1,13,1,14,15,262.58,3.0,3.5999999999999996,4-12 Mos,Moderate (11-20km)
53530,0,16,Mobile,3,11,E wallet,Male,3,4,Laptop & Accessory,5,Single,9,0,14,2,2,6,176.55,1.0,1.2,1-5 Yrs,Moderate (11-20km)
53531,0,9,Mobile,1,7,Credit Card,Male,3,5,Mobile,3,Divorced,8,0,13,2,2,8,147.58,1.0,1.2,4-12 Mos,Close (0-10km)
53532,0,1,Mobile,1,31,Credit Card,Male,3,4,Mobile,4,Single,10,0,23,2,2,3,160.97,1.0,1.2,0-3 Mos (High Risk),Far (21-50km)
53533,1,1,Mobile,1,19,Debit Card,Female,4,4,Mobile,2,Divorced,3,1,12,2,2,1,150.15,1.0,1.2,0-3 Mos (High Risk),Moderate (11-20km)
53534,0,1,Mobile,1,10,Credit Card,Male,3,2,Mobile,2,Divorced,3,0,23,2,2,8,169.2,1.0,1.2,0-3 Mos (High Risk),Close (0-10km)
53535,0,4,Mobile,3,17,E wallet,Male,4,5,Laptop & Accessory,3,Divorced,3,0,19,2,2,5,190.78,1.0,1.2,4-12 Mos,Moderate (11-20km)
53536,0,14,Computer,1,33,Credit Card,Female,4,5,Laptop & Accessory,2,Divorced,5,1,14,2,2,1,169.22,1.0,1.2,1-5 Yrs,Far (21-50km)
53537,0,9,Mobile,1,9,Debit Card,Male,3,5,Fashion,4,Married,4,0,19,7,7,3,227.74,1.0,1.2,4-12 Mos,Close (0-10km)
53538,0,8,Computer,1,7,Credit Card,Male,4,5,Laptop & Accessory,5,Single,2,0,21,2,5,10,178.43,1.0,1.2,4-12 Mos,Close (0-10km)
53539,0,9,Computer,1,11,UPI,Male,3,5,Mobile,2,Divorced,3,0,14,3,3,3,148.76,1.0,1.2,4-12 Mos,Moderate (11-20km)
53540,1,7,Mobile,3,16,E wallet,Female,3,6,Laptop & Accessory,3,Single,10,0,14,2,2,4,178.46,1.0,1.2,4-12 Mos,Moderate (11-20km)
53541,0,6,Computer,3,9,Debit Card,Female,4,4,Mobile,5,Married,3,0,13,1,2,1,153.27,1.0,1.2,4-12 Mos,Close (0-10km)
53542,0,30,Mobile,1,11,Cash on Delivery,Female,4,4,Others,5,Married,6,0,14,1,5,3,324.43,1.0,1.2,1-5 Yrs,Moderate (11-20km)
53543,0,3,Mobile,1,13,Credit Card,Female,3,4,Mobile,2,Divorced,3,0,14,1,2,9,156.31,1.0,1.2,0-3 Mos (High Risk),Moderate (11-20km)
53544,0,1,Mobile,1,16,Debit Card,Male,3,4,Mobile,5,Single,3,0,26,1,2,1,150.52,1.0,1.2,0-3 Mos (High Risk),Moderate (11-20km)
53545,0,19,Mobile,1,14,Credit Card,Female,3,4,Mobile,3,Divorced,6,1,20,2,2,3,169.77,1.0,1.2,1-5 Yrs,Moderate (11-20km)
53546,0,11,Mobile,1,7,Debit Card,Female,3,5,Laptop & Accessory,2,Divorced,3,0,14,4,4,12,189.74,1.0,1.2,4-12 Mos,Close (0-10km)
53547,0,1,Mobile,1,10,Debit Card,Male,3,5,Mobile,3,Single,3,0,13,1,2,3,155.33,1.0,1.2,0-3 Mos (High Risk),Close (0-10km)
53548,1,8,Mobile,1,17,Debit Card,Male,4,4,Mobile,3,Single,3,1,12,2,2,3,154.36,1.0,1.2,4-12 Mos,Moderate (11-20km)
53549,0,27,Mobile,1,14,Credit Card,Female,3,4,Others,3,Married,5,0,15,5,5,8,311.06,1.0,1.2,1-5 Yrs,Moderate (11-20km)
53550,0,3,Mobile,1,22,Debit Card,Female,4,6,Mobile,2,Divorced,2,1,19,2,2,4,146.68,1.0,1.2,0-3 Mos (High Risk),Far (21-50km)
53551,1,1,Computer,1,10,Debit Card,Male,3,5,Mobile,2,Divorced,2,1,12,1,2,1,153.53,1.0,1.2,0-3 Mos (High Risk),Close (0-10km)
53552,0,20,Mobile,3,9,E wallet,Female,4,4,Grocery,5,Divorced,10,0,15,13,16,10,295.48,1.0,1.2,1-5 Yrs,Close (0-10km)
53553,0,18,Computer,1,24,Debit Card,Male,4,6,Mobile,3,Single,4,0,14,2,2,1,147.9,1.0,1.2,1-5 Yrs,Far (21-50km)
53554,0,7,Mobile,2,9,UPI,Male,3,4,Mobile,3,Divorced,3,0,14,1,2,5,161.0,1.0,1.2,4-12 Mos,Close (0-10km)
53555,1,5,Computer,1,12,Debit Card,Male,4,5,Mobile,5,Married,8,0,18,2,2,1,146.07,1.0,1.2,4-12 Mos,Moderate (11-20km)
53556,0,4,Mobile,3,36,Debit Card,Male,4,4,Laptop & Accessory,5,Married,10,0,20,2,2,4,166.15,1.0,1.2,4-12 Mos,Far (21-50km)
53557,0,14,Computer,3,9,Credit Card,Male,4,4,Laptop & Accessory,4,Divorced,7,0,13,2,2,1,168.27,1.0,1.2,1-5 Yrs,Close (0-10km)
53558,0,24,Computer,1,9,Credit Card,Female,2,4,Grocery,5,Divorced,4,0,15,3,3,3,303.56,1.0,1.2,1-5 Yrs,Close (0-10km)
53559,0,2,Mobile,1,26,Credit Card,Male,4,5,Mobile,5,Divorced,3,0,13,2,4,4,156.96,1.0,1.2,0-3 Mos (High Risk),Far (21-50km)
53560,0,20,Mobile,1,22,Debit Card,Male,3,4,Others,4,Divorced,7,0,15,2,2,4,315.81,1.0,1.2,1-5 Yrs,Far (21-50km)
53561,0,9,Mobile,3,24,Debit Card,Male,4,4,Laptop & Accessory,5,Divorced,5,1,16,2,2,3,214.66,1.0,1.2,4-12 Mos,Far (21-50km)
53562,1,1,Mobile,1,24,Debit Card,Female,4,4,Mobile,4,Divorced,3,0,14,1,2,1,147.1,1.0,1.2,0-3 Mos (High Risk),Far (21-50km)
53563,0,7,Computer,3,32,Credit Card,Female,3,4,Laptop & Accessory,3,Divorced,3,0,13,1,2,2,170.39,1.0,1.2,4-12 Mos,Far (21-50km)
53564,0,10,Mobile,1,13,Debit Card,Male,3,6,Mobile,3,Married,3,0,15,1,2,8,152.41,1.0,1.2,4-12 Mos,Moderate (11-20km)
53565,0,4,Mobile,1,14,Debit Card,Male,3,4,Laptop & Accessory,3,Married,3,0,14,9,9,10,159.91,1.0,1.2,4-12 Mos,Moderate (11-20km)
53566,0,18,Mobile,1,36,UPI,Male,3,4,Laptop & Accessory,2,Single,3,0,26,2,2,18,170.41,1.0,1.2,1-5 Yrs,Far (21-50km)
53567,0,1,Mobile,3,28,E wallet,Male,3,2,Mobile,2,Single,3,0,18,1,3,3,151.78,1.0,1.2,0-3 Mos (High Risk),Far (21-50km)
53568,0,20,Mobile,1,9,Cash on Delivery,Male,3,4,Laptop & Accessory,2,Married,4,0,12,2,2,5,198.79,1.0,1.2,1-5 Yrs,Close (0-10km)
53569,0,16,Computer,2,9,Credit Card,Male,4,2,Laptop & Accessory,5,Divorced,9,0,17,1,2,4,187.72,1.0,1.2,1-5 Yrs,Close (0-10km)
53570,0,31,Mobile,3,14,E wallet,Male,3,2,Laptop & Accessory,2,Married,2,1,19,1,2,10,177.2,1.0,1.2,1-5 Yrs,Moderate (11-20km)
53571,0,6,Computer,1,20,UPI,Female,4,5,Mobile,4,Divorced,3,0,21,1,3,3,152.43,1.0,1.2,4-12 Mos,Moderate (11-20km)
53572,0,6,Computer,1,9,Debit Card,Female,3,4,Laptop & Accessory,3,Single,6,1,15,2,2,8,174.98,1.0,1.2,4-12 Mos,Close (0-10km)
53573,0,10,Mobile,1,7,Cash on Delivery,Female,4,6,Fashion,5,Married,4,1,22,6,8,3,227.52,2.0,2.4,4-12 Mos,Close (0-10km)
53574,0,7,Mobile,1,16,Credit Card,Male,3,4,Mobile,2,Divorced,2,0,14,2,5,11,152.81,1.0,1.2,4-12 Mos,Moderate (11-20km)
53575,0,14,Mobile,3,17,Cash on Delivery,Female,3,5,Laptop & Accessory,4,Married,9,0,13,2,2,4,193.52,1.0,1.2,1-5 Yrs,Moderate (11-20km)
53576,0,1,Mobile,3,17,Debit Card,Male,3,4,Laptop & Accessory,2,Single,2,0,15,1,2,2,174.5,1.0,1.2,0-3 Mos (High Risk),Moderate (11-20km)
53577,0,4,Mobile,1,7,Credit Card,Male,4,4,Mobile,4,Divorced,2,1,22,2,6,8,160.79,2.0,2.4,4-12 Mos,Close (0-10km)
53578,0,16,Computer,1,33,Credit Card,Female,3,4,Fashion,5,Divorced,5,1,18,1,2,1,256.91,1.0,1.2,1-5 Yrs,Far (21-50km)
53579,0,9,Computer,3,15,E wallet,Female,4,5,Fashion,2,Divorced,6,1,12,3,5,3,228.77,1.0,1.2,4-12 Mos,Moderate (11-20km)
53580,0,1,Mobile,1,21,Debit Card,Male,3,4,Mobile,5,Divorced,3,1,15,3,7,9,147.35,2.0,2.4,0-3 Mos (High Risk),Far (21-50km)
53581,0,28,Computer,1,7,Debit Card,Female,3,4,Fashion,3,Married,9,0,18,2,2,3,230.02,1.0,1.2,1-5 Yrs,Close (0-10km)
53582,0,18,Mobile,1,9,Debit Card,Female,4,2,Mobile,2,Divorced,3,0,14,7,8,8,145.11,1.0,1.2,1-5 Yrs,Close (0-10km)
53583,1,1,Computer,1,17,Credit Card,Female,4,5,Mobile,4,Single,3,1,26,2,2,1,143.59,1.0,1.2,0-3 Mos (High Risk),Moderate (11-20km)
53584,0,3,Mobile,1,7,Debit Card,Female,4,4,Mobile,2,Married,3,0,16,1,2,3,162.6,1.0,1.2,0-3 Mos (High Risk),Close (0-10km)
53585,0,28,Mobile,1,10,Debit Card,Male,3,4,Grocery,2,Divorced,5,0,15,2,2,10,302.79,1.0,1.2,1-5 Yrs,Close (0-10km)
53586,0,5,Mobile,1,18,Credit Card,Male,4,4,Laptop & Accessory,5,Divorced,3,1,13,1,2,2,193.33,1.0,1.2,4-12 Mos,Moderate (11-20km)
53587,0,5,Mobile,1,31,Credit Card,Female,4,5,Laptop & Accessory,5,Single,3,0,20,1,2,9,193.12,1.0,1.2,4-12 Mos,Far (21-50km)
53588,0,31,Mobile,3,10,Debit Card,Female,3,5,Laptop & Accessory,2,Single,7,0,18,1,2,6,176.71,1.0,1.2,1-5 Yrs,Close (0-10km)
53589,0,17,Mobile,1,10,Debit Card,Male,4,6,Others,2,Divorced,5,0,15,2,2,8,322.4,1.0,1.2,1-5 Yrs,Close (0-10km)
53590,0,23,Mobile,1,11,Credit Card,Male,3,5,Others,3,Divorced,4,0,15,1,2,1,312.11,1.0,1.2,1-5 Yrs,Moderate (11-20km)
53591,0,10,Computer,1,10,Cash on Delivery,Male,3,4,Mobile,4,Divorced,3,0,13,2,2,8,161.92,1.0,1.2,4-12 Mos,Close (0-10km)
53592,0,22,Mobile,1,9,Cash on Delivery,Male,4,2,Mobile,4,Single,7,0,12,1,2,1,150.59,1.0,1.2,1-5 Yrs,Close (0-10km)
53593,0,1,Mobile,1,11,Debit Card,Male,4,4,Mobile,3,Married,3,0,12,2,2,4,150.17,1.0,1.2,0-3 Mos (High Risk),Moderate (11-20km)
53594,0,3,Mobile,1,14,Debit Card,Male,3,4,Laptop & Accessory,2,Married,3,1,12,1,2,1,191.23,1.0,1.2,0-3 Mos (High Risk),Moderate (11-20km)
53595,0,22,Mobile,1,7,Debit Card,Male,4,5,Others,2,Single,8,0,15,2,2,1,307.65,1.0,1.2,1-5 Yrs,Close (0-10km)
53596,0,3,Mobile,1,7,Debit Card,Female,3,5,Grocery,2,Married,5,0,15,1,2,8,286.24,1.0,1.2,0-3 Mos (High Risk),Close (0-10km)
53597,0,8,Mobile,1,27,Cash on Delivery,Female,3,2,Mobile,3,Divorced,2,0,18,2,2,1,150.85,1.0,1.2,4-12 Mos,Far (21-50km)
53598,0,18,Mobile,3,12,E wallet,Male,3,4,Others,4,Divorced,9,0,15,2,4,11,307.13,1.0,1.2,1-5 Yrs,Moderate (11-20km)
53599,0,7,Mobile,3,17,E wallet,Male,3,2,Fashion,3,Married,2,1,15,2,2,9,208.8,1.0,1.2,4-12 Mos,Moderate (11-20km)
53600,0,1,Mobile,1,32,Debit Card,Female,3,2,Mobile,2,Single,3,1,13,2,2,2,154.94,1.0,1.2,0-3 Mos (High Risk),Far (21-50km)
53601,0,1,Mobile,1,7,Debit Card,Male,3,4,Mobile,3,Divorced,3,0,23,1,2,2,137.23,1.0,1.2,0-3 Mos (High Risk),Close (0-10km)
53602,1,1,Computer,3,31,Debit Card,Male,4,6,Mobile,2,Single,3,1,15,2,2,1,136.18,1.0,1.2,0-3 Mos (High Risk),Far (21-50km)
53603,0,1,Mobile,1,11,Debit Card,Male,3,4,Mobile,2,Single,3,1,21,1,3,3,153.75,1.0,1.2,0-3 Mos (High Risk),Moderate (11-20km)
53604,1,9,Mobile,3,9,E wallet,Female,4,6,Others,4,Single,4,1,15,1,2,12,313.24,1.0,1.2,4-12 Mos,Close (0-10km)
53605,0,29,Computer,1,15,Credit Card,Male,3,5,Grocery,4,Married,3,1,16,4,16,1,260.77,4.0,4.8,1-5 Yrs,Moderate (11-20km)
53606,1,1,Computer,1,17,Debit Card,Female,3,5,Mobile,3,Single,3,0,21,3,3,3,151.25,1.0,1.2,0-3 Mos (High Risk),Moderate (11-20km)
53607,0,20,Mobile,3,11,E wallet,Female,3,5,Others,4,Divorced,4,0,15,2,2,9,312.89,1.0,1.2,1-5 Yrs,Moderate (11-20km)
53608,0,8,Mobile,3,9,E wallet,Female,3,4,Laptop & Accessory,5,Single,2,1,13,2,2,3,170.38,1.0,1.2,4-12 Mos,Close (0-10km)
53609,0,25,Computer,3,16,Debit Card,Male,3,4,Others,4,Married,6,1,25,3,12,11,323.47,3.0,3.5999999999999996,1-5 Yrs,Moderate (11-20km)
53610,0,31,Mobile,1,25,Credit Card,Male,4,4,Fashion,2,Single,8,0,13,2,6,3,230.12,1.0,1.2,1-5 Yrs,Far (21-50km)
53611,0,8,Computer,1,26,Credit Card,Female,3,4,Laptop & Accessory,4,Married,6,0,14,4,6,11,169.44,1.0,1.2,4-12 Mos,Far (21-50km)
53612,0,2,Computer,1,7,Credit Card,Male,3,4,Mobile,3,Single,2,1,12,1,2,3,146.54,1.0,1.2,0-3 Mos (High Risk),Close (0-10km)
53613,0,18,Mobile,1,11,Debit Card,Male,4,2,Others,5,Married,3,0,15,2,15,14,316.9,1.0,1.2,1-5 Yrs,Moderate (11-20km)
53614,0,8,Computer,2,18,Debit Card,Male,3,5,Laptop & Accessory,4,Divorced,6,0,12,1,2,9,169.9,1.0,1.2,4-12 Mos,Moderate (11-20km)
53615,0,9,Mobile,1,13,Debit Card,Male,4,4,Mobile,3,Divorced,2,1,15,2,3,3,160.06,1.0,1.2,4-12 Mos,Moderate (11-20km)
53616,0,16,Mobile,1,14,Credit Card,Female,4,2,Laptop & Accessory,4,Divorced,8,1,17,1,2,1,148.72,1.0,1.2,1-5 Yrs,Moderate (11-20km)
53617,0,17,Mobile,3,11,E wallet,Female,3,5,Fashion,2,Single,5,0,15,11,16,3,227.31,1.0,1.2,1-5 Yrs,Moderate (11-20km)
53618,0,10,Mobile,1,9,Debit Card,Female,3,4,Laptop & Accessory,4,Single,11,1,12,5,6,13,179.1,2.0,2.4,4-12 Mos,Close (0-10km)
53619,1,8,Mobile,1,22,Credit Card,Female,4,4,Fashion,2,Divorced,3,0,12,1,2,6,204.78,1.0,1.2,4-12 Mos,Far (21-50km)
53620,0,2,Computer,1,9,Debit Card,Male,3,5,Mobile,2,Divorced,3,1,13,3,3,3,163.67,1.0,1.2,0-3 Mos (High Risk),Close (0-10km)
53621,0,25,Computer,1,13,Credit Card,Female,3,5,Mobile,3,Single,2,0,15,8,8,8,153.38,1.0,1.2,1-5 Yrs,Moderate (11-20km)
53622,0,4,Computer,1,16,Credit Card,Female,4,4,Laptop & Accessory,3,Single,9,1,19,2,2,8,171.95,1.0,1.2,4-12 Mos,Moderate (11-20km)
53623,1,1,Mobile,1,14,Cash on Delivery,Female,3,4,Mobile,3,Married,5,1,14,2,8,8,158.39,2.0,2.4,0-3 Mos (High Risk),Moderate (11-20km)
53624,0,2,Mobile,1,7,Cash on Delivery,Male,3,4,Mobile,5,Single,4,0,12,1,2,3,145.8,1.0,1.2,0-3 Mos (High Risk),Close (0-10km)
53625,0,1,Mobile,1,7,Credit Card,Female,3,4,Mobile,4,Single,3,0,19,2,3,2,145.96,1.0,1.2,0-3 Mos (High Risk),Close (0-10km)
53626,0,6,Mobile,3,15,Credit Card,Male,3,2,Laptop & Accessory,2,Divorced,3,0,16,1,2,9,187.09,1.0,1.2,4-12 Mos,Moderate (11-20km)
53627,0,19,Computer,1,32,Credit Card,Female,3,4,Others,4,Single,5,0,15,2,2,1,305.61,1.0,1.2,1-5 Yrs,Far (21-50km)
53628,0,13,Mobile,1,20,Credit Card,Female,4,5,Grocery,4,Married,8,1,15,14,16,3,296.23,4.0,4.8,1-5 Yrs,Moderate (11-20km)
53629,0,31,Mobile,1,30,Debit Card,Male,3,4,Mobile,3,Married,3,0,13,3,3,3,148.72,1.0,1.2,1-5 Yrs,Far (21-50km)
53630,1,1,Mobile,1,14,Debit Card,Male,4,4,Laptop & Accessory,3,Divorced,3,0,19,2,2,2,173.83,1.0,1.2,0-3 Mos (High Risk),Moderate (11-20km)
53631,1,3,Mobile,1,30,Credit Card,Male,4,4,Mobile,5,Single,2,0,14,1,2,4,164.04,1.0,1.2,0-3 Mos (High Risk),Far (21-50km)
53632,0,4,Mobile,1,13,Cash on Delivery,Female,3,5,Laptop & Accessory,2,Divorced,2,0,13,6,7,8,171.27,1.0,1.2,4-12 Mos,Moderate (11-20km)
53633,0,10,Mobile,1,17,Cash on Delivery,Female,4,4,Fashion,3,Divorced,5,0,13,1,2,8,195.94,1.0,1.2,4-12 Mos,Moderate (11-20km)
53634,0,20,Mobile,2,7,Debit Card,Female,3,4,Mobile,5,Single,8,0,13,4,6,8,159.23,1.0,1.2,1-5 Yrs,Close (0-10km)
53635,0,2,Computer,1,7,Debit Card,Female,3,6,Laptop & Accessory,2,Divorced,2,0,12,8,8,6,191.74,1.0,1.2,0-3 Mos (High Risk),Close (0-10km)
53636,0,24,Mobile,1,35,Debit Card,Female,3,4,Grocery,5,Divorced,6,1,15,1,2,3,293.8,1.0,1.2,1-5 Yrs,Far (21-50km)
53637,1,4,Mobile,3,32,E wallet,Male,3,5,Fashion,4,Single,4,1,13,1,2,3,215.94,1.0,1.2,4-12 Mos,Far (21-50km)
53638,1,16,Mobile,3,12,Debit Card,Male,4,4,Fashion,4,Single,11,1,20,6,8,3,209.46,2.0,2.4,1-5 Yrs,Moderate (11-20km)
53639,0,4,Mobile,1,24,Credit Card,Female,4,4,Fashion,5,Divorced,3,1,24,1,2,9,244.16000000000003,1.0,1.2,4-12 Mos,Far (21-50km)
53640,0,13,Mobile,1,25,Debit Card,Male,3,4,Laptop & Accessory,3,Single,2,0,12,1,2,8,170.34,1.0,1.2,1-5 Yrs,Far (21-50km)
53641,0,5,Computer,3,9,Debit Card,Female,3,4,Fashion,3,Married,3,1,20,4,10,3,223.52,2.0,2.4,4-12 Mos,Close (0-10km)
53642,0,15,Computer,3,17,Credit Card,Male,3,6,Laptop & Accessory,4,Single,3,0,14,4,12,10,186.51,1.0,1.2,1-5 Yrs,Moderate (11-20km)
53643,1,1,Computer,3,7,Debit Card,Female,3,4,Mobile,4,Single,3,1,12,2,3,3,148.02,1.0,1.2,0-3 Mos (High Risk),Close (0-10km)
53644,1,8,Mobile,1,10,Debit Card,Male,3,4,Mobile,5,Divorced,6,0,13,2,2,3,148.62,1.0,1.2,4-12 Mos,Close (0-10km)
53645,0,16,Computer,1,9,Debit Card,Male,3,4,Grocery,3,Divorced,2,1,15,1,3,11,303.61,1.0,1.2,1-5 Yrs,Close (0-10km)
53646,0,29,Mobile,1,9,Credit Card,Female,3,6,Others,3,Divorced,6,0,15,6,10,12,316.87,1.0,1.2,1-5 Yrs,Close (0-10km)
53647,0,30,Mobile,2,15,Debit Card,Male,3,4,Others,4,Single,8,0,15,2,8,8,322.17,1.0,1.2,1-5 Yrs,Moderate (11-20km)
53648,0,14,Computer,1,23,Debit Card,Male,4,4,Mobile,3,Married,11,0,17,2,2,1,160.44,1.0,1.2,1-5 Yrs,Far (21-50km)
53649,0,8,Mobile,1,16,Debit Card,Male,3,4,Fashion,2,Married,2,0,12,2,2,3,210.0,1.0,1.2,4-12 Mos,Moderate (11-20km)
53650,0,14,Mobile,1,9,Debit Card,Male,4,4,Laptop & Accessory,2,Single,3,0,14,4,9,9,171.61,1.0,1.2,1-5 Yrs,Close (0-10km)
53651,0,15,Computer,3,7,E wallet,Female,4,4,Laptop & Accessory,5,Married,2,0,18,1,2,8,166.03,1.0,1.2,1-5 Yrs,Close (0-10km)
53652,0,9,Computer,1,11,Debit Card,Male,3,4,Laptop & Accessory,3,Single,3,1,12,2,2,2,167.49,1.0,1.2,4-12 Mos,Moderate (11-20km)
53653,0,25,Mobile,2,12,Debit Card,Male,3,4,Grocery,4,Married,3,1,12,1,2,11,265.26,1.0,1.2,1-5 Yrs,Moderate (11-20km)
53654,0,12,Mobile,3,9,Debit Card,Female,3,4,Laptop & Accessory,5,Married,5,0,16,1,2,8,193.93,1.0,1.2,4-12 Mos,Close (0-10km)
53655,0,8,Mobile,3,22,Credit Card,Female,4,4,Laptop & Accessory,5,Single,3,0,13,2,10,7,186.25,1.0,1.2,4-12 Mos,Far (21-50km)
53656,0,1,Mobile,1,26,Credit Card,Male,4,4,Mobile,2,Divorced,5,0,12,2,2,3,161.69,1.0,1.2,0-3 Mos (High Risk),Far (21-50km)
53657,1,21,Mobile,1,14,Credit Card,Female,3,5,Fashion,5,Divorced,9,1,15,5,6,3,225.08,2.0,2.4,1-5 Yrs,Moderate (11-20km)
53658,0,14,Mobile,1,7,Debit Card,Male,3,4,Mobile,4,Divorced,5,0,23,2,2,4,148.87,1.0,1.2,1-5 Yrs,Close (0-10km)
53659,0,10,Computer,3,14,E wallet,Female,3,2,Laptop & Accessory,5,Divorced,4,0,17,6,7,14,171.39,1.0,1.2,4-12 Mos,Moderate (11-20km)
53660,0,22,Mobile,1,11,Debit Card,Male,3,4,Fashion,2,Single,3,0,12,2,2,9,203.98,1.0,1.2,1-5 Yrs,Moderate (11-20km)
53661,0,1,Mobile,3,18,Credit Card,Female,4,2,Mobile,2,Divorced,10,0,15,2,2,1,150.34,1.0,1.2,0-3 Mos (High Risk),Moderate (11-20km)
53662,0,25,Mobile,1,18,Cash on Delivery,Female,3,5,Grocery,4,Single,5,0,17,1,4,4,256.42,1.0,1.2,1-5 Yrs,Moderate (11-20km)
53663,0,1,Computer,1,7,Debit Card,Female,4,4,Mobile,2,Single,3,0,16,2,2,1,141.11,1.0,1.2,0-3 Mos (High Risk),Close (0-10km)
53664,0,9,Mobile,1,7,Credit Card,Female,3,5,Laptop & Accessory,2,Divorced,2,0,13,2,2,1,178.63,1.0,1.2,4-12 Mos,Close (0-10km)
53665,0,1,Computer,3,9,Debit Card,Male,3,6,Laptop & Accessory,2,Single,5,0,21,2,2,1,175.71,1.0,1.2,0-3 Mos (High Risk),Close (0-10km)
53666,1,19,Mobile,3,20,E wallet,Male,3,2,Grocery,3,Single,8,1,18,1,4,9,261.95,1.0,1.2,1-5 Yrs,Moderate (11-20km)
53667,0,30,Mobile,1,30,Debit Card,Male,4,4,Grocery,4,Divorced,6,1,13,12,4,10,259.02,1.0,1.2,1-5 Yrs,Far (21-50km)
53668,0,8,Computer,1,33,Cash on Delivery,Female,4,5,Mobile,3,Married,3,0,21,2,2,1,145.29,1.0,1.2,4-12 Mos,Far (21-50km)
53669,0,14,Mobile,1,9,Credit Card,Female,3,2,Laptop & Accessory,3,Married,7,0,21,6,12,9,188.77,1.0,1.2,1-5 Yrs,Close (0-10km)
53670,0,8,Mobile,1,36,Credit Card,Male,3,4,Laptop & Accessory,3,Divorced,6,0,14,1,8,8,179.29,1.0,1.2,4-12 Mos,Far (21-50km)
53671,1,1,Computer,3,9,Debit Card,Female,3,5,Mobile,2,Single,9,0,15,1,2,1,152.85,1.0,1.2,0-3 Mos (High Risk),Close (0-10km)
53672,1,1,Computer,3,25,E wallet,Female,4,4,Laptop & Accessory,3,Divorced,2,1,19,4,4,3,171.14,1.0,1.2,0-3 Mos (High Risk),Far (21-50km)
53673,0,12,Computer,1,14,Debit Card,Male,3,2,Mobile,3,Married,3,0,12,1,2,4,151.1,1.0,1.2,4-12 Mos,Moderate (11-20km)
53674,0,8,Mobile,1,9,Cash on Delivery,Female,4,4,Laptop & Accessory,2,Single,3,0,12,2,5,12,191.87,1.0,1.2,4-12 Mos,Close (0-10km)
53675,0,2,Mobile,3,33,Debit Card,Male,3,5,Laptop & Accessory,5,Divorced,3,0,12,2,2,5,172.24,1.0,1.2,0-3 Mos (High Risk),Far (21-50km)
53676,1,1,Mobile,1,29,Credit Card,Male,4,4,Laptop & Accessory,3,Divorced,3,1,16,4,7,8,186.79,2.0,2.4,0-3 Mos (High Risk),Far (21-50km)
53677,0,13,Mobile,3,28,Debit Card,Male,3,5,Laptop & Accessory,2,Divorced,5,1,13,1,2,5,186.2,1.0,1.2,1-5 Yrs,Far (21-50km)
53678,0,25,Computer,3,9,E wallet,Male,3,4,Fashion,4,Divorced,4,0,12,1,4,3,230.96,1.0,1.2,1-5 Yrs,Close (0-10km)
53679,0,15,Computer,1,29,Debit Card,Female,4,4,Laptop & Accessory,2,Married,5,1,15,1,4,4,179.67,1.0,1.2,1-5 Yrs,Far (21-50km)
53680,0,11,Mobile,1,11,Debit Card,Male,3,4,Mobile,3,Divorced,9,1,16,2,2,4,154.96,1.0,1.2,4-12 Mos,Moderate (11-20km)
53681,0,7,Computer,3,12,Debit Card,Male,4,4,Laptop & Accessory,2,Divorced,8,0,14,2,2,3,224.98,1.0,1.2,4-12 Mos,Moderate (11-20km)
53682,0,6,Mobile,3,9,E wallet,Male,3,4,Laptop & Accessory,4,Divorced,2,1,14,1,2,3,165.78,1.0,1.2,4-12 Mos,Close (0-10km)
53683,0,13,Computer,1,32,Debit Card,Male,4,4,Fashion,3,Divorced,5,0,22,1,2,6,234.2,1.0,1.2,1-5 Yrs,Far (21-50km)
53684,0,1,Mobile,3,25,Debit Card,Male,4,2,Laptop & Accessory,3,Divorced,4,0,12,1,2,3,187.32,1.0,1.2,0-3 Mos (High Risk),Far (21-50km)
53685,0,26,Computer,1,35,Credit Card,Female,3,2,Grocery,3,Divorced,4,1,12,1,4,3,257.47,1.0,1.2,1-5 Yrs,Far (21-50km)
53686,0,17,Mobile,1,13,Credit Card,Female,4,5,Laptop & Accessory,3,Single,3,1,15,2,2,9,165.81,1.0,1.2,1-5 Yrs,Moderate (11-20km)
53687,0,1,Mobile,3,17,E wallet,Female,4,5,Laptop & Accessory,2,Divorced,3,1,12,3,5,5,182.69,1.0,1.2,0-3 Mos (High Risk),Moderate (11-20km)
53688,1,1,Mobile,1,24,Debit Card,Female,3,4,Mobile,3,Single,3,1,14,4,8,8,148.94,2.0,2.4,0-3 Mos (High Risk),Far (21-50km)
53689,0,1,Mobile,1,9,Credit Card,Male,3,5,Mobile,2,Single,2,0,13,1,2,2,164.04,1.0,1.2,0-3 Mos (High Risk),Close (0-10km)
53690,0,16,Mobile,2,17,UPI,Female,3,4,Grocery,5,Divorced,2,0,15,1,2,10,292.99,1.0,1.2,1-5 Yrs,Moderate (11-20km)
53691,0,26,Mobile,1,15,UPI,Female,3,4,Mobile,5,Divorced,11,0,14,2,2,5,154.5,1.0,1.2,1-5 Yrs,Moderate (11-20km)
53692,0,11,Mobile,1,18,Credit Card,Female,4,4,Mobile,3,Single,6,0,19,1,2,3,161.29,1.0,1.2,4-12 Mos,Moderate (11-20km)
53693,0,9,Computer,1,25,Debit Card,Male,3,4,Fashion,2,Single,4,0,12,1,3,3,218.62,1.0,1.2,4-12 Mos,Far (21-50km)
53694,0,1,Mobile,1,7,Cash on Delivery,Male,3,4,Mobile,2,Divorced,6,0,12,2,2,3,157.29,1.0,1.2,0-3 Mos (High Risk),Close (0-10km)
53695,0,1,Mobile,1,14,UPI,Male,4,2,Mobile,5,Single,2,0,13,2,2,8,160.78,1.0,1.2,0-3 Mos (High Risk),Moderate (11-20km)
53696,0,3,Mobile,2,24,UPI,Male,3,5,Fashion,5,Single,3,0,14,1,2,10,204.88,1.0,1.2,0-3 Mos (High Risk),Far (21-50km)
53697,1,1,Computer,1,35,Debit Card,Male,4,5,Laptop & Accessory,5,Single,5,0,21,1,2,4,167.84,1.0,1.2,0-3 Mos (High Risk),Far (21-50km)
53698,1,1,Computer,1,21,UPI,Female,3,4,Fashion,2,Single,2,1,13,3,8,8,200.53,2.0,2.4,0-3 Mos (High Risk),Far (21-50km)
53699,0,28,Mobile,1,7,Credit Card,Female,3,4,Grocery,2,Single,8,0,15,6,13,8,298.28,1.0,1.2,1-5 Yrs,Close (0-10km)
53700,0,31,Mobile,1,7,Credit Card,Female,4,4,Others,5,Divorced,5,1,15,2,2,6,322.01,1.0,1.2,1-5 Yrs,Close (0-10km)
53701,0,29,Mobile,1,7,Credit Card,Male,3,2,Grocery,2,Married,4,0,14,1,2,1,272.32,1.0,1.2,1-5 Yrs,Close (0-10km)
53702,0,10,Mobile,3,10,E wallet,Female,3,4,Laptop & Accessory,4,Single,5,1,17,1,2,3,217.78,1.0,1.2,4-12 Mos,Close (0-10km)
53703,1,1,Computer,3,7,Debit Card,Female,3,6,Mobile,3,Single,3,0,13,2,2,1,138.59,1.0,1.2,0-3 Mos (High Risk),Close (0-10km)
53704,0,4,Mobile,3,14,E wallet,Female,4,4,Laptop & Accessory,5,Married,9,0,15,2,2,3,172.79,1.0,1.2,4-12 Mos,Moderate (11-20km)
53705,0,5,Mobile,1,15,Debit Card,Female,4,4,Grocery,4,Single,5,0,12,1,2,1,289.22,1.0,1.2,4-12 Mos,Moderate (11-20km)
53706,0,8,Computer,1,7,UPI,Male,4,4,Mobile,5,Married,7,0,15,2,2,4,154.96,1.0,1.2,4-12 Mos,Close (0-10km)
53707,1,1,Mobile,1,15,Debit Card,Female,3,5,Mobile,4,Single,3,0,13,1,2,1,137.61,1.0,1.2,0-3 Mos (High Risk),Moderate (11-20km)
53708,0,1,Mobile,1,18,Debit Card,Male,4,4,Mobile,5,Divorced,2,0,15,2,2,5,145.99,1.0,1.2,0-3 Mos (High Risk),Moderate (11-20km)
53709,0,10,Mobile,1,11,Debit Card,Male,3,5,Laptop & Accessory,2,Single,3,0,17,2,2,9,183.1,1.0,1.2,4-12 Mos,Moderate (11-20km)
53710,0,10,Mobile,3,23,E wallet,Female,4,5,Laptop & Accessory,5,Divorced,6,0,14,2,2,3,181.47,1.0,1.2,4-12 Mos,Far (21-50km)
53711,0,21,Mobile,1,7,Cash on Delivery,Male,4,4,Mobile,2,Divorced,9,0,13,2,2,3,159.2,1.0,1.2,1-5 Yrs,Close (0-10km)
53712,1,1,Mobile,3,16,Debit Card,Male,4,5,Mobile,5,Divorced,5,0,13,2,3,3,169.0,1.0,1.2,0-3 Mos (High Risk),Moderate (11-20km)
53713,0,11,Computer,1,12,Cash on Delivery,Male,3,2,Mobile,3,Single,2,0,15,2,2,4,160.0,1.0,1.2,4-12 Mos,Moderate (11-20km)
53714,0,30,Mobile,1,7,Debit Card,Female,3,4,Mobile,5,Divorced,4,0,23,2,2,1,145.66,1.0,1.2,1-5 Yrs,Close (0-10km)
53715,0,21,Mobile,1,9,Credit Card,Female,3,4,Grocery,3,Divorced,5,0,15,4,6,7,296.69,1.0,1.2,1-5 Yrs,Close (0-10km)
53716,0,1,Mobile,3,11,Credit Card,Female,3,4,Laptop & Accessory,3,Divorced,3,1,13,2,2,4,166.62,1.0,1.2,0-3 Mos (High Risk),Moderate (11-20km)
53717,0,6,Mobile,3,14,E wallet,Male,4,4,Laptop & Accessory,2,Divorced,6,0,13,2,2,3,217.04,1.0,1.2,4-12 Mos,Moderate (11-20km)
53718,0,8,Mobile,1,7,Debit Card,Female,3,5,Mobile,4,Divorced,7,0,18,2,2,3,157.94,1.0,1.2,4-12 Mos,Close (0-10km)
53719,0,15,Mobile,1,12,Credit Card,Male,3,2,Mobile,3,Divorced,4,1,13,2,2,4,146.27,1.0,1.2,1-5 Yrs,Moderate (11-20km)
53720,0,14,Computer,1,16,UPI,Male,3,4,Laptop & Accessory,3,Married,5,0,12,2,2,8,164.75,1.0,1.2,1-5 Yrs,Moderate (11-20km)
53721,0,5,Mobile,3,15,Debit Card,Male,3,4,Fashion,2,Married,3,0,19,3,2,10,232.93,1.0,1.2,4-12 Mos,Moderate (11-20km)
53722,1,10,Mobile,3,16,E wallet,Male,3,4,Fashion,1,Married,6,0,12,1,5,3,225.96,1.0,1.2,4-12 Mos,Moderate (11-20km)
53723,1,3,Computer,1,9,Debit Card,Female,3,5,Mobile,5,Single,4,1,24,1,2,1,161.46,1.0,1.2,0-3 Mos (High Risk),Close (0-10km)
53724,1,1,Computer,1,7,Debit Card,Female,4,2,Fashion,4,Single,3,0,12,4,5,8,199.46,1.0,1.2,0-3 Mos (High Risk),Close (0-10km)
53725,0,19,Mobile,1,27,Credit Card,Male,4,6,Fashion,5,Married,4,1,19,1,2,8,233.51,1.0,1.2,1-5 Yrs,Far (21-50km)
53726,0,5,Mobile,2,15,Credit Card,Female,4,2,Mobile,4,Single,11,0,19,1,2,3,146.09,1.0,1.2,4-12 Mos,Moderate (11-20km)
53727,1,1,Computer,1,9,Debit Card,Male,4,4,Mobile,1,Divorced,8,1,14,3,3,3,162.22,1.0,1.2,0-3 Mos (High Risk),Close (0-10km)
53728,0,19,Mobile,1,36,Cash on Delivery,Male,3,4,Fashion,1,Divorced,6,1,19,2,2,3,218.8,1.0,1.2,1-5 Yrs,Far (21-50km)
53729,0,22,Mobile,3,14,E wallet,Male,4,4,Laptop & Accessory,5,Married,6,0,12,2,3,3,179.86,1.0,1.2,1-5 Yrs,Moderate (11-20km)
53730,1,1,Mobile,2,16,Cash on Delivery,Female,3,4,Mobile,3,Divorced,3,0,16,2,3,3,152.42,1.0,1.2,0-3 Mos (High Risk),Moderate (11-20km)
53731,0,14,Computer,1,15,Credit Card,Male,3,5,Fashion,4,Married,4,0,12,1,5,9,262.57,1.0,1.2,1-5 Yrs,Moderate (11-20km)
53732,0,2,Mobile,3,12,Credit Card,Male,3,4,Laptop & Accessory,5,Single,2,0,19,2,2,3,209.63,1.0,1.2,0-3 Mos (High Risk),Moderate (11-20km)
53733,0,18,Computer,1,12,Debit Card,Male,3,5,Mobile,3,Single,5,0,15,1,2,4,156.62,1.0,1.2,1-5 Yrs,Moderate (11-20km)
53734,0,27,Mobile,1,9,Credit Card,Male,3,2,Grocery,4,Single,6,0,13,1,9,9,290.98,1.0,1.2,1-5 Yrs,Close (0-10km)
53735,0,23,Mobile,1,12,Cash on Delivery,Male,4,4,Laptop & Accessory,3,Divorced,4,0,15,1,2,3,191.51,1.0,1.2,1-5 Yrs,Moderate (11-20km)
53736,0,14,Mobile,1,9,Credit Card,Male,4,4,Mobile,3,Married,4,0,15,1,2,3,148.45,1.0,1.2,1-5 Yrs,Close (0-10km)
53737,0,18,Mobile,1,27,Debit Card,Male,3,4,Mobile,4,Single,3,0,14,2,2,4,159.2,1.0,1.2,1-5 Yrs,Far (21-50km)
53738,0,7,Computer,3,14,Credit Card,Male,3,4,Laptop & Accessory,5,Divorced,2,0,15,1,2,4,168.73,1.0,1.2,4-12 Mos,Moderate (11-20km)
53739,0,8,Mobile,3,10,UPI,Male,3,6,Laptop & Accessory,5,Single,5,0,19,3,4,13,172.59,1.0,1.2,4-12 Mos,Close (0-10km)
53740,0,4,Mobile,3,23,Debit Card,Male,4,4,Laptop & Accessory,3,Divorced,10,0,16,1,3,3,178.01,1.0,1.2,4-12 Mos,Far (21-50km)
53741,0,16,Computer,1,16,Credit Card,Female,4,4,Mobile,1,Single,3,0,14,5,6,9,161.73,1.0,1.2,1-5 Yrs,Moderate (11-20km)
53742,0,18,Computer,3,7,E wallet,Female,4,4,Laptop & Accessory,3,Divorced,9,0,13,2,2,1,172.68,1.0,1.2,1-5 Yrs,Close (0-10km)
53743,0,4,Computer,1,14,Cash on Delivery,Male,4,4,Mobile,3,Married,3,0,14,1,2,1,137.74,1.0,1.2,4-12 Mos,Moderate (11-20km)
53744,0,51,Mobile,1,7,Debit Card,Male,4,2,Laptop & Accessory,3,Divorced,2,0,25,2,3,9,174.0,1.0,1.2,1-5 Yrs,Close (0-10km)
53745,0,23,Mobile,1,14,Debit Card,Male,3,4,Fashion,4,Married,5,0,15,1,2,3,229.66,1.0,1.2,1-5 Yrs,Moderate (11-20km)
53746,0,8,Computer,1,22,Credit Card,Male,4,4,Grocery,5,Married,9,0,15,3,7,10,295.07,1.0,1.2,4-12 Mos,Far (21-50km)
53747,1,1,Computer,3,7,Cash on Delivery,Male,4,4,Mobile,3,Divorced,5,0,16,2,2,3,154.09,1.0,1.2,0-3 Mos (High Risk),Close (0-10km)
53748,1,1,Computer,3,20,Cash on Delivery,Female,3,4,Laptop & Accessory,4,Single,7,0,12,1,2,1,182.65,1.0,1.2,0-3 Mos (High Risk),Moderate (11-20km)
53749,1,1,Mobile,3,31,Credit Card,Female,3,5,Laptop & Accessory,4,Single,2,1,24,3,11,11,170.99,3.0,3.5999999999999996,0-3 Mos (High Risk),Far (21-50km)
53750,0,9,Mobile,3,14,Debit Card,Male,4,4,Mobile,3,Divorced,3,0,14,2,2,1,149.04,1.0,1.2,4-12 Mos,Moderate (11-20km)
53751,1,1,Computer,1,16,Credit Card,Male,3,4,Mobile,5,Single,4,1,12,1,2,1,156.72,1.0,1.2,0-3 Mos (High Risk),Moderate (11-20km)
53752,0,1,Computer,3,20,Debit Card,Female,4,4,Mobile,4,Divorced,3,0,14,1,2,1,145.33,1.0,1.2,0-3 Mos (High Risk),Moderate (11-20km)
53753,0,18,Computer,1,9,Credit Card,Male,3,4,Fashion,3,Single,7,1,19,1,3,3,227.09,1.0,1.2,1-5 Yrs,Close (0-10km)
53754,0,3,Mobile,3,26,Debit Card,Male,4,5,Laptop & Accessory,3,Married,3,0,15,2,2,3,211.2,1.0,1.2,0-3 Mos (High Risk),Far (21-50km)
53755,0,4,Mobile,2,7,Debit Card,Male,3,4,Mobile,3,Married,2,0,22,1,2,4,145.64,1.0,1.2,4-12 Mos,Close (0-10km)
53756,0,29,Mobile,1,11,Debit Card,Male,2,4,Laptop & Accessory,3,Divorced,2,1,17,1,2,3,165.35,1.0,1.2,1-5 Yrs,Moderate (11-20km)
53757,0,7,Mobile,1,11,Credit Card,Female,3,5,Mobile,4,Divorced,10,0,12,1,2,3,163.38,1.0,1.2,4-12 Mos,Moderate (11-20km)
53758,0,21,Mobile,3,21,Credit Card,Female,4,4,Laptop & Accessory,3,Divorced,5,1,18,2,2,3,170.91,1.0,1.2,1-5 Yrs,Far (21-50km)
53759,1,1,Computer,1,9,Credit Card,Male,3,5,Mobile,5,Single,9,0,12,1,2,1,150.61,1.0,1.2,0-3 Mos (High Risk),Close (0-10km)
53760,0,2,Mobile,1,7,Debit Card,Male,4,5,Mobile,3,Married,3,0,15,1,2,1,140.63,1.0,1.2,0-3 Mos (High Risk),Close (0-10km)
53761,0,2,Computer,3,14,Debit Card,Male,3,4,Laptop & Accessory,5,Single,2,0,15,2,2,4,173.98,1.0,1.2,0-3 Mos (High Risk),Moderate (11-20km)
53762,0,23,Mobile,1,10,Credit Card,Female,3,5,Laptop & Accessory,5,Divorced,6,0,26,2,2,3,172.89,1.0,1.2,1-5 Yrs,Close (0-10km)
53763,0,3,Computer,1,9,Debit Card,Female,4,4,Mobile,4,Divorced,2,0,14,1,2,3,156.8,1.0,1.2,0-3 Mos (High Risk),Close (0-10km)
53764,0,2,Mobile,1,36,Debit Card,Male,4,6,Laptop & Accessory,4,Divorced,3,0,15,2,2,8,190.49,1.0,1.2,0-3 Mos (High Risk),Far (21-50km)
53765,0,7,Mobile,1,15,Debit Card,Male,4,4,Laptop & Accessory,3,Single,4,1,18,1,2,1,188.88,1.0,1.2,4-12 Mos,Moderate (11-20km)
53766,0,6,Mobile,1,17,Credit Card,Male,1,4,Fashion,1,Single,4,0,26,1,2,1,237.44,1.0,1.2,4-12 Mos,Moderate (11-20km)
53767,0,28,Computer,1,18,Credit Card,Female,3,4,Grocery,1,Married,5,0,21,1,2,13,285.32,1.0,1.2,1-5 Yrs,Moderate (11-20km)
53768,1,1,Mobile,1,7,Cash on Delivery,Male,4,5,Mobile,5,Single,8,0,14,1,2,8,148.62,1.0,1.2,0-3 Mos (High Risk),Close (0-10km)
53769,0,18,Mobile,1,35,Debit Card,Male,3,4,Grocery,5,Divorced,5,0,14,1,15,18,288.28,1.0,1.2,1-5 Yrs,Far (21-50km)
53770,0,13,Mobile,1,13,Debit Card,Female,3,4,Fashion,4,Single,6,0,19,1,3,3,208.76,1.0,1.2,1-5 Yrs,Moderate (11-20km)
53771,0,20,Mobile,3,10,Debit Card,Female,3,4,Grocery,4,Divorced,10,0,13,1,6,2,291.06,1.0,1.2,1-5 Yrs,Close (0-10km)
53772,0,9,Mobile,1,23,Debit Card,Female,4,5,Fashion,4,Single,3,0,20,2,4,3,211.06,1.0,1.2,4-12 Mos,Far (21-50km)
53773,0,1,Mobile,1,27,Debit Card,Male,4,4,Laptop & Accessory,3,Single,2,0,15,2,2,3,147.72,1.0,1.2,0-3 Mos (High Risk),Far (21-50km)
53774,1,4,Mobile,1,16,Debit Card,Male,3,4,Mobile,5,Single,5,0,15,2,2,1,145.18,1.0,1.2,4-12 Mos,Moderate (11-20km)
53775,0,8,Mobile,3,7,Cash on Delivery,Male,4,5,Fashion,3,Divorced,3,1,15,8,9,7,195.83,2.0,2.4,4-12 Mos,Close (0-10km)
53776,1,1,Computer,1,10,Debit Card,Female,3,4,Mobile,3,Single,3,0,13,7,8,8,165.84,1.0,1.2,0-3 Mos (High Risk),Close (0-10km)
53777,0,24,Computer,1,29,Credit Card,Male,3,6,Grocery,1,Single,3,1,14,1,14,10,269.11,3.0,3.5999999999999996,1-5 Yrs,Far (21-50km)
53778,0,8,Mobile,3,14,Cash on Delivery,Male,3,4,Mobile,3,Married,2,1,26,1,6,8,148.08,2.0,2.4,4-12 Mos,Moderate (11-20km)
53779,0,16,Mobile,1,9,Credit Card,Male,4,5,Mobile,4,Married,6,0,15,2,2,1,173.41,1.0,1.2,1-5 Yrs,Close (0-10km)
53780,0,11,Mobile,1,20,Credit Card,Male,3,4,Laptop & Accessory,1,Married,3,0,18,1,4,8,167.85,1.0,1.2,4-12 Mos,Moderate (11-20km)
53781,0,3,Mobile,1,15,UPI,Female,3,6,Laptop & Accessory,5,Married,5,0,14,1,2,3,222.15,1.0,1.2,0-3 Mos (High Risk),Moderate (11-20km)
53782,0,7,Mobile,1,32,Debit Card,Male,3,5,Laptop & Accessory,4,Single,3,0,14,1,2,3,168.2,1.0,1.2,4-12 Mos,Far (21-50km)
53783,0,19,Mobile,1,35,Cash on Delivery,Male,4,4,Mobile,1,Married,6,0,21,2,2,4,146.32,1.0,1.2,1-5 Yrs,Far (21-50km)
53784,0,16,Computer,1,9,Debit Card,Male,3,4,Fashion,1,Married,4,1,15,13,14,3,226.24,3.0,3.5999999999999996,1-5 Yrs,Close (0-10km)
53785,0,14,Mobile,3,16,Credit Card,Male,3,4,Laptop & Accessory,5,Married,2,0,13,3,8,2,179.73,1.0,1.2,1-5 Yrs,Moderate (11-20km)
53786,0,7,Mobile,1,35,Debit Card,Male,4,4,Laptop & Accessory,3,Married,3,1,13,2,6,8,177.07,2.0,2.4,4-12 Mos,Far (21-50km)
53787,0,14,Mobile,2,13,Credit Card,Male,3,4,Grocery,1,Single,3,1,22,1,8,8,289.37,2.0,2.4,1-5 Yrs,Moderate (11-20km)
53788,0,1,Mobile,1,28,Cash on Delivery,Male,3,5,Mobile,5,Married,2,0,15,1,2,1,147.96,1.0,1.2,0-3 Mos (High Risk),Far (21-50km)
53789,0,14,Computer,1,15,Debit Card,Male,4,4,Laptop & Accessory,1,Married,5,1,19,3,3,3,165.69,1.0,1.2,1-5 Yrs,Moderate (11-20km)
53790,0,19,Mobile,1,7,Cash on Delivery,Male,4,4,Fashion,4,Married,3,0,13,7,8,8,199.41,1.0,1.2,1-5 Yrs,Close (0-10km)
53791,0,9,Mobile,3,7,Debit Card,Female,4,5,Mobile,3,Married,2,0,24,3,5,3,149.3,1.0,1.2,4-12 Mos,Close (0-10km)
53792,0,6,Mobile,1,12,Debit Card,Female,4,5,Laptop & Accessory,4,Married,5,0,13,2,3,6,183.78,1.0,1.2,4-12 Mos,Moderate (11-20km)
53793,0,10,Mobile,3,9,Debit Card,Male,4,4,Mobile,1,Single,5,1,22,1,2,3,151.44,1.0,1.2,4-12 Mos,Close (0-10km)
53794,0,22,Mobile,3,23,Debit Card,Female,4,4,Laptop & Accessory,3,Married,10,0,15,2,8,8,189.39,1.0,1.2,1-5 Yrs,Far (21-50km)
53795,0,3,Mobile,1,16,Debit Card,Male,4,2,Mobile,3,Married,8,0,19,2,2,1,149.51,1.0,1.2,0-3 Mos (High Risk),Moderate (11-20km)
53796,0,7,Mobile,3,15,Debit Card,Male,3,4,Laptop & Accessory,5,Married,4,0,14,3,3,3,188.92,1.0,1.2,4-12 Mos,Moderate (11-20km)
53797,1,1,Mobile,3,7,Debit Card,Male,4,5,Laptop & Accessory,5,Married,3,0,12,4,7,3,222.14,1.0,1.2,0-3 Mos (High Risk),Close (0-10km)
53798,0,12,Computer,2,17,UPI,Male,4,4,Laptop & Accessory,3,Married,5,0,12,1,2,3,185.77,1.0,1.2,4-12 Mos,Moderate (11-20km)
53799,0,9,Mobile,1,7,Credit Card,Male,4,5,Mobile,5,Single,3,0,20,1,2,3,149.5,1.0,1.2,4-12 Mos,Close (0-10km)
53800,0,4,Mobile,3,36,Cash on Delivery,Male,3,4,Fashion,4,Married,5,0,13,1,2,3,217.5,1.0,1.2,4-12 Mos,Far (21-50km)
53801,1,1,Mobile,1,9,Debit Card,Female,4,4,Mobile,5,Married,3,1,13,2,2,1,145.74,1.0,1.2,0-3 Mos (High Risk),Close (0-10km)
53802,1,17,Mobile,1,9,Cash on Delivery,Female,4,5,Fashion,1,Married,2,0,17,2,2,3,226.69,1.0,1.2,1-5 Yrs,Close (0-10km)
53803,1,2,Mobile,1,9,Credit Card,Male,3,4,Laptop & Accessory,4,Married,6,0,12,1,2,5,173.55,1.0,1.2,0-3 Mos (High Risk),Close (0-10km)
53804,0,6,Computer,1,7,Cash on Delivery,Male,4,4,Laptop & Accessory,5,Married,6,0,15,2,2,3,165.87,1.0,1.2,4-12 Mos,Close (0-10km)
53805,0,22,Mobile,1,22,UPI,Female,4,4,Mobile,5,Married,10,0,13,8,8,7,148.67,1.0,1.2,1-5 Yrs,Far (21-50km)
53806,0,8,Mobile,1,14,Credit Card,Male,3,4,Mobile,1,Single,3,0,14,1,2,1,154.72,1.0,1.2,4-12 Mos,Moderate (11-20km)
53807,0,29,Mobile,3,33,E wallet,Male,3,5,Others,1,Married,3,0,15,3,3,14,320.86,1.0,1.2,1-5 Yrs,Far (21-50km)
53808,0,8,Mobile,1,7,Debit Card,Male,3,4,Laptop & Accessory,1,Married,11,0,18,2,3,2,179.84,1.0,1.2,4-12 Mos,Close (0-10km)
53809,0,1,Mobile,1,10,Debit Card,Female,3,4,Mobile,1,Married,3,0,22,2,2,1,145.61,1.0,1.2,0-3 Mos (High Risk),Close (0-10km)
53810,0,12,Mobile,3,21,Debit Card,Male,4,4,Laptop & Accessory,4,Married,2,0,12,6,8,3,224.24,1.0,1.2,4-12 Mos,Far (21-50km)
53811,0,12,Mobile,3,23,Debit Card,Female,3,4,Laptop & Accessory,4,Single,4,0,13,1,2,3,166.98,1.0,1.2,4-12 Mos,Far (21-50km)
53812,0,10,Mobile,3,7,Debit Card,Female,4,4,Laptop & Accessory,3,Single,8,0,14,2,2,1,193.15,1.0,1.2,4-12 Mos,Close (0-10km)
53813,0,3,Mobile,1,10,Credit Card,Male,3,4,Mobile,5,Single,3,1,19,1,2,6,172.23,1.0,1.2,0-3 Mos (High Risk),Close (0-10km)
53814,0,9,Mobile,1,17,Credit Card,Female,3,4,Laptop & Accessory,3,Single,5,1,17,2,2,5,186.42,1.0,1.2,4-12 Mos,Moderate (11-20km)
53815,0,13,Mobile,3,13,Credit Card,Male,3,2,Fashion,3,Married,4,0,12,5,8,7,207.37,1.0,1.2,1-5 Yrs,Moderate (11-20km)
53816,0,3,Computer,1,9,Debit Card,Male,3,4,Laptop & Accessory,1,Married,3,0,20,1,2,3,213.53,1.0,1.2,0-3 Mos (High Risk),Close (0-10km)
53817,0,24,Mobile,3,6,E wallet,Male,3,4,Others,3,Married,6,1,15,1,2,1,318.31,1.0,1.2,1-5 Yrs,Close (0-10km)
53818,0,1,Mobile,1,17,Cash on Delivery,Male,3,2,Mobile,3,Married,4,0,17,3,3,3,145.73,1.0,1.2,0-3 Mos (High Risk),Moderate (11-20km)
53819,0,10,Computer,1,13,Debit Card,Male,4,2,Laptop & Accessory,5,Married,5,1,14,2,2,3,180.62,1.0,1.2,4-12 Mos,Moderate (11-20km)
53820,0,16,Mobile,1,16,UPI,Male,4,5,Others,1,Single,10,0,15,2,2,2,321.13,1.0,1.2,1-5 Yrs,Moderate (11-20km)
53821,0,9,Mobile,1,35,Debit Card,Male,3,2,Laptop & Accessory,3,Married,3,0,18,6,7,9,159.07,1.0,1.2,4-12 Mos,Far (21-50km)
53822,0,8,Computer,1,17,Cash on Delivery,Male,4,5,Laptop & Accessory,3,Married,3,0,15,3,8,8,175.63,1.0,1.2,4-12 Mos,Moderate (11-20km)
53823,0,14,Mobile,3,21,Debit Card,Female,3,4,Laptop & Accessory,5,Married,3,0,16,1,2,3,171.39,1.0,1.2,1-5 Yrs,Far (21-50km)
53824,0,17,Mobile,1,34,Cash on Delivery,Male,3,2,Mobile,4,Married,7,0,13,2,2,3,173.76,1.0,1.2,1-5 Yrs,Far (21-50km)
53825,0,9,Mobile,1,14,Debit Card,Male,4,5,Mobile,1,Married,3,0,19,2,2,2,151.9,1.0,1.2,4-12 Mos,Moderate (11-20km)
53826,0,20,Mobile,3,7,Debit Card,Male,3,2,Grocery,5,Single,3,0,15,2,2,13,300.67,1.0,1.2,1-5 Yrs,Close (0-10km)
53827,1,1,Mobile,1,31,Credit Card,Male,3,4,Mobile,4,Married,3,1,18,1,2,1,149.08,1.0,1.2,0-3 Mos (High Risk),Far (21-50km)
53828,0,1,Computer,1,33,UPI,Female,3,5,Mobile,3,Married,3,1,15,1,2,4,153.14,1.0,1.2,0-3 Mos (High Risk),Far (21-50km)
53829,0,24,Computer,1,27,Credit Card,Male,3,4,Grocery,3,Married,4,1,16,4,4,14,237.45,1.0,1.2,1-5 Yrs,Far (21-50km)
53830,0,6,Mobile,1,12,UPI,Female,3,2,Mobile,1,Married,5,0,18,2,2,3,158.12,1.0,1.2,4-12 Mos,Moderate (11-20km)
53831,0,18,Mobile,1,14,Credit Card,Female,3,4,Others,1,Married,2,1,15,2,2,11,315.49,1.0,1.2,1-5 Yrs,Moderate (11-20km)
53832,0,4,Mobile,1,14,Credit Card,Male,3,5,Mobile,4,Married,3,0,13,1,2,2,146.41,1.0,1.2,4-12 Mos,Moderate (11-20km)
53833,0,19,Mobile,1,12,Credit Card,Female,3,6,Laptop & Accessory,5,Single,3,1,15,2,2,5,182.69,1.0,1.2,1-5 Yrs,Moderate (11-20km)
53834,0,19,Computer,3,33,E wallet,Male,3,5,Laptop & Accessory,5,Married,3,0,16,1,5,6,168.85,1.0,1.2,1-5 Yrs,Far (21-50km)
53835,0,5,Computer,3,9,UPI,Male,3,4,Laptop & Accessory,5,Single,9,0,14,1,2,4,178.32,1.0,1.2,4-12 Mos,Close (0-10km)
53836,0,10,Mobile,1,19,Debit Card,Female,4,4,Laptop & Accessory,3,Married,11,1,13,1,2,2,171.63,1.0,1.2,4-12 Mos,Moderate (11-20km)
53837,0,8,Computer,1,17,Debit Card,Male,3,2,Laptop & Accessory,1,Married,3,0,14,6,8,3,172.24,1.0,1.2,4-12 Mos,Moderate (11-20km)
53838,0,23,Mobile,1,32,Debit Card,Female,3,4,Mobile,5,Married,3,0,15,1,2,5,157.11,1.0,1.2,1-5 Yrs,Far (21-50km)
53839,0,13,Mobile,1,17,Credit Card,Male,4,4,Laptop & Accessory,5,Married,4,0,14,5,8,8,178.77,1.0,1.2,1-5 Yrs,Moderate (11-20km)
53840,0,1,Mobile,1,26,UPI,Male,4,5,Mobile,5,Married,3,0,12,1,2,8,165.66,1.0,1.2,0-3 Mos (High Risk),Far (21-50km)
53841,0,9,Mobile,1,25,Debit Card,Male,3,2,Laptop & Accessory,5,Married,3,0,12,1,2,11,177.08,1.0,1.2,4-12 Mos,Far (21-50km)
53842,0,2,Mobile,1,34,Credit Card,Female,3,6,Laptop & Accessory,5,Married,2,0,22,2,2,1,25.0,1.0,1.2,0-3 Mos (High Risk),Far (21-50km)
53843,0,1,Mobile,1,12,Credit Card,Male,4,4,Mobile,1,Single,3,0,19,2,3,3,156.17,1.0,1.2,0-3 Mos (High Risk),Moderate (11-20km)
53844,1,1,Computer,3,10,Credit Card,Female,4,4,Mobile,1,Single,3,1,13,1,2,1,140.69,1.0,1.2,0-3 Mos (High Risk),Close (0-10km)
53845,0,21,Mobile,2,33,Debit Card,Female,4,4,Others,3,Married,5,0,15,2,2,1,321.58,1.0,1.2,1-5 Yrs,Far (21-50km)
53846,0,13,Mobile,1,10,Credit Card,Male,4,5,Laptop & Accessory,3,Married,2,0,16,1,2,8,155.69,1.0,1.2,1-5 Yrs,Close (0-10km)
53847,0,14,Mobile,1,22,Debit Card,Female,4,5,Fashion,3,Married,3,0,14,2,15,3,229.35,1.0,1.2,1-5 Yrs,Far (21-50km)
53848,0,9,Computer,1,15,Debit Card,Female,3,4,Laptop & Accessory,3,Married,3,0,13,3,3,10,166.48,1.0,1.2,4-12 Mos,Moderate (11-20km)
53849,0,11,Mobile,1,26,Debit Card,Male,3,4,Laptop & Accessory,3,Married,5,0,18,1,2,3,182.68,1.0,1.2,4-12 Mos,Far (21-50km)
53850,0,13,Computer,1,11,Credit Card,Female,3,4,Laptop & Accessory,3,Single,2,0,14,4,4,9,175.42,1.0,1.2,1-5 Yrs,Moderate (11-20km)
53851,0,19,Mobile,1,9,UPI,Female,3,5,Laptop & Accessory,1,Married,3,0,20,3,4,10,182.7,1.0,1.2,1-5 Yrs,Close (0-10km)
53852,0,12,Mobile,1,9,Credit Card,Female,3,5,Fashion,3,Married,5,1,20,2,2,3,202.56,1.0,1.2,4-12 Mos,Close (0-10km)
53853,1,1,Mobile,3,17,Credit Card,Male,3,5,Fashion,5,Married,11,0,18,5,7,3,228.06,1.0,1.2,0-3 Mos (High Risk),Moderate (11-20km)
53854,0,11,Mobile,1,17,Credit Card,Female,4,4,Mobile,4,Married,3,0,12,2,8,8,164.36,1.0,1.2,4-12 Mos,Moderate (11-20km)
53855,0,14,Mobile,1,23,Debit Card,Female,3,4,Fashion,1,Single,8,1,16,2,4,4,204.45,1.0,1.2,1-5 Yrs,Far (21-50km)
53856,0,18,Computer,2,7,UPI,Male,3,4,Laptop & Accessory,1,Married,6,1,12,2,2,3,182.43,1.0,1.2,1-5 Yrs,Close (0-10km)
53857,0,22,Computer,1,11,Credit Card,Male,3,5,Grocery,1,Married,4,0,26,1,3,3,277.02,1.0,1.2,1-5 Yrs,Moderate (11-20km)
53858,1,1,Mobile,3,22,Credit Card,Male,3,6,Laptop & Accessory,1,Married,8,1,15,2,3,3,179.4,1.0,1.2,0-3 Mos (High Risk),Far (21-50km)
53859,0,1,Computer,1,9,Cash on Delivery,Female,3,4,Mobile,1,Single,3,1,14,2,2,4,162.6,1.0,1.2,0-3 Mos (High Risk),Close (0-10km)
53860,0,1,Mobile,1,15,Credit Card,Female,3,2,Mobile,3,Married,9,0,18,1,2,3,160.17,1.0,1.2,0-3 Mos (High Risk),Moderate (11-20km)
53861,0,1,Computer,1,9,Credit Card,Male,3,4,Mobile,1,Single,4,0,14,1,2,3,150.8,1.0,1.2,0-3 Mos (High Risk),Close (0-10km)
53862,1,4,Mobile,1,14,Debit Card,Male,4,4,Mobile,5,Single,5,1,15,1,2,4,146.66,1.0,1.2,4-12 Mos,Moderate (11-20km)
53863,0,3,Mobile,3,17,Credit Card,Male,3,5,Laptop & Accessory,3,Single,11,0,12,2,2,5,183.69,1.0,1.2,0-3 Mos (High Risk),Moderate (11-20km)
53864,0,10,Mobile,1,12,Debit Card,Female,3,4,Fashion,5,Married,6,0,13,2,2,3,205.08,1.0,1.2,4-12 Mos,Moderate (11-20km)
53865,0,1,Computer,1,9,Debit Card,Male,4,2,Laptop & Accessory,3,Married,3,0,18,1,2,8,177.06,1.0,1.2,0-3 Mos (High Risk),Close (0-10km)
53866,0,13,Mobile,1,19,Credit Card,Male,4,4,Laptop & Accessory,4,Married,6,0,22,2,2,1,177.95,1.0,1.2,1-5 Yrs,Moderate (11-20km)
53867,0,23,Mobile,1,29,UPI,Female,4,4,Grocery,4,Married,5,0,17,1,2,3,289.13,1.0,1.2,1-5 Yrs,Far (21-50km)
53868,0,24,Mobile,1,24,Debit Card,Female,3,5,Fashion,5,Married,7,0,16,2,2,12,257.69,1.0,1.2,1-5 Yrs,Far (21-50km)
53869,0,1,Mobile,3,9,Credit Card,Female,3,4,Mobile,3,Single,3,0,20,1,3,3,152.83,1.0,1.2,0-3 Mos (High Risk),Close (0-10km)
53870,0,8,Mobile,1,10,Debit Card,Female,4,4,Laptop & Accessory,4,Married,3,0,13,8,8,10,179.33,1.0,1.2,4-12 Mos,Close (0-10km)
53871,0,10,Mobile,1,14,Debit Card,Male,4,4,Mobile,4,Single,4,0,12,1,2,4,145.13,1.0,1.2,4-12 Mos,Moderate (11-20km)
53872,0,23,Mobile,1,13,Debit Card,Female,3,5,Grocery,3,Married,4,1,20,1,3,13,264.66,1.0,1.2,1-5 Yrs,Moderate (11-20km)
53873,0,10,Computer,1,7,Credit Card,Female,3,5,Laptop & Accessory,3,Married,2,0,16,2,2,3,168.74,1.0,1.2,4-12 Mos,Close (0-10km)
53874,0,10,Mobile,1,10,Debit Card,Male,4,2,Laptop & Accessory,5,Married,8,0,21,2,2,5,193.42,1.0,1.2,4-12 Mos,Close (0-10km)
53875,0,28,Mobile,1,29,Credit Card,Female,4,4,Grocery,3,Married,5,0,15,3,5,8,299.26,1.0,1.2,1-5 Yrs,Far (21-50km)
53876,0,17,Mobile,1,22,Debit Card,Male,4,5,Grocery,3,Married,3,0,15,5,7,12,301.03,1.0,1.2,1-5 Yrs,Far (21-50km)
53877,1,1,Computer,3,19,UPI,Male,3,4,Laptop & Accessory,1,Single,5,1,25,4,7,8,170.81,2.0,2.4,0-3 Mos (High Risk),Moderate (11-20km)
53878,0,12,Computer,1,7,Debit Card,Male,3,4,Laptop & Accessory,1,Married,9,0,16,3,3,10,172.35,1.0,1.2,4-12 Mos,Close (0-10km)
53879,0,3,Mobile,3,12,Credit Card,Male,3,5,Laptop & Accessory,4,Married,3,1,14,1,2,10,166.87,1.0,1.2,0-3 Mos (High Risk),Moderate (11-20km)
53880,0,7,Mobile,3,9,Credit Card,Male,4,4,Laptop & Accessory,1,Married,3,0,15,2,2,5,180.05,1.0,1.2,4-12 Mos,Close (0-10km)
53881,0,6,Mobile,1,9,Credit Card,Male,3,4,Laptop & Accessory,4,Married,2,0,14,1,2,7,179.7,1.0,1.2,4-12 Mos,Close (0-10km)
53882,0,5,Mobile,3,12,Debit Card,Female,4,4,Laptop & Accessory,1,Married,3,0,12,1,2,3,179.76,1.0,1.2,4-12 Mos,Moderate (11-20km)
53883,0,23,Mobile,1,23,Credit Card,Female,4,4,Mobile,5,Married,6,1,17,2,3,3,150.87,1.0,1.2,1-5 Yrs,Far (21-50km)
53884,0,12,Computer,1,9,Credit Card,Female,3,5,Mobile,4,Single,3,0,23,2,4,4,149.4,1.0,1.2,4-12 Mos,Close (0-10km)
53885,0,21,Mobile,3,9,Debit Card,Female,3,2,Grocery,4,Married,8,0,15,1,2,3,284.72,1.0,1.2,1-5 Yrs,Close (0-10km)
53886,0,23,Mobile,1,7,Debit Card,Male,3,4,Grocery,3,Single,6,0,15,1,2,1,278.79,1.0,1.2,1-5 Yrs,Close (0-10km)
53887,0,15,Mobile,3,30,Debit Card,Male,4,4,Fashion,3,Single,5,1,17,1,2,3,195.82,1.0,1.2,1-5 Yrs,Far (21-50km)
53888,0,1,Mobile,3,16,Debit Card,Male,3,4,Mobile,5,Single,3,0,12,1,2,3,152.28,1.0,1.2,0-3 Mos (High Risk),Moderate (11-20km)
53889,0,7,Computer,3,23,Debit Card,Female,3,4,Laptop & Accessory,1,Married,3,1,26,1,2,3,178.68,1.0,1.2,4-12 Mos,Far (21-50km)
53890,0,10,Mobile,1,33,Debit Card,Male,4,4,Laptop & Accessory,3,Married,8,0,15,2,2,3,178.47,1.0,1.2,4-12 Mos,Far (21-50km)
53891,0,18,Mobile,2,7,Debit Card,Female,3,4,Mobile,1,Married,6,1,19,3,3,3,156.95,1.0,1.2,1-5 Yrs,Close (0-10km)
53892,1,1,Mobile,1,15,Credit Card,Male,4,5,Mobile,3,Single,3,1,12,2,2,3,164.89,1.0,1.2,0-3 Mos (High Risk),Moderate (11-20km)
53893,0,12,Mobile,1,11,Credit Card,Female,3,4,Mobile,3,Married,9,0,20,1,2,1,158.06,1.0,1.2,4-12 Mos,Moderate (11-20km)
53894,0,27,Mobile,1,31,Credit Card,Male,3,2,Fashion,1,Married,5,0,16,1,2,3,195.05,1.0,1.2,1-5 Yrs,Far (21-50km)
53895,1,12,Computer,3,14,Credit Card,Female,4,4,Mobile,3,Married,4,1,12,5,8,8,151.55,2.0,2.4,4-12 Mos,Moderate (11-20km)
53896,1,1,Mobile,1,9,Debit Card,Male,4,4,Mobile,4,Single,3,0,13,2,2,1,138.93,1.0,1.2,0-3 Mos (High Risk),Close (0-10km)
53897,0,1,Computer,1,14,Credit Card,Male,4,4,Mobile,1,Single,3,0,21,6,6,8,150.7,1.0,1.2,0-3 Mos (High Risk),Moderate (11-20km)
53898,0,29,Mobile,1,29,Cash on Delivery,Male,4,5,Mobile,4,Married,7,0,13,2,2,3,160.37,1.0,1.2,1-5 Yrs,Far (21-50km)
53899,0,8,Mobile,1,12,Credit Card,Male,3,5,Laptop & Accessory,1,Married,3,0,15,5,5,14,164.86,1.0,1.2,4-12 Mos,Moderate (11-20km)
53900,0,31,Mobile,1,7,Credit Card,Male,4,6,Fashion,1,Married,5,0,21,1,2,1,233.82999999999998,1.0,1.2,1-5 Yrs,Close (0-10km)
53901,0,7,Mobile,1,28,Credit Card,Male,4,2,Mobile,4,Married,3,0,19,3,3,14,145.28,1.0,1.2,4-12 Mos,Far (21-50km)
53902,0,11,Computer,3,7,Credit Card,Male,3,6,Laptop & Accessory,1,Married,3,0,15,1,2,3,220.25,1.0,1.2,4-12 Mos,Close (0-10km)
53903,0,8,Mobile,1,26,Debit Card,Female,3,5,Mobile,1,Married,3,0,13,4,9,8,154.29,1.0,1.2,4-12 Mos,Far (21-50km)
53904,1,1,Mobile,3,14,Debit Card,Male,3,4,Mobile,1,Married,3,1,22,2,2,3,147.75,1.0,1.2,0-3 Mos (High Risk),Moderate (11-20km)
53905,0,18,Mobile,1,9,Debit Card,Female,4,2,Fashion,1,Married,3,1,20,7,7,8,203.79,2.0,2.4,1-5 Yrs,Close (0-10km)
53906,0,9,Computer,1,9,Credit Card,Male,4,5,Mobile,1,Single,2,1,15,2,2,5,174.3,1.0,1.2,4-12 Mos,Close (0-10km)
53907,0,17,Mobile,3,9,Credit Card,Male,4,4,Laptop & Accessory,1,Married,3,1,18,1,9,9,203.47,2.0,2.4,1-5 Yrs,Close (0-10km)
53908,0,1,Mobile,1,16,Credit Card,Male,4,2,Mobile,3,Married,3,0,17,1,2,5,169.01,1.0,1.2,0-3 Mos (High Risk),Moderate (11-20km)
53909,0,15,Mobile,3,13,E wallet,Male,3,4,Fashion,3,Single,3,0,13,7,9,3,217.41,1.0,1.2,1-5 Yrs,Moderate (11-20km)
53910,0,3,Mobile,1,16,Credit Card,Female,3,4,Mobile,3,Married,11,0,18,2,2,3,154.74,1.0,1.2,0-3 Mos (High Risk),Moderate (11-20km)
53911,0,10,Mobile,3,9,Debit Card,Female,3,4,Laptop & Accessory,1,Single,5,0,16,4,7,8,170.02,1.0,1.2,4-12 Mos,Close (0-10km)
53912,0,19,Computer,1,7,Debit Card,Male,4,5,Fashion,3,Married,5,0,24,4,2,5,232.48000000000002,1.0,1.2,1-5 Yrs,Close (0-10km)
53913,1,1,Mobile,2,29,UPI,Male,3,6,Mobile,3,Married,3,0,12,1,2,1,140.55,1.0,1.2,0-3 Mos (High Risk),Far (21-50km)
53914,1,11,Computer,3,16,Debit Card,Male,3,6,Grocery,3,Married,9,0,12,2,4,11,254.36,1.0,1.2,4-12 Mos,Moderate (11-20km)
53915,0,1,Mobile,1,24,Credit Card,Male,4,6,Mobile,3,Married,3,0,16,1,2,3,148.05,1.0,1.2,0-3 Mos (High Risk),Far (21-50km)
53916,0,19,Mobile,1,35,Cash on Delivery,Female,3,5,Grocery,4,Single,3,0,15,4,9,7,292.04,1.0,1.2,1-5 Yrs,Far (21-50km)
53917,0,6,Computer,1,17,Debit Card,Male,3,4,Mobile,3,Married,8,0,14,1,2,4,159.33,1.0,1.2,4-12 Mos,Moderate (11-20km)
53918,0,5,Mobile,1,9,Debit Card,Male,4,4,Mobile,3,Married,3,0,15,1,2,4,159.77,1.0,1.2,4-12 Mos,Close (0-10km)
53919,0,15,Computer,2,11,UPI,Male,3,6,Laptop & Accessory,4,Married,8,0,20,1,2,3,189.3,1.0,1.2,1-5 Yrs,Moderate (11-20km)
53920,0,14,Mobile,1,15,Debit Card,Female,4,4,Laptop & Accessory,5,Married,4,1,17,1,2,1,190.16,1.0,1.2,1-5 Yrs,Moderate (11-20km)
53921,0,1,Mobile,1,36,Credit Card,Male,4,4,Mobile,5,Married,3,0,14,2,2,3,164.07,1.0,1.2,0-3 Mos (High Risk),Far (21-50km)
53922,0,20,Mobile,1,20,Debit Card,Male,3,4,Laptop & Accessory,4,Single,8,0,15,2,2,10,180.62,1.0,1.2,1-5 Yrs,Moderate (11-20km)
53923,0,9,Mobile,1,34,Debit Card,Male,3,4,Laptop & Accessory,3,Married,4,0,17,1,2,8,193.83,1.0,1.2,4-12 Mos,Far (21-50km)
53924,0,4,Mobile,1,23,Debit Card,Male,3,4,Mobile,1,Married,3,0,13,1,2,9,153.62,1.0,1.2,4-12 Mos,Far (21-50km)
53925,0,21,Computer,3,9,E wallet,Male,3,4,Laptop & Accessory,4,Married,9,0,12,1,2,1,174.78,1.0,1.2,1-5 Yrs,Close (0-10km)
53926,0,20,Mobile,3,9,Debit Card,Male,4,4,Fashion,1,Married,6,1,13,1,2,3,228.68,1.0,1.2,1-5 Yrs,Close (0-10km)
53927,1,1,Mobile,3,20,E wallet,Male,4,5,Laptop & Accessory,5,Married,7,1,14,3,3,3,186.34,1.0,1.2,0-3 Mos (High Risk),Moderate (11-20km)
53928,1,1,Mobile,3,7,Debit Card,Male,3,6,Laptop & Accessory,4,Single,8,0,16,1,2,1,192.35,1.0,1.2,0-3 Mos (High Risk),Close (0-10km)
53929,0,1,Mobile,1,11,Credit Card,Female,3,4,Mobile,4,Single,3,0,14,2,2,3,157.95,1.0,1.2,0-3 Mos (High Risk),Moderate (11-20km)
53930,0,5,Computer,1,31,Cash on Delivery,Female,2,4,Laptop & Accessory,1,Single,4,0,21,2,2,5,177.38,1.0,1.2,4-12 Mos,Far (21-50km)
53931,0,13,Computer,1,7,Debit Card,Male,4,4,Laptop & Accessory,1,Married,3,1,16,4,6,9,189.72,2.0,2.4,1-5 Yrs,Close (0-10km)
53932,0,6,Mobile,3,26,Debit Card,Male,4,6,Fashion,3,Married,5,0,14,2,2,3,221.1,1.0,1.2,4-12 Mos,Far (21-50km)
53933,0,14,Mobile,3,14,Credit Card,Male,3,4,Others,4,Single,3,0,15,2,13,9,323.33,1.0,1.2,1-5 Yrs,Moderate (11-20km)
53934,0,19,Mobile,2,11,Debit Card,Female,3,6,Fashion,3,Married,6,0,22,2,2,3,222.56,1.0,1.2,1-5 Yrs,Moderate (11-20km)
53935,0,4,Computer,1,9,Cash on Delivery,Female,4,5,Mobile,5,Single,2,0,17,1,2,8,174.68,1.0,1.2,4-12 Mos,Close (0-10km)
53936,0,1,Computer,2,17,Credit Card,Male,3,4,Mobile,1,Married,2,0,15,2,3,2,146.45,1.0,1.2,0-3 Mos (High Risk),Moderate (11-20km)
53937,1,1,Computer,2,15,UPI,Female,4,5,Mobile,1,Married,8,0,12,2,2,3,146.8,1.0,1.2,0-3 Mos (High Risk),Moderate (11-20km)
53938,0,5,Mobile,3,12,Cash on Delivery,Male,3,4,Laptop & Accessory,3,Married,3,0,20,1,2,3,208.46,1.0,1.2,4-12 Mos,Moderate (11-20km)
53939,0,1,Mobile,1,15,Credit Card,Female,4,4,Mobile,1,Single,3,0,12,2,2,5,159.45,1.0,1.2,0-3 Mos (High Risk),Moderate (11-20km)
53940,1,1,Mobile,3,16,E wallet,Female,3,6,Mobile,4,Single,3,0,14,2,3,3,152.6,1.0,1.2,0-3 Mos (High Risk),Moderate (11-20km)
53941,0,3,Computer,1,7,Debit Card,Male,4,2,Laptop & Accessory,3,Single,10,1,13,1,2,3,187.94,1.0,1.2,0-3 Mos (High Risk),Close (0-10km)
53942,0,4,Mobile,3,22,E wallet,Male,4,5,Fashion,5,Married,4,0,12,1,2,8,196.4,1.0,1.2,4-12 Mos,Far (21-50km)
53943,0,8,Mobile,1,9,Credit Card,Male,4,2,Mobile,1,Married,2,1,15,1,2,3,154.32,1.0,1.2,4-12 Mos,Close (0-10km)
53944,0,7,Computer,3,9,E wallet,Female,4,4,Laptop & Accessory,4,Single,10,0,16,1,2,8,176.47,1.0,1.2,4-12 Mos,Close (0-10km)
53945,0,23,Mobile,3,18,E wallet,Female,4,4,Laptop & Accessory,1,Single,5,0,13,1,2,5,170.07,1.0,1.2,1-5 Yrs,Moderate (11-20km)
53946,1,1,Mobile,3,23,Debit Card,Female,4,4,Fashion,5,Single,4,1,21,1,2,3,210.64,1.0,1.2,0-3 Mos (High Risk),Far (21-50km)
53947,0,12,Computer,1,9,Credit Card,Female,4,5,Mobile,4,Married,6,0,15,1,2,6,149.68,1.0,1.2,4-12 Mos,Close (0-10km)
53948,1,1,Mobile,3,23,E wallet,Male,4,4,Fashion,3,Married,4,0,14,2,2,1,206.61,1.0,1.2,0-3 Mos (High Risk),Far (21-50km)
53949,0,3,Mobile,1,11,Cash on Delivery,Female,4,5,Mobile,5,Married,3,0,14,1,2,1,146.09,1.0,1.2,0-3 Mos (High Risk),Moderate (11-20km)
53950,0,1,Mobile,1,23,Debit Card,Male,3,2,Laptop & Accessory,3,Married,5,0,17,2,2,8,177.94,1.0,1.2,0-3 Mos (High Risk),Far (21-50km)
53951,0,6,Computer,1,12,Cash on Delivery,Male,4,4,Mobile,4,Single,4,0,15,2,2,8,152.18,1.0,1.2,4-12 Mos,Moderate (11-20km)
53952,0,12,Mobile,1,25,Credit Card,Male,3,6,Laptop & Accessory,1,Married,5,1,17,1,2,1,183.11,1.0,1.2,4-12 Mos,Far (21-50km)
53953,1,7,Computer,1,24,Cash on Delivery,Male,3,5,Mobile,3,Married,11,1,17,2,2,1,149.37,1.0,1.2,4-12 Mos,Far (21-50km)
53954,0,16,Mobile,1,19,Credit Card,Male,3,4,Mobile,4,Married,10,0,23,2,2,5,152.66,1.0,1.2,1-5 Yrs,Moderate (11-20km)
53955,0,29,Mobile,1,9,Credit Card,Male,3,5,Others,5,Married,10,0,15,1,2,1,315.38,1.0,1.2,1-5 Yrs,Close (0-10km)
53956,0,7,Computer,1,11,Cash on Delivery,Male,3,4,Laptop & Accessory,4,Married,7,0,16,1,2,8,155.55,1.0,1.2,4-12 Mos,Moderate (11-20km)
53957,0,15,Mobile,1,16,Debit Card,Male,4,4,Mobile,5,Married,3,0,21,2,2,5,147.89,1.0,1.2,1-5 Yrs,Moderate (11-20km)
53958,0,8,Computer,3,17,Debit Card,Male,3,4,Laptop & Accessory,3,Married,3,1,15,2,2,8,165.01,1.0,1.2,4-12 Mos,Moderate (11-20km)
53959,0,27,Computer,1,7,Credit Card,Female,3,5,Grocery,3,Married,6,1,21,1,4,3,254.64999999999998,1.0,1.2,1-5 Yrs,Close (0-10km)
53960,0,17,Mobile,2,9,Debit Card,Male,4,4,Mobile,1,Single,2,0,14,1,2,9,160.39,1.0,1.2,1-5 Yrs,Close (0-10km)
53961,0,8,Mobile,3,10,Debit Card,Female,3,6,Laptop & Accessory,1,Single,7,0,13,2,3,3,185.29,1.0,1.2,4-12 Mos,Close (0-10km)
53962,1,1,Mobile,3,14,E wallet,Male,3,4,Mobile,4,Single,3,0,14,2,2,1,151.79,1.0,1.2,0-3 Mos (High Risk),Moderate (11-20km)
53963,0,12,Mobile,1,13,UPI,Female,3,5,Mobile,3,Married,3,0,12,1,2,5,162.02,1.0,1.2,4-12 Mos,Moderate (11-20km)
53964,1,1,Mobile,1,15,Credit Card,Female,4,4,Mobile,5,Married,3,1,18,1,2,1,148.98,1.0,1.2,0-3 Mos (High Risk),Moderate (11-20km)
53965,0,5,Mobile,3,36,E wallet,Female,4,5,Laptop & Accessory,1,Married,3,0,15,3,6,8,179.68,1.0,1.2,4-12 Mos,Far (21-50km)
53966,0,25,Mobile,1,10,Cash on Delivery,Female,3,4,Fashion,3,Married,4,0,12,3,2,3,256.16,1.0,1.2,1-5 Yrs,Close (0-10km)
53967,0,11,Mobile,3,16,E wallet,Male,3,5,Laptop & Accessory,4,Married,3,0,15,1,2,4,166.89,1.0,1.2,4-12 Mos,Moderate (11-20km)
53968,0,20,Mobile,1,9,Credit Card,Male,3,4,Others,1,Married,9,1,15,2,3,3,318.28,1.0,1.2,1-5 Yrs,Close (0-10km)
53969,0,10,Mobile,1,17,Debit Card,Male,3,4,Fashion,5,Married,9,1,14,2,6,8,208.21,2.0,2.4,4-12 Mos,Moderate (11-20km)
53970,1,8,Computer,1,7,Credit Card,Male,3,4,Mobile,4,Married,3,1,13,2,3,4,148.42,1.0,1.2,4-12 Mos,Close (0-10km)
53971,0,11,Mobile,2,15,UPI,Male,3,4,Laptop & Accessory,4,Married,4,0,14,5,5,8,165.71,1.0,1.2,4-12 Mos,Moderate (11-20km)
53972,1,1,Mobile,3,34,Debit Card,Male,3,4,Laptop & Accessory,1,Single,3,1,19,1,8,8,183.13,2.0,2.4,0-3 Mos (High Risk),Far (21-50km)
53973,0,7,Mobile,1,15,Debit Card,Male,3,2,Mobile,5,Married,8,0,20,7,8,7,156.43,1.0,1.2,4-12 Mos,Moderate (11-20km)
53974,0,2,Mobile,1,7,Debit Card,Male,3,4,Mobile,1,Married,3,0,12,1,2,4,145.44,1.0,1.2,0-3 Mos (High Risk),Close (0-10km)
53975,0,13,Mobile,1,17,Credit Card,Male,4,4,Fashion,3,Single,9,0,22,3,2,3,259.64,1.0,1.2,1-5 Yrs,Moderate (11-20km)
53976,0,20,Computer,3,33,Debit Card,Male,4,5,Laptop & Accessory,4,Single,10,0,16,3,3,3,204.91,1.0,1.2,1-5 Yrs,Far (21-50km)
53977,0,14,Mobile,1,9,Debit Card,Female,3,4,Mobile,5,Married,6,0,18,2,2,3,158.77,1.0,1.2,1-5 Yrs,Close (0-10km)
53978,0,16,Mobile,1,20,Credit Card,Male,4,2,Laptop & Accessory,5,Married,7,0,19,2,2,1,180.38,1.0,1.2,1-5 Yrs,Moderate (11-20km)
53979,0,9,Computer,1,9,Credit Card,Male,3,4,Laptop & Accessory,1,Married,4,0,15,1,2,8,182.62,1.0,1.2,4-12 Mos,Close (0-10km)
53980,0,12,Computer,2,9,UPI,Male,4,4,Mobile,4,Married,7,0,14,4,4,9,150.92,1.0,1.2,4-12 Mos,Close (0-10km)
53981,1,1,Computer,1,16,Debit Card,Male,4,4,Laptop & Accessory,5,Married,6,0,18,1,2,8,178.46,1.0,1.2,0-3 Mos (High Risk),Moderate (11-20km)
53982,1,1,Mobile,1,17,Credit Card,Male,3,4,Laptop & Accessory,5,Single,3,0,16,1,2,9,167.13,1.0,1.2,0-3 Mos (High Risk),Moderate (11-20km)
53983,0,13,Computer,3,27,Debit Card,Male,3,4,Laptop & Accessory,1,Married,4,0,19,2,3,3,166.27,1.0,1.2,1-5 Yrs,Far (21-50km)
53984,0,17,Computer,1,16,Debit Card,Male,3,4,Mobile,3,Single,6,0,14,1,2,3,149.38,1.0,1.2,1-5 Yrs,Moderate (11-20km)
53985,0,15,Mobile,1,12,Debit Card,Male,3,2,Laptop & Accessory,4,Single,5,0,13,2,2,3,193.7,1.0,1.2,1-5 Yrs,Moderate (11-20km)
53986,0,15,Mobile,3,11,E wallet,Female,3,4,Fashion,3,Married,2,1,14,1,14,3,229.47,3.0,3.5999999999999996,1-5 Yrs,Moderate (11-20km)
53987,0,4,Mobile,1,17,Credit Card,Female,4,4,Fashion,3,Single,11,0,15,1,2,3,221.67,1.0,1.2,4-12 Mos,Moderate (11-20km)
53988,1,1,Mobile,2,27,Credit Card,Female,4,4,Mobile,4,Married,2,1,12,1,2,5,146.48,1.0,1.2,0-3 Mos (High Risk),Far (21-50km)
53989,1,10,Mobile,1,28,Credit Card,Female,4,4,Laptop & Accessory,4,Married,6,0,23,2,4,3,214.26,1.0,1.2,4-12 Mos,Far (21-50km)
53990,0,14,Mobile,1,7,Debit Card,Female,3,4,Laptop & Accessory,1,Married,6,0,18,1,2,4,190.13,1.0,1.2,1-5 Yrs,Close (0-10km)
53991,0,8,Mobile,3,15,Cash on Delivery,Male,4,2,Laptop & Accessory,3,Married,3,0,22,1,5,9,192.99,1.0,1.2,4-12 Mos,Moderate (11-20km)
53992,0,31,Computer,3,9,Credit Card,Male,3,4,Grocery,4,Married,6,0,23,11,15,15,25.0,1.0,1.2,1-5 Yrs,Close (0-10km)
53993,0,9,Mobile,1,30,Credit Card,Male,4,6,Mobile,3,Married,2,0,17,2,2,4,152.05,1.0,1.2,4-12 Mos,Far (21-50km)
53994,0,21,Mobile,1,11,Debit Card,Female,4,5,Fashion,4,Married,10,1,13,3,15,3,228.33,3.0,3.5999999999999996,1-5 Yrs,Moderate (11-20km)
53995,0,14,Mobile,1,19,Debit Card,Female,3,4,Laptop & Accessory,5,Married,4,0,13,8,8,8,169.48,1.0,1.2,1-5 Yrs,Moderate (11-20km)
53996,0,28,Mobile,1,14,Credit Card,Female,4,4,Laptop & Accessory,1,Married,6,0,16,2,2,8,193.54,1.0,1.2,1-5 Yrs,Moderate (11-20km)
53997,0,5,Computer,3,14,E wallet,Female,4,4,Fashion,5,Married,4,0,15,3,3,3,221.37,1.0,1.2,4-12 Mos,Moderate (11-20km)
53998,0,2,Mobile,1,7,Credit Card,Female,4,4,Mobile,5,Married,3,0,26,2,2,3,160.91,1.0,1.2,0-3 Mos (High Risk),Close (0-10km)
53999,0,12,Mobile,3,9,E wallet,Female,4,6,Laptop & Accessory,1,Married,4,1,21,1,2,4,179.05,1.0,1.2,4-12 Mos,Close (0-10km)
54000,0,1,Mobile,3,17,Credit Card,Male,3,4,Laptop & Accessory,1,Single,3,0,14,1,2,3,171.84,1.0,1.2,0-3 Mos (High Risk),Moderate (11-20km)
54001,0,31,Computer,1,22,Debit Card,Male,3,4,Grocery,3,Married,4,1,15,1,3,3,282.87,1.0,1.2,1-5 Yrs,Far (21-50km)
54002,0,1,Computer,1,21,Credit Card,Female,3,4,Mobile,3,Single,3,0,17,2,2,1,140.14,1.0,1.2,0-3 Mos (High Risk),Far (21-50km)
54003,1,1,Mobile,2,25,UPI,Male,3,2,Mobile,5,Married,2,0,18,2,2,1,154.56,1.0,1.2,0-3 Mos (High Risk),Far (21-50km)
54004,1,1,Mobile,2,20,UPI,Male,3,5,Mobile,5,Married,6,1,16,2,3,1,148.35,1.0,1.2,0-3 Mos (High Risk),Moderate (11-20km)
54005,0,19,Computer,3,9,Debit Card,Female,4,4,Laptop & Accessory,3,Married,6,0,23,4,6,8,176.54,1.0,1.2,1-5 Yrs,Close (0-10km)
54006,0,10,Mobile,1,9,UPI,Female,4,4,Laptop & Accessory,4,Married,6,1,23,1,2,1,194.62,1.0,1.2,4-12 Mos,Close (0-10km)
54007,0,17,Computer,3,9,Debit Card,Male,4,4,Laptop & Accessory,1,Married,3,0,21,6,8,8,181.75,1.0,1.2,1-5 Yrs,Close (0-10km)
54008,0,1,Computer,1,12,Debit Card,Female,3,4,Mobile,1,Single,2,1,15,2,2,3,148.79,1.0,1.2,0-3 Mos (High Risk),Moderate (11-20km)
54009,0,3,Computer,1,27,Credit Card,Male,3,4,Mobile,1,Married,3,0,14,2,4,11,163.12,1.0,1.2,0-3 Mos (High Risk),Far (21-50km)
54010,0,6,Computer,3,17,E wallet,Male,4,4,Laptop & Accessory,1,Single,10,0,14,2,2,1,171.48,1.0,1.2,4-12 Mos,Moderate (11-20km)
54011,0,16,Computer,1,17,Cash on Delivery,Male,3,4,Mobile,3,Married,5,0,23,2,4,4,154.36,1.0,1.2,1-5 Yrs,Moderate (11-20km)
54012,0,21,Mobile,1,16,Debit Card,Female,4,4,Mobile,3,Single,6,0,13,2,3,1,146.05,1.0,1.2,1-5 Yrs,Moderate (11-20km)
54013,0,20,Mobile,1,9,Debit Card,Male,3,4,Fashion,1,Married,5,0,15,2,5,3,210.78,1.0,1.2,1-5 Yrs,Close (0-10km)
54014,0,2,Computer,2,7,Debit Card,Male,3,4,Mobile,1,Married,3,0,16,1,3,3,152.06,1.0,1.2,0-3 Mos (High Risk),Close (0-10km)
54015,0,3,Mobile,1,36,Debit Card,Male,4,6,Laptop & Accessory,3,Married,10,0,18,2,2,7,188.84,1.0,1.2,0-3 Mos (High Risk),Far (21-50km)
54016,0,16,Mobile,1,15,Debit Card,Male,3,4,Mobile,3,Single,6,0,14,2,2,1,164.68,1.0,1.2,1-5 Yrs,Moderate (11-20km)
54017,1,1,Mobile,3,9,E wallet,Male,3,5,Laptop & Accessory,4,Single,9,1,13,3,3,3,224.07,1.0,1.2,0-3 Mos (High Risk),Close (0-10km)
54018,0,20,Mobile,3,10,Cash on Delivery,Female,3,2,Grocery,5,Married,4,0,13,2,4,9,257.25,1.0,1.2,1-5 Yrs,Close (0-10km)
54019,0,1,Mobile,3,30,Credit Card,Female,3,5,Laptop & Accessory,3,Married,3,0,22,5,6,9,160.4,1.0,1.2,0-3 Mos (High Risk),Far (21-50km)
54020,0,3,Mobile,2,13,Credit Card,Male,3,5,Mobile,4,Married,3,0,12,2,2,1,153.04,1.0,1.2,0-3 Mos (High Risk),Moderate (11-20km)
54021,0,17,Mobile,1,13,Credit Card,Female,3,5,Others,3,Married,9,0,15,4,7,15,318.92,1.0,1.2,1-5 Yrs,Moderate (11-20km)
54022,0,22,Mobile,1,17,Debit Card,Male,4,5,Others,4,Married,6,0,15,4,13,10,321.65,1.0,1.2,1-5 Yrs,Moderate (11-20km)
54023,1,1,Computer,1,31,Debit Card,Male,4,5,Mobile,1,Single,3,1,25,2,2,1,149.39,1.0,1.2,0-3 Mos (High Risk),Far (21-50km)
54024,1,10,Mobile,3,17,Debit Card,Female,4,4,Fashion,4,Married,7,0,22,1,2,8,198.14,1.0,1.2,4-12 Mos,Moderate (11-20km)
54025,0,1,Computer,1,22,Debit Card,Female,4,5,Mobile,5,Married,2,0,20,8,8,4,172.74,1.0,1.2,0-3 Mos (High Risk),Far (21-50km)
54026,0,13,Mobile,1,26,UPI,Male,3,4,Laptop & Accessory,1,Married,10,0,15,2,3,3,164.02,1.0,1.2,1-5 Yrs,Far (21-50km)
54027,0,29,Mobile,1,9,Cash on Delivery,Male,4,5,Mobile,1,Married,10,0,21,1,2,5,151.62,1.0,1.2,1-5 Yrs,Close (0-10km)
54028,0,2,Mobile,3,10,Credit Card,Female,4,4,Mobile,4,Married,3,0,20,2,2,1,153.56,1.0,1.2,0-3 Mos (High Risk),Close (0-10km)
54029,1,1,Mobile,3,16,Credit Card,Male,3,4,Mobile,1,Single,3,0,14,1,2,1,135.81,1.0,1.2,0-3 Mos (High Risk),Moderate (11-20km)
54030,1,1,Mobile,1,14,Debit Card,Male,4,4,Mobile,4,Single,3,1,24,2,2,1,149.72,1.0,1.2,0-3 Mos (High Risk),Moderate (11-20km)
54031,0,10,Mobile,3,17,Cash on Delivery,Female,4,5,Laptop & Accessory,3,Married,3,1,14,2,2,8,181.73,1.0,1.2,4-12 Mos,Moderate (11-20km)
54032,0,5,Mobile,1,27,Debit Card,Male,3,4,Laptop & Accessory,3,Married,3,0,12,1,2,3,166.97,1.0,1.2,4-12 Mos,Far (21-50km)
54033,0,8,Mobile,3,11,Debit Card,Male,4,4,Fashion,1,Married,4,1,14,1,2,3,222.13,1.0,1.2,4-12 Mos,Moderate (11-20km)
54034,0,3,Mobile,1,14,Debit Card,Male,3,4,Mobile,5,Single,5,0,15,1,2,3,145.62,1.0,1.2,0-3 Mos (High Risk),Moderate (11-20km)
54035,0,11,Mobile,1,14,Credit Card,Male,4,4,Laptop & Accessory,5,Married,7,1,23,1,2,5,167.84,1.0,1.2,4-12 Mos,Moderate (11-20km)
54036,0,9,Mobile,1,23,UPI,Female,3,5,Laptop & Accessory,4,Married,2,1,12,2,2,3,172.88,1.0,1.2,4-12 Mos,Far (21-50km)
54037,0,19,Mobile,1,32,Debit Card,Female,4,5,Laptop & Accessory,1,Married,2,0,14,1,4,9,184.06,1.0,1.2,1-5 Yrs,Far (21-50km)
54038,0,10,Computer,2,9,UPI,Male,4,5,Laptop & Accessory,1,Single,3,0,22,2,2,9,163.86,1.0,1.2,4-12 Mos,Close (0-10km)
54039,0,14,Mobile,1,7,Debit Card,Male,4,4,Grocery,5,Married,4,0,15,10,12,17,293.23,1.0,1.2,1-5 Yrs,Close (0-10km)
54040,0,1,Mobile,1,7,Debit Card,Female,3,5,Mobile,3,Married,3,1,14,1,2,1,154.33,1.0,1.2,0-3 Mos (High Risk),Close (0-10km)
54041,0,1,Mobile,3,9,Credit Card,Female,3,2,Laptop & Accessory,3,Single,2,0,15,1,2,8,190.0,1.0,1.2,0-3 Mos (High Risk),Close (0-10km)
54042,0,22,Computer,1,29,Credit Card,Female,3,4,Grocery,1,Married,5,0,15,1,5,8,296.74,1.0,1.2,1-5 Yrs,Far (21-50km)
54043,0,18,Mobile,1,7,Debit Card,Male,4,2,Laptop & Accessory,5,Married,4,0,16,3,3,3,175.33,1.0,1.2,1-5 Yrs,Close (0-10km)
54044,1,1,Computer,1,23,Cash on Delivery,Male,3,6,Mobile,5,Married,3,1,24,4,4,1,148.07,1.0,1.2,0-3 Mos (High Risk),Far (21-50km)
54045,1,20,Mobile,1,31,Debit Card,Male,4,4,Mobile,1,Single,3,0,17,1,2,1,150.87,1.0,1.2,1-5 Yrs,Far (21-50km)
54046,0,10,Mobile,3,24,E wallet,Male,3,5,Laptop & Accessory,4,Married,4,0,17,2,2,4,180.07,1.0,1.2,4-12 Mos,Far (21-50km)
54047,0,15,Mobile,3,15,E wallet,Female,3,4,Laptop & Accessory,4,Married,7,0,22,2,2,5,168.93,1.0,1.2,1-5 Yrs,Moderate (11-20km)
54048,0,16,Mobile,1,13,Credit Card,Male,3,4,Fashion,5,Married,11,0,14,4,2,8,258.48,1.0,1.2,1-5 Yrs,Moderate (11-20km)
54049,0,5,Mobile,3,17,Credit Card,Female,3,4,Laptop & Accessory,1,Married,4,1,12,1,2,5,190.83,1.0,1.2,4-12 Mos,Moderate (11-20km)
54050,0,8,Mobile,3,10,Credit Card,Female,4,5,Laptop & Accessory,1,Married,5,1,13,1,2,2,206.03,1.0,1.2,4-12 Mos,Close (0-10km)
54051,0,5,Mobile,1,11,Credit Card,Female,4,2,Mobile,3,Married,10,0,13,3,3,3,164.78,1.0,1.2,4-12 Mos,Moderate (11-20km)
54052,0,1,Computer,1,13,UPI,Male,4,2,Mobile,1,Married,2,0,19,3,8,8,150.44,1.0,1.2,0-3 Mos (High Risk),Moderate (11-20km)
54053,0,19,Computer,1,7,Credit Card,Male,3,4,Laptop & Accessory,3,Single,6,0,13,2,2,4,178.99,1.0,1.2,1-5 Yrs,Close (0-10km)
54054,0,7,Mobile,3,17,E wallet,Male,3,4,Laptop & Accessory,3,Single,3,0,15,1,2,10,179.87,1.0,1.2,4-12 Mos,Moderate (11-20km)
54055,0,2,Computer,3,7,Debit Card,Male,3,5,Laptop & Accessory,1,Married,3,1,13,1,2,8,193.34,1.0,1.2,0-3 Mos (High Risk),Close (0-10km)
54056,1,1,Computer,3,31,Cash on Delivery,Male,3,2,Mobile,5,Single,3,0,18,2,2,1,135.91,1.0,1.2,0-3 Mos (High Risk),Far (21-50km)
54057,0,13,Computer,3,28,Debit Card,Female,3,6,Laptop & Accessory,3,Married,8,0,20,1,2,3,182.36,1.0,1.2,1-5 Yrs,Far (21-50km)
54058,0,1,Mobile,1,9,Cash on Delivery,Male,3,4,Mobile,4,Married,3,0,12,2,2,3,147.26,1.0,1.2,0-3 Mos (High Risk),Close (0-10km)
54059,0,8,Computer,1,29,UPI,Male,3,5,Laptop & Accessory,1,Married,3,1,16,4,7,12,182.47,2.0,2.4,4-12 Mos,Far (21-50km)
54060,1,1,Mobile,3,20,E wallet,Female,3,4,Laptop & Accessory,3,Single,5,1,12,3,3,3,223.54,1.0,1.2,0-3 Mos (High Risk),Moderate (11-20km)
54061,0,21,Computer,1,21,Cash on Delivery,Male,4,4,Laptop & Accessory,4,Married,10,0,19,1,2,8,179.67,1.0,1.2,1-5 Yrs,Far (21-50km)
54062,0,30,Mobile,3,18,E wallet,Female,3,5,Laptop & Accessory,5,Married,6,0,17,1,2,1,178.8,1.0,1.2,1-5 Yrs,Moderate (11-20km)
54063,0,13,Mobile,1,16,Credit Card,Male,3,4,Laptop & Accessory,5,Married,3,0,26,5,8,10,176.51,1.0,1.2,1-5 Yrs,Moderate (11-20km)
54064,0,12,Computer,1,15,Credit Card,Female,3,5,Laptop & Accessory,4,Married,3,1,17,2,2,8,146.33,1.0,1.2,4-12 Mos,Moderate (11-20km)
54065,0,31,Mobile,3,28,Debit Card,Female,4,4,Grocery,1,Married,6,1,15,2,2,1,303.75,1.0,1.2,1-5 Yrs,Far (21-50km)
54066,1,1,Computer,1,12,Debit Card,Female,3,2,Mobile,3,Single,5,1,15,1,2,4,149.32,1.0,1.2,0-3 Mos (High Risk),Moderate (11-20km)
54067,0,12,Mobile,1,16,Debit Card,Male,4,4,Mobile,1,Married,4,0,20,2,2,4,172.71,1.0,1.2,4-12 Mos,Moderate (11-20km)
54068,0,23,Computer,1,9,Debit Card,Male,3,4,Others,1,Married,5,0,15,3,5,4,316.61,1.0,1.2,1-5 Yrs,Close (0-10km)
54069,0,16,Mobile,3,19,E wallet,Male,4,4,Laptop & Accessory,1,Married,5,1,13,1,2,1,175.87,1.0,1.2,1-5 Yrs,Moderate (11-20km)
54070,1,1,Computer,2,29,UPI,Female,3,5,Mobile,4,Married,3,0,13,2,2,1,153.63,1.0,1.2,0-3 Mos (High Risk),Far (21-50km)
54071,0,9,Mobile,3,25,Credit Card,Male,4,4,Laptop & Accessory,5,Married,2,0,17,1,2,5,25.0,1.0,1.2,4-12 Mos,Far (21-50km)
54072,0,2,Computer,1,23,Credit Card,Male,3,4,Mobile,3,Single,3,0,15,1,2,5,146.44,1.0,1.2,0-3 Mos (High Risk),Far (21-50km)
54073,0,5,Computer,1,10,Credit Card,Male,3,4,Mobile,5,Married,3,1,14,1,3,4,155.65,1.0,1.2,4-12 Mos,Close (0-10km)
54074,0,10,Computer,1,16,Debit Card,Male,4,2,Mobile,4,Married,3,0,23,2,2,3,153.1,1.0,1.2,4-12 Mos,Moderate (11-20km)
54075,0,8,Mobile,3,7,E wallet,Male,3,4,Fashion,1,Single,3,0,22,2,3,3,223.88,1.0,1.2,4-12 Mos,Close (0-10km)
54076,0,8,Mobile,3,20,Credit Card,Male,3,4,Fashion,3,Married,3,0,19,2,2,3,211.28,1.0,1.2,4-12 Mos,Moderate (11-20km)
54077,0,1,Mobile,1,7,Credit Card,Male,4,4,Mobile,5,Single,2,0,14,4,8,7,153.67,1.0,1.2,0-3 Mos (High Risk),Close (0-10km)
54078,0,3,Mobile,1,7,Debit Card,Male,3,4,Laptop & Accessory,5,Married,2,0,13,2,2,3,178.73,1.0,1.2,0-3 Mos (High Risk),Close (0-10km)
54079,0,6,Computer,1,22,Credit Card,Female,3,4,Laptop & Accessory,1,Married,7,0,19,1,2,3,191.67,1.0,1.2,4-12 Mos,Far (21-50km)
54080,0,5,Computer,1,7,Debit Card,Male,3,6,Laptop & Accessory,5,Married,3,0,22,2,9,8,175.03,1.0,1.2,4-12 Mos,Close (0-10km)
54081,1,1,Mobile,1,24,Cash on Delivery,Male,3,5,Mobile,1,Married,7,0,13,1,2,4,148.67,1.0,1.2,0-3 Mos (High Risk),Far (21-50km)
54082,0,12,Mobile,3,7,Debit Card,Male,3,5,Mobile,5,Single,6,0,15,1,2,1,153.58,1.0,1.2,4-12 Mos,Close (0-10km)
54083,0,9,Mobile,3,14,Debit Card,Female,3,4,Laptop & Accessory,1,Married,3,1,12,2,2,10,177.04,1.0,1.2,4-12 Mos,Moderate (11-20km)
54084,0,1,Mobile,3,16,E wallet,Male,3,4,Laptop & Accessory,1,Single,3,0,15,1,2,8,166.05,1.0,1.2,0-3 Mos (High Risk),Moderate (11-20km)
54085,0,6,Mobile,1,12,Debit Card,Male,3,5,Laptop & Accessory,1,Single,10,0,25,1,2,3,221.79,1.0,1.2,4-12 Mos,Moderate (11-20km)
54086,1,1,Computer,3,33,E wallet,Male,4,4,Laptop & Accessory,1,Married,3,1,12,1,2,9,181.17,1.0,1.2,0-3 Mos (High Risk),Far (21-50km)
54087,1,17,Mobile,3,31,Debit Card,Male,4,4,Fashion,5,Single,8,1,14,3,3,3,229.48,1.0,1.2,1-5 Yrs,Far (21-50km)
54088,0,28,Mobile,1,16,Debit Card,Female,4,4,Laptop & Accessory,3,Married,5,0,12,1,3,4,153.97,1.0,1.2,1-5 Yrs,Moderate (11-20km)
54089,0,7,Computer,1,14,Debit Card,Male,3,4,Laptop & Accessory,3,Married,3,0,21,3,3,9,184.68,1.0,1.2,4-12 Mos,Moderate (11-20km)
54090,0,17,Mobile,1,18,Debit Card,Male,2,4,Fashion,3,Married,3,0,18,2,2,10,200.1,1.0,1.2,1-5 Yrs,Moderate (11-20km)
54091,0,12,Computer,2,7,UPI,Male,3,4,Mobile,4,Married,2,1,12,2,2,3,154.91,1.0,1.2,4-12 Mos,Close (0-10km)
54092,0,29,Mobile,2,33,UPI,Male,4,2,Others,4,Married,6,1,15,2,2,5,321.36,1.0,1.2,1-5 Yrs,Far (21-50km)
54093,0,5,Mobile,1,9,Credit Card,Female,3,6,Mobile,1,Married,3,1,12,2,2,1,136.29,1.0,1.2,4-12 Mos,Close (0-10km)
54094,0,13,Mobile,3,22,E wallet,Male,4,4,Grocery,5,Single,2,0,13,5,4,11,258.41,1.0,1.2,1-5 Yrs,Far (21-50km)
54095,0,16,Computer,1,30,Debit Card,Male,3,5,Laptop & Accessory,3,Single,3,0,13,3,4,8,168.32,1.0,1.2,1-5 Yrs,Far (21-50km)
54096,0,5,Computer,1,17,Credit Card,Female,3,4,Fashion,3,Married,6,0,21,4,2,9,235.31,1.0,1.2,4-12 Mos,Moderate (11-20km)
54097,0,28,Mobile,1,17,Credit Card,Female,4,4,Laptop & Accessory,5,Single,8,1,20,1,2,5,169.4,1.0,1.2,1-5 Yrs,Moderate (11-20km)
54098,0,1,Mobile,1,7,Debit Card,Male,3,5,Laptop & Accessory,3,Single,3,0,13,2,2,3,171.17,1.0,1.2,0-3 Mos (High Risk),Close (0-10km)
54099,0,1,Mobile,1,19,UPI,Male,4,4,Mobile,1,Single,3,0,14,2,2,5,151.47,1.0,1.2,0-3 Mos (High Risk),Moderate (11-20km)
54100,0,14,Computer,1,18,Cash on Delivery,Female,4,4,Laptop & Accessory,3,Married,3,0,12,3,10,5,188.23,1.0,1.2,1-5 Yrs,Moderate (11-20km)
54101,0,14,Mobile,3,9,E wallet,Female,4,4,Laptop & Accessory,4,Married,5,0,15,2,6,11,181.77,1.0,1.2,1-5 Yrs,Close (0-10km)
54102,0,1,Mobile,2,9,UPI,Female,3,4,Mobile,4,Married,6,0,15,1,2,3,146.87,1.0,1.2,0-3 Mos (High Risk),Close (0-10km)
54103,0,4,Mobile,1,7,Credit Card,Male,4,4,Mobile,4,Married,3,0,14,1,2,8,162.48,1.0,1.2,4-12 Mos,Close (0-10km)
54104,0,1,Mobile,1,9,UPI,Male,3,4,Mobile,3,Married,8,1,20,1,2,3,164.77,1.0,1.2,0-3 Mos (High Risk),Close (0-10km)
54105,0,21,Mobile,1,32,Credit Card,Male,3,4,Fashion,3,Single,4,0,24,2,13,3,211.33,1.0,1.2,1-5 Yrs,Far (21-50km)
54106,0,7,Computer,1,7,Credit Card,Male,3,5,Mobile,3,Married,3,0,13,1,2,1,145.08,1.0,1.2,4-12 Mos,Close (0-10km)
54107,0,12,Mobile,3,7,Debit Card,Male,3,4,Laptop & Accessory,4,Married,2,0,16,5,6,9,169.4,1.0,1.2,4-12 Mos,Close (0-10km)
54108,0,5,Mobile,3,9,Debit Card,Male,3,4,Mobile,3,Married,2,0,20,2,2,3,155.67,1.0,1.2,4-12 Mos,Close (0-10km)
54109,0,12,Computer,1,13,Debit Card,Male,4,5,Laptop & Accessory,3,Married,4,0,12,3,8,8,178.21,1.0,1.2,4-12 Mos,Moderate (11-20km)
54110,0,16,Mobile,1,25,Debit Card,Male,3,4,Laptop & Accessory,5,Married,8,1,18,1,2,3,179.1,1.0,1.2,1-5 Yrs,Far (21-50km)
54111,0,15,Mobile,1,7,Debit Card,Male,4,4,Mobile,1,Married,5,0,23,1,2,1,152.82,1.0,1.2,1-5 Yrs,Close (0-10km)
54112,0,21,Computer,1,7,Credit Card,Female,4,4,Fashion,4,Married,2,0,19,1,2,13,244.57,1.0,1.2,1-5 Yrs,Close (0-10km)
54113,0,9,Mobile,1,18,Credit Card,Male,3,4,Mobile,3,Married,9,1,12,1,3,3,151.6,1.0,1.2,4-12 Mos,Moderate (11-20km)
54114,0,1,Mobile,1,7,Debit Card,Male,4,4,Mobile,3,Single,2,0,13,1,2,3,158.75,1.0,1.2,0-3 Mos (High Risk),Close (0-10km)
54115,0,9,Mobile,1,16,Credit Card,Male,3,4,Laptop & Accessory,3,Single,3,0,20,1,2,9,175.98,1.0,1.2,4-12 Mos,Moderate (11-20km)
54116,0,7,Mobile,1,22,Credit Card,Female,4,4,Laptop & Accessory,1,Married,2,1,14,6,9,2,37.0,2.0,2.4,4-12 Mos,Far (21-50km)
54117,0,6,Mobile,1,36,Debit Card,Female,3,5,Mobile,4,Single,3,0,14,4,5,2,153.37,1.0,1.2,4-12 Mos,Far (21-50km)
54118,0,14,Mobile,1,7,Debit Card,Male,3,4,Mobile,1,Married,10,0,20,1,2,1,149.06,1.0,1.2,1-5 Yrs,Close (0-10km)
54119,0,6,Mobile,3,7,Credit Card,Male,4,5,Mobile,4,Married,2,0,15,1,3,3,147.69,1.0,1.2,4-12 Mos,Close (0-10km)
54120,0,13,Mobile,1,31,Debit Card,Male,3,4,Laptop & Accessory,1,Single,9,0,14,2,2,8,166.08,1.0,1.2,1-5 Yrs,Far (21-50km)
54121,0,12,Mobile,1,17,Credit Card,Female,3,6,Fashion,3,Married,5,0,13,2,2,12,257.06,1.0,1.2,4-12 Mos,Moderate (11-20km)
54122,0,6,Mobile,3,7,E wallet,Female,3,4,Fashion,1,Married,3,0,20,4,6,3,229.22,1.0,1.2,4-12 Mos,Close (0-10km)
54123,0,11,Mobile,1,17,Debit Card,Female,3,2,Fashion,1,Married,3,1,26,1,7,9,262.44,2.0,2.4,4-12 Mos,Moderate (11-20km)
54124,0,1,Mobile,3,15,UPI,Female,3,4,Laptop & Accessory,3,Married,2,1,23,2,2,5,174.07,1.0,1.2,0-3 Mos (High Risk),Moderate (11-20km)
54125,0,26,Computer,3,127,Debit Card,Male,3,4,Mobile,1,Married,4,0,16,2,2,1,159.82,1.0,1.2,1-5 Yrs,Very Far (>50km)
54126,0,18,Mobile,1,7,Credit Card,Male,3,4,Mobile,1,Single,8,1,13,1,2,3,149.36,1.0,1.2,1-5 Yrs,Close (0-10km)
54127,0,1,Mobile,3,12,Credit Card,Male,3,4,Mobile,5,Single,3,1,12,2,2,3,148.8,1.0,1.2,0-3 Mos (High Risk),Moderate (11-20km)
54128,0,13,Computer,1,16,Debit Card,Male,3,4,Others,1,Single,4,0,15,1,2,4,319.31,1.0,1.2,1-5 Yrs,Moderate (11-20km)
54129,1,1,Computer,3,16,E wallet,Male,3,4,Mobile,5,Married,3,0,20,2,2,1,142.9,1.0,1.2,0-3 Mos (High Risk),Moderate (11-20km)
54130,0,10,Mobile,3,10,Credit Card,Female,4,5,Fashion,1,Married,2,0,20,4,4,5,201.44,1.0,1.2,4-12 Mos,Close (0-10km)
54131,0,10,Computer,1,11,Debit Card,Female,4,4,Laptop & Accessory,4,Married,9,0,14,2,2,3,176.31,1.0,1.2,4-12 Mos,Moderate (11-20km)
54132,0,30,Computer,1,7,Debit Card,Male,3,4,Laptop & Accessory,3,Married,3,0,22,1,2,10,188.06,1.0,1.2,1-5 Yrs,Close (0-10km)
54133,1,1,Mobile,1,7,Credit Card,Male,3,4,Mobile,1,Married,11,1,15,3,3,3,172.87,1.0,1.2,0-3 Mos (High Risk),Close (0-10km)
54134,0,16,Mobile,1,9,Debit Card,Male,3,4,Others,3,Married,7,0,15,2,5,15,313.8,1.0,1.2,1-5 Yrs,Close (0-10km)
54135,1,20,Mobile,1,14,Cash on Delivery,Male,4,4,Mobile,3,Married,10,0,12,7,10,9,148.39,1.0,1.2,1-5 Yrs,Moderate (11-20km)
54136,0,15,Mobile,1,35,Debit Card,Female,3,5,Grocery,4,Married,2,0,24,2,4,11,260.7,1.0,1.2,1-5 Yrs,Far (21-50km)
54137,0,8,Mobile,3,35,E wallet,Female,4,5,Laptop & Accessory,3,Married,3,0,22,2,2,8,192.12,1.0,1.2,4-12 Mos,Far (21-50km)
54138,0,10,Computer,3,22,E wallet,Male,3,6,Laptop & Accessory,1,Married,3,0,25,5,12,12,179.06,1.0,1.2,4-12 Mos,Far (21-50km)
54139,0,15,Mobile,3,10,Debit Card,Male,3,5,Laptop & Accessory,4,Married,4,0,12,1,2,3,214.38,1.0,1.2,1-5 Yrs,Close (0-10km)
54140,0,6,Mobile,1,9,Cash on Delivery,Male,4,4,Mobile,5,Single,3,0,15,2,2,3,149.39,1.0,1.2,4-12 Mos,Close (0-10km)
54141,0,9,Mobile,2,33,Debit Card,Female,3,4,Fashion,1,Single,3,1,17,2,2,3,213.37,1.0,1.2,4-12 Mos,Far (21-50km)
54142,0,12,Mobile,3,17,Debit Card,Female,4,4,Laptop & Accessory,1,Married,3,0,12,1,2,10,178.43,1.0,1.2,4-12 Mos,Moderate (11-20km)
54143,1,14,Computer,3,7,Debit Card,Male,4,4,Laptop & Accessory,3,Married,9,0,13,2,2,2,192.28,1.0,1.2,1-5 Yrs,Close (0-10km)
54144,0,10,Mobile,3,18,E wallet,Female,4,5,Laptop & Accessory,1,Married,6,0,14,2,2,1,191.52,1.0,1.2,4-12 Mos,Moderate (11-20km)
54145,0,19,Mobile,3,27,Debit Card,Female,3,4,Laptop & Accessory,3,Single,10,0,16,2,2,2,173.5,1.0,1.2,1-5 Yrs,Far (21-50km)
54146,0,14,Mobile,1,9,Debit Card,Male,3,5,Mobile,3,Single,4,0,15,1,3,3,153.09,1.0,1.2,1-5 Yrs,Close (0-10km)
54147,0,9,Computer,1,25,Debit Card,Male,4,4,Laptop & Accessory,3,Married,3,1,15,2,2,3,181.89,1.0,1.2,4-12 Mos,Far (21-50km)
54148,0,14,Mobile,1,9,Credit Card,Female,4,4,Mobile,3,Married,4,0,15,2,2,3,145.01,1.0,1.2,1-5 Yrs,Close (0-10km)
54149,0,9,Mobile,1,7,Debit Card,Female,4,6,Mobile,1,Married,3,0,13,1,2,2,154.77,1.0,1.2,4-12 Mos,Close (0-10km)
54150,0,3,Mobile,1,20,UPI,Male,3,5,Laptop & Accessory,4,Married,6,1,14,2,2,4,165.25,1.0,1.2,0-3 Mos (High Risk),Moderate (11-20km)
54151,0,3,Mobile,1,35,Credit Card,Female,4,5,Mobile,5,Single,3,0,15,1,2,5,162.85,1.0,1.2,0-3 Mos (High Risk),Far (21-50km)
54152,1,14,Mobile,3,35,E wallet,Male,3,5,Fashion,5,Married,6,1,14,1,2,1,233.54000000000002,1.0,1.2,1-5 Yrs,Far (21-50km)
54153,0,13,Mobile,3,31,E wallet,Female,3,5,Grocery,1,Married,2,0,12,2,4,7,245.31,1.0,1.2,1-5 Yrs,Far (21-50km)
54154,0,5,Computer,1,12,Credit Card,Male,4,4,Laptop & Accessory,5,Single,2,0,20,1,2,3,224.36,1.0,1.2,4-12 Mos,Moderate (11-20km)
54155,0,1,Mobile,3,12,UPI,Female,2,5,Mobile,3,Single,2,0,19,1,2,1,154.66,1.0,1.2,0-3 Mos (High Risk),Moderate (11-20km)
54156,0,10,Computer,1,30,Credit Card,Male,3,2,Laptop & Accessory,1,Married,6,0,18,1,2,4,150.71,1.0,1.2,4-12 Mos,Far (21-50km)
54157,0,13,Mobile,1,13,Credit Card,Male,3,5,Fashion,5,Married,6,0,16,2,2,3,224.91,1.0,1.2,1-5 Yrs,Moderate (11-20km)
54158,0,1,Mobile,1,11,Debit Card,Male,3,2,Laptop & Accessory,4,Married,3,1,21,2,2,4,186.42,1.0,1.2,0-3 Mos (High Risk),Moderate (11-20km)
54159,0,23,Computer,3,9,Credit Card,Male,4,5,Laptop & Accessory,4,Married,4,0,15,2,2,9,178.9,1.0,1.2,1-5 Yrs,Close (0-10km)
54160,0,8,Mobile,1,15,Credit Card,Male,3,2,Laptop & Accessory,3,Married,4,0,13,1,2,3,169.04,1.0,1.2,4-12 Mos,Moderate (11-20km)
54161,1,5,Mobile,3,7,Debit Card,Female,4,4,Laptop & Accessory,1,Single,10,1,12,1,2,6,184.93,1.0,1.2,4-12 Mos,Close (0-10km)
54162,0,23,Computer,1,15,Debit Card,Male,4,5,Laptop & Accessory,4,Married,3,0,24,1,2,8,176.3,1.0,1.2,1-5 Yrs,Moderate (11-20km)
54163,1,1,Mobile,1,9,UPI,Male,4,5,Mobile,3,Single,8,1,16,1,2,1,145.9,1.0,1.2,0-3 Mos (High Risk),Close (0-10km)
54164,0,7,Computer,1,10,Debit Card,Female,3,4,Mobile,3,Married,3,1,12,3,4,1,154.09,1.0,1.2,4-12 Mos,Close (0-10km)
54165,0,1,Mobile,1,9,Credit Card,Male,3,4,Mobile,4,Married,11,0,13,2,3,3,159.68,1.0,1.2,0-3 Mos (High Risk),Close (0-10km)
54166,0,6,Computer,1,9,Debit Card,Male,4,4,Mobile,1,Single,2,0,14,2,4,7,155.68,1.0,1.2,4-12 Mos,Close (0-10km)
54167,0,31,Mobile,1,10,Credit Card,Female,3,2,Mobile,5,Married,6,1,21,1,2,1,151.7,1.0,1.2,1-5 Yrs,Close (0-10km)
54168,0,4,Mobile,1,31,Debit Card,Male,4,4,Mobile,3,Married,3,0,23,2,2,1,151.93,1.0,1.2,4-12 Mos,Far (21-50km)
54169,0,12,Computer,1,30,Debit Card,Male,3,5,Fashion,3,Single,2,0,22,2,2,3,220.26,1.0,1.2,4-12 Mos,Far (21-50km)
54170,0,10,Mobile,1,34,Credit Card,Male,4,4,Laptop & Accessory,3,Married,8,0,14,1,8,8,177.37,1.0,1.2,4-12 Mos,Far (21-50km)
54171,0,9,Mobile,1,23,Credit Card,Male,3,2,Mobile,4,Married,2,0,14,2,2,4,149.26,1.0,1.2,4-12 Mos,Far (21-50km)
54172,0,3,Mobile,1,22,Debit Card,Female,3,5,Laptop & Accessory,3,Single,2,1,13,2,2,9,166.93,1.0,1.2,0-3 Mos (High Risk),Far (21-50km)
54173,0,5,Mobile,1,33,Debit Card,Male,3,4,Mobile,3,Married,3,0,18,4,5,4,154.11,1.0,1.2,4-12 Mos,Far (21-50km)
54174,0,8,Mobile,1,26,Credit Card,Male,4,4,Mobile,1,Married,2,0,12,1,2,3,151.61,1.0,1.2,4-12 Mos,Far (21-50km)
54175,1,1,Mobile,1,31,Debit Card,Male,3,5,Mobile,3,Single,7,1,15,1,2,4,145.28,1.0,1.2,0-3 Mos (High Risk),Far (21-50km)
54176,0,3,Mobile,1,28,Debit Card,Female,3,2,Fashion,5,Married,3,0,12,7,9,3,224.8,1.0,1.2,0-3 Mos (High Risk),Far (21-50km)
54177,0,6,Mobile,1,12,Debit Card,Male,4,2,Mobile,4,Married,2,1,13,2,2,6,157.98,1.0,1.2,4-12 Mos,Moderate (11-20km)
54178,0,1,Computer,1,23,Credit Card,Male,4,2,Mobile,1,Married,3,1,14,1,2,1,154.35,1.0,1.2,0-3 Mos (High Risk),Far (21-50km)
54179,0,27,Mobile,3,9,Debit Card,Female,4,5,Grocery,1,Married,4,0,17,1,4,8,279.27,1.0,1.2,1-5 Yrs,Close (0-10km)
54180,0,12,Mobile,1,9,Debit Card,Male,3,4,Mobile,1,Single,7,1,12,1,2,3,164.44,1.0,1.2,4-12 Mos,Close (0-10km)
54181,0,1,Computer,1,18,UPI,Female,4,2,Laptop & Accessory,3,Married,2,0,19,1,2,4,165.11,1.0,1.2,0-3 Mos (High Risk),Moderate (11-20km)
54182,1,1,Mobile,3,16,Debit Card,Male,3,5,Mobile,5,Single,9,0,24,1,2,4,159.07,1.0,1.2,0-3 Mos (High Risk),Moderate (11-20km)
54183,0,8,Mobile,1,14,Debit Card,Female,3,4,Fashion,4,Single,2,0,12,1,2,12,244.94,1.0,1.2,4-12 Mos,Moderate (11-20km)
54184,0,1,Mobile,1,22,Debit Card,Male,4,4,Mobile,1,Single,3,0,15,2,2,1,137.32,1.0,1.2,0-3 Mos (High Risk),Far (21-50km)
54185,1,1,Mobile,1,13,Credit Card,Male,3,4,Mobile,5,Single,4,0,12,1,2,4,154.6,1.0,1.2,0-3 Mos (High Risk),Moderate (11-20km)
54186,0,27,Mobile,1,12,UPI,Female,3,4,Others,3,Married,6,0,15,2,5,9,315.94,1.0,1.2,1-5 Yrs,Moderate (11-20km)
54187,1,1,Computer,1,23,Debit Card,Female,4,6,Mobile,5,Single,3,1,23,1,7,8,164.19,2.0,2.4,0-3 Mos (High Risk),Far (21-50km)
54188,0,16,Mobile,3,15,E wallet,Male,3,4,Laptop & Accessory,4,Married,2,0,12,3,5,3,193.25,1.0,1.2,1-5 Yrs,Moderate (11-20km)
54189,0,18,Mobile,1,14,Credit Card,Female,3,5,Fashion,1,Married,5,0,15,1,6,3,227.48,1.0,1.2,1-5 Yrs,Moderate (11-20km)
54190,0,20,Mobile,3,9,E wallet,Female,3,4,Others,5,Single,5,0,15,3,3,2,314.47,1.0,1.2,1-5 Yrs,Close (0-10km)
54191,0,7,Mobile,1,9,Credit Card,Male,4,4,Mobile,1,Single,6,0,12,1,2,1,149.96,1.0,1.2,4-12 Mos,Close (0-10km)
54192,0,18,Mobile,1,17,UPI,Male,3,4,Laptop & Accessory,1,Married,4,1,14,1,2,4,189.65,1.0,1.2,1-5 Yrs,Moderate (11-20km)
54193,0,4,Mobile,1,16,Credit Card,Male,3,5,Mobile,3,Single,3,0,14,1,2,9,147.06,1.0,1.2,4-12 Mos,Moderate (11-20km)
54194,1,3,Mobile,3,12,Cash on Delivery,Male,3,4,Laptop & Accessory,1,Married,5,0,15,1,2,1,145.86,1.0,1.2,0-3 Mos (High Risk),Moderate (11-20km)
54195,1,1,Mobile,1,7,Credit Card,Male,4,4,Mobile,1,Married,4,1,17,1,3,1,147.93,1.0,1.2,0-3 Mos (High Risk),Close (0-10km)
54196,0,17,Mobile,1,9,Credit Card,Female,4,2,Mobile,3,Married,3,0,13,2,2,5,151.45,1.0,1.2,1-5 Yrs,Close (0-10km)
54197,1,14,Mobile,3,10,E wallet,Male,3,5,Mobile,3,Married,3,1,15,2,2,3,151.83,1.0,1.2,1-5 Yrs,Close (0-10km)
54198,0,9,Mobile,3,9,E wallet,Female,4,4,Mobile,1,Married,3,0,14,3,3,3,145.14,1.0,1.2,4-12 Mos,Close (0-10km)
54199,0,10,Mobile,1,12,Debit Card,Female,3,5,Mobile,5,Married,11,1,15,2,2,1,159.19,1.0,1.2,4-12 Mos,Moderate (11-20km)
54200,0,7,Computer,3,7,Debit Card,Female,3,2,Laptop & Accessory,5,Married,4,0,20,1,2,4,178.76,1.0,1.2,4-12 Mos,Close (0-10km)
54201,0,9,Mobile,1,11,UPI,Male,4,4,Mobile,1,Married,3,0,13,2,2,1,144.51,1.0,1.2,4-12 Mos,Moderate (11-20km)
54202,0,1,Mobile,1,9,Debit Card,Female,3,4,Mobile,5,Married,3,0,14,2,2,1,148.41,1.0,1.2,0-3 Mos (High Risk),Close (0-10km)
54203,1,1,Mobile,1,32,Debit Card,Male,3,6,Mobile,3,Single,3,0,13,1,2,2,147.93,1.0,1.2,0-3 Mos (High Risk),Far (21-50km)
54204,0,1,Computer,3,15,Debit Card,Male,3,4,Fashion,3,Single,3,0,16,2,2,3,212.26,1.0,1.2,0-3 Mos (High Risk),Moderate (11-20km)
54205,0,4,Computer,1,7,Credit Card,Female,3,4,Laptop & Accessory,1,Single,3,0,24,2,4,8,165.11,1.0,1.2,4-12 Mos,Close (0-10km)
54206,1,5,Mobile,1,19,Cash on Delivery,Female,3,4,Others,3,Married,3,0,15,2,16,9,320.45,1.0,1.2,4-12 Mos,Moderate (11-20km)
54207,0,8,Computer,3,30,E wallet,Male,4,4,Laptop & Accessory,3,Single,2,0,21,1,9,8,170.68,1.0,1.2,4-12 Mos,Far (21-50km)
54208,0,11,Mobile,1,26,Debit Card,Male,4,4,Mobile,4,Married,6,0,22,1,2,1,155.22,1.0,1.2,4-12 Mos,Far (21-50km)
54209,0,20,Computer,3,12,E wallet,Male,4,4,Laptop & Accessory,1,Single,6,1,22,2,2,9,182.72,1.0,1.2,1-5 Yrs,Moderate (11-20km)
54210,0,9,Mobile,1,15,Debit Card,Male,3,2,Mobile,1,Married,3,0,20,2,2,2,147.69,1.0,1.2,4-12 Mos,Moderate (11-20km)
54211,1,12,Mobile,1,7,Debit Card,Male,4,5,Fashion,3,Single,11,1,14,1,2,1,178.81,1.0,1.2,4-12 Mos,Close (0-10km)
54212,1,1,Mobile,1,12,Cash on Delivery,Male,3,4,Mobile,3,Single,3,1,14,1,3,3,159.41,1.0,1.2,0-3 Mos (High Risk),Moderate (11-20km)
54213,0,18,Mobile,3,7,E wallet,Female,4,4,Laptop & Accessory,5,Married,7,1,22,2,2,4,179.54,1.0,1.2,1-5 Yrs,Close (0-10km)
54214,0,9,Computer,1,18,Credit Card,Male,4,5,Fashion,5,Married,4,1,14,2,3,3,223.84,1.0,1.2,4-12 Mos,Moderate (11-20km)
54215,0,1,Mobile,3,30,E wallet,Female,3,5,Laptop & Accessory,1,Married,9,1,20,1,2,1,166.57,1.0,1.2,0-3 Mos (High Risk),Far (21-50km)
54216,0,7,Computer,1,30,Debit Card,Female,4,4,Fashion,1,Single,3,1,13,4,2,13,259.58,1.0,1.2,4-12 Mos,Far (21-50km)
54217,0,9,Computer,3,6,Debit Card,Male,4,4,Fashion,5,Married,3,0,23,1,2,3,215.69,1.0,1.2,4-12 Mos,Close (0-10km)
54218,0,9,Mobile,1,30,Credit Card,Female,2,4,Mobile,5,Married,5,1,16,1,3,3,165.14,1.0,1.2,4-12 Mos,Far (21-50km)
54219,0,5,Mobile,1,14,Debit Card,Male,3,4,Laptop & Accessory,1,Married,5,0,23,1,2,8,184.15,1.0,1.2,4-12 Mos,Moderate (11-20km)
54220,0,11,Mobile,1,7,Debit Card,Male,3,5,Laptop & Accessory,3,Married,3,0,19,1,2,8,184.93,1.0,1.2,4-12 Mos,Close (0-10km)
54221,0,6,Mobile,1,7,Credit Card,Male,3,4,Laptop & Accessory,1,Married,3,1,23,6,8,9,186.62,2.0,2.4,4-12 Mos,Close (0-10km)
54222,0,12,Computer,1,36,Debit Card,Female,3,4,Laptop & Accessory,1,Single,3,0,12,7,10,10,149.06,1.0,1.2,4-12 Mos,Far (21-50km)
54223,0,24,Mobile,1,14,Credit Card,Female,3,5,Others,3,Married,7,1,15,5,14,9,312.4,3.0,3.5999999999999996,1-5 Yrs,Moderate (11-20km)
54224,0,31,Mobile,3,32,Debit Card,Female,5,4,Fashion,5,Single,9,0,12,7,8,10,201.37,1.0,1.2,1-5 Yrs,Far (21-50km)
54225,0,10,Mobile,1,15,Cash on Delivery,Female,3,4,Fashion,3,Married,3,0,14,8,13,3,225.96,1.0,1.2,4-12 Mos,Moderate (11-20km)
54226,0,29,Mobile,1,15,Credit Card,Female,3,4,Grocery,3,Married,4,1,15,1,2,3,272.56,1.0,1.2,1-5 Yrs,Moderate (11-20km)
54227,0,10,Computer,1,18,Debit Card,Male,4,5,Laptop & Accessory,4,Single,3,0,14,2,2,4,189.99,1.0,1.2,4-12 Mos,Moderate (11-20km)
54228,0,19,Mobile,1,14,Debit Card,Male,3,4,Fashion,5,Married,4,0,18,1,2,3,222.24,1.0,1.2,1-5 Yrs,Moderate (11-20km)
54229,0,9,Computer,1,7,Credit Card,Male,4,4,Mobile,5,Married,6,0,14,1,2,3,146.94,1.0,1.2,4-12 Mos,Close (0-10km)
54230,1,1,Mobile,1,16,Credit Card,Male,4,5,Mobile,3,Married,2,1,18,2,2,1,158.88,1.0,1.2,0-3 Mos (High Risk),Moderate (11-20km)
54231,0,31,Computer,3,7,Debit Card,Female,3,5,Laptop & Accessory,3,Single,9,0,12,2,2,4,179.73,1.0,1.2,1-5 Yrs,Close (0-10km)
54232,0,3,Mobile,1,9,Debit Card,Male,4,4,Mobile,4,Married,2,0,24,2,2,5,152.03,1.0,1.2,0-3 Mos (High Risk),Close (0-10km)
54233,0,5,Mobile,1,7,Credit Card,Male,3,4,Mobile,4,Single,3,0,18,2,2,1,150.01,1.0,1.2,4-12 Mos,Close (0-10km)
54234,0,6,Mobile,1,7,Debit Card,Male,4,4,Laptop & Accessory,4,Married,3,0,18,2,2,10,187.2,1.0,1.2,4-12 Mos,Close (0-10km)
54235,0,10,Mobile,1,13,Debit Card,Female,3,2,Mobile,1,Married,5,0,13,1,2,1,155.38,1.0,1.2,4-12 Mos,Moderate (11-20km)
54236,0,5,Mobile,1,15,Debit Card,Female,4,4,Laptop & Accessory,1,Single,3,0,24,2,2,9,169.24,1.0,1.2,4-12 Mos,Moderate (11-20km)
54237,0,9,Mobile,3,7,E wallet,Male,3,5,Laptop & Accessory,5,Single,2,0,15,2,3,9,168.12,1.0,1.2,4-12 Mos,Close (0-10km)
54238,0,19,Mobile,1,13,UPI,Male,3,4,Fashion,5,Married,6,1,15,2,2,1,257.45,1.0,1.2,1-5 Yrs,Moderate (11-20km)
54239,0,11,Mobile,1,14,Credit Card,Male,2,4,Fashion,3,Single,6,0,14,1,2,3,261.64,1.0,1.2,4-12 Mos,Moderate (11-20km)
54240,0,20,Mobile,2,12,Credit Card,Male,4,4,Laptop & Accessory,4,Married,3,1,23,2,2,3,175.21,1.0,1.2,1-5 Yrs,Moderate (11-20km)
54241,0,4,Mobile,1,7,Debit Card,Male,3,5,Laptop & Accessory,1,Married,3,1,13,2,4,1,176.26,1.0,1.2,4-12 Mos,Close (0-10km)
54242,0,9,Mobile,1,7,Credit Card,Male,2,5,Mobile,3,Single,3,0,19,2,2,5,153.59,1.0,1.2,4-12 Mos,Close (0-10km)
54243,0,29,Mobile,3,7,Debit Card,Male,4,4,Fashion,1,Married,5,0,15,1,2,3,227.39,1.0,1.2,1-5 Yrs,Close (0-10km)
54244,0,12,Computer,1,13,Credit Card,Female,4,6,Laptop & Accessory,1,Married,9,1,13,1,2,10,178.29,1.0,1.2,4-12 Mos,Moderate (11-20km)
54245,0,8,Mobile,1,7,Credit Card,Male,4,4,Laptop & Accessory,4,Married,3,0,16,2,2,4,168.25,1.0,1.2,4-12 Mos,Close (0-10km)
54246,0,30,Mobile,1,14,Debit Card,Male,3,6,Fashion,1,Single,6,0,12,1,2,3,197.6,1.0,1.2,1-5 Yrs,Moderate (11-20km)
54247,0,1,Mobile,3,9,Cash on Delivery,Male,4,4,Mobile,5,Married,5,0,14,2,2,1,148.22,1.0,1.2,0-3 Mos (High Risk),Close (0-10km)
54248,0,25,Mobile,1,16,Debit Card,Male,4,4,Mobile,1,Married,5,0,24,2,2,4,145.75,1.0,1.2,1-5 Yrs,Moderate (11-20km)
54249,0,4,Mobile,1,9,Debit Card,Male,5,5,Laptop & Accessory,1,Married,3,0,20,4,11,9,166.52,1.0,1.2,4-12 Mos,Close (0-10km)
54250,1,10,Mobile,3,16,Credit Card,Male,4,5,Fashion,1,Single,3,0,17,4,5,3,221.19,1.0,1.2,4-12 Mos,Moderate (11-20km)
54251,0,14,Computer,1,7,Debit Card,Male,4,5,Grocery,4,Married,3,0,23,6,4,12,260.03,1.0,1.2,1-5 Yrs,Close (0-10km)
54252,0,25,Mobile,3,28,E wallet,Male,4,4,Laptop & Accessory,1,Single,2,1,23,1,2,1,179.41,1.0,1.2,1-5 Yrs,Far (21-50km)
54253,0,4,Mobile,3,11,Credit Card,Female,4,5,Laptop & Accessory,4,Married,3,1,13,3,3,8,177.09,1.0,1.2,4-12 Mos,Moderate (11-20km)
54254,0,20,Computer,1,7,Credit Card,Male,3,5,Fashion,5,Married,4,1,14,5,2,6,231.73000000000002,1.0,1.2,1-5 Yrs,Close (0-10km)
54255,0,6,Mobile,3,13,Credit Card,Male,3,4,Laptop & Accessory,3,Single,3,0,17,6,6,8,175.1,1.0,1.2,4-12 Mos,Moderate (11-20km)
54256,0,28,Mobile,1,9,Cash on Delivery,Female,3,4,Fashion,3,Married,11,0,13,1,2,4,260.49,1.0,1.2,1-5 Yrs,Close (0-10km)
54257,0,1,Mobile,3,10,UPI,Female,3,4,Laptop & Accessory,3,Married,2,0,22,1,2,3,174.99,1.0,1.2,0-3 Mos (High Risk),Close (0-10km)
54258,0,2,Computer,3,11,Credit Card,Male,3,4,Laptop & Accessory,3,Married,3,0,16,1,2,5,167.21,1.0,1.2,0-3 Mos (High Risk),Moderate (11-20km)
54259,0,31,Mobile,3,17,Credit Card,Male,3,4,Grocery,3,Single,2,0,14,1,2,9,263.72,1.0,1.2,1-5 Yrs,Moderate (11-20km)
54260,0,18,Computer,1,30,Credit Card,Male,4,4,Laptop & Accessory,4,Married,6,0,13,1,2,3,145.42,1.0,1.2,1-5 Yrs,Far (21-50km)
54261,1,1,Mobile,2,13,UPI,Male,4,4,Mobile,5,Married,6,1,23,1,2,3,145.73,1.0,1.2,0-3 Mos (High Risk),Moderate (11-20km)
54262,0,6,Mobile,1,7,Debit Card,Male,4,4,Mobile,5,Single,3,0,14,1,2,1,154.56,1.0,1.2,4-12 Mos,Close (0-10km)
54263,1,1,Computer,1,13,Debit Card,Female,4,5,Mobile,1,Single,3,1,19,1,2,1,154.26,1.0,1.2,0-3 Mos (High Risk),Moderate (11-20km)
54264,0,8,Mobile,1,13,UPI,Female,3,4,Laptop & Accessory,3,Single,3,0,15,1,3,11,173.09,1.0,1.2,4-12 Mos,Moderate (11-20km)
54265,0,11,Computer,1,9,Debit Card,Male,4,5,Laptop & Accessory,1,Married,7,0,15,2,2,1,176.63,1.0,1.2,4-12 Mos,Close (0-10km)
54266,0,31,Computer,2,9,UPI,Female,3,5,Others,1,Married,11,0,15,1,3,3,313.44,1.0,1.2,1-5 Yrs,Close (0-10km)
54267,0,24,Computer,1,7,Debit Card,Female,4,4,Others,4,Married,5,1,15,1,2,8,306.72,1.0,1.2,1-5 Yrs,Close (0-10km)
54268,1,1,Mobile,3,12,E wallet,Male,3,5,Laptop & Accessory,3,Single,3,1,12,1,2,4,182.44,1.0,1.2,0-3 Mos (High Risk),Moderate (11-20km)
54269,0,1,Mobile,1,14,Credit Card,Male,4,5,Mobile,1,Married,3,0,12,1,3,2,153.89,1.0,1.2,0-3 Mos (High Risk),Moderate (11-20km)
54270,0,1,Mobile,1,22,Credit Card,Female,3,4,Mobile,1,Single,3,0,16,2,2,1,153.71,1.0,1.2,0-3 Mos (High Risk),Far (21-50km)
54271,0,25,Computer,1,7,Credit Card,Female,2,5,Fashion,5,Single,5,0,21,5,13,9,199.84,1.0,1.2,1-5 Yrs,Close (0-10km)
54272,1,1,Computer,1,14,Debit Card,Male,4,6,Laptop & Accessory,3,Single,3,1,25,2,2,7,185.74,1.0,1.2,0-3 Mos (High Risk),Moderate (11-20km)
54273,0,28,Computer,2,33,UPI,Female,2,2,Grocery,1,Single,4,1,15,3,5,5,298.28,1.0,1.2,1-5 Yrs,Far (21-50km)
54274,0,1,Mobile,1,25,Debit Card,Male,3,4,Mobile,3,Married,2,0,13,1,2,3,152.74,1.0,1.2,0-3 Mos (High Risk),Far (21-50km)
54275,0,8,Mobile,1,13,Debit Card,Female,3,5,Laptop & Accessory,4,Married,8,0,16,2,2,1,170.05,1.0,1.2,4-12 Mos,Moderate (11-20km)
54276,0,11,Mobile,3,10,Debit Card,Male,3,4,Fashion,1,Single,4,0,13,1,2,4,199.28,1.0,1.2,4-12 Mos,Close (0-10km)
54277,0,8,Mobile,1,12,Credit Card,Female,3,5,Fashion,5,Single,4,0,13,3,2,9,241.31,1.0,1.2,4-12 Mos,Moderate (11-20km)
54278,0,10,Computer,3,18,Cash on Delivery,Female,4,4,Fashion,1,Married,2,0,15,1,3,3,222.38,1.0,1.2,4-12 Mos,Moderate (11-20km)
54279,0,10,Mobile,1,10,Debit Card,Female,3,4,Mobile,1,Married,7,0,23,1,2,1,153.35,1.0,1.2,4-12 Mos,Close (0-10km)
54280,0,17,Computer,3,33,Debit Card,Male,4,4,Grocery,1,Married,3,1,15,2,5,13,294.59,1.0,1.2,1-5 Yrs,Far (21-50km)
54281,0,4,Computer,1,30,Debit Card,Male,4,6,Mobile,3,Married,3,0,26,1,2,10,151.13,1.0,1.2,4-12 Mos,Far (21-50km)
54282,0,7,Computer,3,29,E wallet,Male,4,4,Laptop & Accessory,4,Married,2,0,14,1,2,8,186.46,1.0,1.2,4-12 Mos,Far (21-50km)
54283,1,20,Mobile,1,21,Debit Card,Female,4,4,Mobile,4,Married,11,1,19,4,5,4,174.63,1.0,1.2,1-5 Yrs,Far (21-50km)
54284,0,25,Mobile,1,13,Debit Card,Male,3,4,Others,3,Single,9,0,15,9,16,16,320.37,1.0,1.2,1-5 Yrs,Moderate (11-20km)
54285,1,1,Mobile,3,13,Debit Card,Male,4,6,Laptop & Accessory,3,Married,6,1,19,1,8,8,186.72,2.0,2.4,0-3 Mos (High Risk),Moderate (11-20km)
54286,0,1,Mobile,1,13,UPI,Female,3,5,Mobile,4,Married,3,0,20,3,5,4,148.68,1.0,1.2,0-3 Mos (High Risk),Moderate (11-20km)
54287,1,21,Mobile,1,30,Credit Card,Female,4,4,Fashion,1,Married,3,0,13,8,16,3,228.12,1.0,1.2,1-5 Yrs,Far (21-50km)
54288,1,1,Mobile,3,29,E wallet,Male,3,4,Mobile,3,Single,3,1,20,2,2,1,141.75,1.0,1.2,0-3 Mos (High Risk),Far (21-50km)
54289,0,1,Mobile,1,9,Cash on Delivery,Male,4,4,Mobile,1,Married,2,0,15,3,3,2,150.23,1.0,1.2,0-3 Mos (High Risk),Close (0-10km)
54290,0,23,Mobile,1,27,Credit Card,Female,4,4,Laptop & Accessory,5,Married,3,0,15,6,6,12,190.67,1.0,1.2,1-5 Yrs,Far (21-50km)
54291,0,17,Computer,1,35,Credit Card,Female,4,2,Mobile,3,Single,6,0,13,1,2,3,172.39,1.0,1.2,1-5 Yrs,Far (21-50km)
54292,0,24,Computer,3,19,E wallet,Female,4,4,Fashion,1,Single,6,0,12,2,3,3,217.08,1.0,1.2,1-5 Yrs,Moderate (11-20km)
54293,1,1,Mobile,3,27,Debit Card,Female,4,6,Laptop & Accessory,3,Married,5,1,12,1,3,3,170.59,1.0,1.2,0-3 Mos (High Risk),Far (21-50km)
54294,0,15,Mobile,3,16,Debit Card,Male,4,4,Fashion,3,Married,5,1,14,1,2,8,206.89,1.0,1.2,1-5 Yrs,Moderate (11-20km)
54295,0,1,Mobile,2,32,Debit Card,Female,4,4,Mobile,3,Married,3,0,24,3,6,8,154.42,1.0,1.2,0-3 Mos (High Risk),Far (21-50km)
54296,0,10,Mobile,1,13,Credit Card,Male,3,4,Laptop & Accessory,4,Married,8,0,21,1,2,2,174.41,1.0,1.2,4-12 Mos,Moderate (11-20km)
54297,1,15,Computer,1,15,Debit Card,Male,3,6,Fashion,1,Single,4,0,16,2,2,4,231.5,1.0,1.2,1-5 Yrs,Moderate (11-20km)
54298,0,13,Mobile,3,11,Debit Card,Female,3,5,Laptop & Accessory,3,Married,6,0,15,6,6,10,184.02,1.0,1.2,1-5 Yrs,Moderate (11-20km)
54299,0,1,Mobile,3,35,Debit Card,Male,3,5,Laptop & Accessory,3,Married,4,0,19,2,3,3,211.39,1.0,1.2,0-3 Mos (High Risk),Far (21-50km)
54300,0,4,Mobile,2,16,UPI,Male,3,4,Laptop & Accessory,1,Married,2,1,20,5,5,8,188.47,1.0,1.2,4-12 Mos,Moderate (11-20km)
54301,1,1,Mobile,1,16,Credit Card,Female,3,4,Mobile,5,Single,9,0,23,2,2,5,167.0,1.0,1.2,0-3 Mos (High Risk),Moderate (11-20km)
54302,0,19,Mobile,1,36,Credit Card,Male,3,4,Mobile,1,Single,7,0,14,2,2,4,159.52,1.0,1.2,1-5 Yrs,Far (21-50km)
54303,0,12,Mobile,1,10,Cash on Delivery,Female,3,4,Laptop & Accessory,3,Single,5,1,21,3,3,3,168.17,1.0,1.2,4-12 Mos,Close (0-10km)
54304,0,4,Mobile,1,25,Debit Card,Female,4,4,Mobile,3,Single,3,0,15,2,2,5,151.32,1.0,1.2,4-12 Mos,Far (21-50km)
54305,0,6,Computer,3,16,Credit Card,Male,3,6,Laptop & Accessory,1,Married,2,0,18,1,2,8,171.68,1.0,1.2,4-12 Mos,Moderate (11-20km)
54306,0,4,Mobile,1,12,Cash on Delivery,Female,3,4,Mobile,5,Married,7,0,15,1,3,31,157.04,1.0,1.2,4-12 Mos,Moderate (11-20km)
54307,0,4,Mobile,1,9,Credit Card,Male,3,5,Mobile,1,Single,2,0,14,1,2,3,152.2,1.0,1.2,4-12 Mos,Close (0-10km)
54308,0,15,Computer,1,17,Debit Card,Male,4,5,Grocery,5,Married,6,0,15,3,8,8,296.81,1.0,1.2,1-5 Yrs,Moderate (11-20km)
54309,0,15,Mobile,1,16,Debit Card,Male,4,4,Mobile,5,Married,4,0,22,1,2,5,147.38,1.0,1.2,1-5 Yrs,Moderate (11-20km)
54310,0,1,Mobile,1,10,Credit Card,Female,4,4,Mobile,4,Single,3,0,15,2,2,1,139.83,1.0,1.2,0-3 Mos (High Risk),Close (0-10km)
54311,0,14,Computer,1,33,Credit Card,Female,3,4,Laptop & Accessory,4,Married,3,0,12,1,3,14,181.05,1.0,1.2,1-5 Yrs,Far (21-50km)
54312,0,9,Mobile,3,7,E wallet,Male,4,4,Fashion,4,Married,3,0,14,1,2,7,197.95,1.0,1.2,4-12 Mos,Close (0-10km)
54313,0,27,Mobile,3,13,E wallet,Male,3,4,Laptop & Accessory,3,Married,4,1,21,1,5,6,148.06,1.0,1.2,1-5 Yrs,Moderate (11-20km)
54314,0,19,Mobile,1,16,Debit Card,Male,3,4,Laptop & Accessory,4,Married,10,0,19,2,2,16,148.48,1.0,1.2,1-5 Yrs,Moderate (11-20km)
54315,0,6,Computer,3,15,E wallet,Female,3,4,Fashion,1,Single,3,0,15,3,4,3,214.98,1.0,1.2,4-12 Mos,Moderate (11-20km)
54316,0,3,Computer,1,7,Cash on Delivery,Male,3,4,Laptop & Accessory,3,Married,3,0,14,1,2,10,168.19,1.0,1.2,0-3 Mos (High Risk),Close (0-10km)
54317,0,25,Mobile,1,14,Credit Card,Male,3,5,Laptop & Accessory,3,Married,4,0,18,2,2,1,186.32,1.0,1.2,1-5 Yrs,Moderate (11-20km)
54318,0,31,Mobile,1,16,Credit Card,Female,4,5,Mobile,4,Married,6,1,21,2,2,1,158.46,1.0,1.2,1-5 Yrs,Moderate (11-20km)
54319,0,14,Mobile,3,11,E wallet,Male,4,5,Fashion,1,Married,9,0,12,2,2,12,233.55,1.0,1.2,1-5 Yrs,Moderate (11-20km)
54320,0,8,Computer,3,9,E wallet,Female,4,4,Mobile,3,Married,8,0,19,1,2,3,147.31,1.0,1.2,4-12 Mos,Close (0-10km)
54321,0,1,Mobile,1,26,Credit Card,Male,4,4,Mobile,1,Married,3,0,25,3,3,3,148.23,1.0,1.2,0-3 Mos (High Risk),Far (21-50km)
54322,0,1,Computer,1,16,Credit Card,Male,3,4,Mobile,4,Married,8,0,19,3,3,3,145.24,1.0,1.2,0-3 Mos (High Risk),Moderate (11-20km)
54323,0,2,Mobile,1,28,Credit Card,Male,3,4,Mobile,1,Married,3,0,12,1,2,3,152.13,1.0,1.2,0-3 Mos (High Risk),Far (21-50km)
54324,0,31,Mobile,1,31,Debit Card,Male,3,2,Fashion,1,Married,5,1,17,2,2,3,219.39,1.0,1.2,1-5 Yrs,Far (21-50km)
54325,0,1,Computer,1,10,Credit Card,Male,4,5,Mobile,3,Married,3,1,16,1,2,2,150.66,1.0,1.2,0-3 Mos (High Risk),Close (0-10km)
54326,0,24,Mobile,1,18,Debit Card,Female,3,4,Others,4,Single,5,0,16,1,5,5,324.26,1.0,1.2,1-5 Yrs,Moderate (11-20km)
54327,0,15,Mobile,1,21,Debit Card,Male,3,4,Mobile,3,Married,6,0,13,2,2,9,149.51,1.0,1.2,1-5 Yrs,Far (21-50km)
54328,0,4,Mobile,3,12,Debit Card,Female,3,4,Fashion,1,Married,4,0,13,2,8,3,219.19,1.0,1.2,4-12 Mos,Moderate (11-20km)
54329,0,12,Mobile,3,7,Debit Card,Female,3,5,Laptop & Accessory,1,Single,6,0,23,1,2,3,211.86,1.0,1.2,4-12 Mos,Close (0-10km)
54330,0,6,Mobile,1,13,Debit Card,Male,3,4,Mobile,3,Single,5,0,21,1,2,5,155.38,1.0,1.2,4-12 Mos,Moderate (11-20km)
54331,0,1,Mobile,1,24,Cash on Delivery,Male,3,4,Mobile,4,Married,2,1,17,1,2,2,155.58,1.0,1.2,0-3 Mos (High Risk),Far (21-50km)
54332,1,1,Computer,3,7,Cash on Delivery,Female,4,6,Mobile,5,Single,2,0,22,2,2,1,148.25,1.0,1.2,0-3 Mos (High Risk),Close (0-10km)
54333,0,10,Computer,1,10,Credit Card,Male,2,4,Mobile,4,Single,6,0,13,3,8,3,145.88,1.0,1.2,4-12 Mos,Close (0-10km)
54334,0,4,Computer,1,16,Credit Card,Male,4,4,Laptop & Accessory,5,Married,3,0,12,6,7,11,155.72,1.0,1.2,4-12 Mos,Moderate (11-20km)
54335,0,19,Mobile,3,11,Debit Card,Female,2,4,Laptop & Accessory,5,Married,6,1,12,1,2,4,175.06,1.0,1.2,1-5 Yrs,Moderate (11-20km)
54336,0,30,Mobile,1,15,Debit Card,Female,4,4,Mobile,5,Married,6,1,19,3,3,3,167.57,1.0,1.2,1-5 Yrs,Moderate (11-20km)
54337,0,7,Mobile,1,9,Debit Card,Male,3,4,Mobile,1,Single,2,0,15,2,2,3,150.0,1.0,1.2,4-12 Mos,Close (0-10km)
54338,1,1,Mobile,1,9,Debit Card,Male,3,5,Mobile,1,Single,3,0,23,2,2,1,136.02,1.0,1.2,0-3 Mos (High Risk),Close (0-10km)
54339,0,20,Mobile,3,7,E wallet,Female,4,4,Fashion,5,Married,3,0,26,9,16,3,229.53,1.0,1.2,1-5 Yrs,Close (0-10km)
54340,0,12,Mobile,1,16,Debit Card,Female,4,4,Mobile,1,Single,3,0,13,2,3,2,147.88,1.0,1.2,4-12 Mos,Moderate (11-20km)
54341,0,5,Mobile,1,19,Credit Card,Female,4,4,Mobile,1,Married,10,1,24,2,2,3,164.29,1.0,1.2,4-12 Mos,Moderate (11-20km)
54342,0,8,Mobile,1,34,Credit Card,Female,4,4,Mobile,4,Single,4,0,16,1,2,3,148.11,1.0,1.2,4-12 Mos,Far (21-50km)
54343,1,5,Mobile,3,27,E wallet,Female,4,4,Mobile,4,Single,3,1,23,1,2,3,156.4,1.0,1.2,4-12 Mos,Far (21-50km)
54344,0,24,Mobile,1,7,Credit Card,Male,3,5,Mobile,3,Married,4,0,16,2,2,3,161.9,1.0,1.2,1-5 Yrs,Close (0-10km)
54345,0,27,Mobile,1,20,Credit Card,Female,3,2,Laptop & Accessory,5,Married,3,0,12,2,2,4,169.5,1.0,1.2,1-5 Yrs,Moderate (11-20km)
54346,0,7,Mobile,1,21,Credit Card,Female,4,4,Mobile,4,Married,3,0,14,2,2,7,152.56,1.0,1.2,4-12 Mos,Far (21-50km)
54347,0,14,Mobile,1,11,Credit Card,Female,3,4,Others,3,Married,3,0,15,2,10,10,315.33,1.0,1.2,1-5 Yrs,Moderate (11-20km)
54348,0,29,Mobile,1,21,Credit Card,Male,4,2,Others,4,Single,10,0,15,3,3,16,312.22,1.0,1.2,1-5 Yrs,Far (21-50km)
54349,0,8,Computer,1,9,Debit Card,Male,3,5,Laptop & Accessory,3,Married,3,0,18,1,2,3,220.47,1.0,1.2,4-12 Mos,Close (0-10km)
54350,0,25,Mobile,1,10,Credit Card,Female,4,4,Grocery,4,Single,5,0,19,1,2,1,262.34,1.0,1.2,1-5 Yrs,Close (0-10km)
54351,0,26,Mobile,1,7,Debit Card,Male,4,5,Others,3,Married,2,0,15,8,12,10,324.99,1.0,1.2,1-5 Yrs,Close (0-10km)
54352,0,1,Mobile,1,16,Credit Card,Female,5,4,Mobile,4,Single,3,0,17,1,2,4,147.79,1.0,1.2,0-3 Mos (High Risk),Moderate (11-20km)
54353,1,1,Mobile,1,30,Debit Card,Male,3,5,Laptop & Accessory,3,Married,5,1,14,2,2,2,184.16,1.0,1.2,0-3 Mos (High Risk),Far (21-50km)
54354,0,17,Computer,1,14,Credit Card,Male,3,2,Mobile,1,Married,6,0,15,2,3,3,145.89,1.0,1.2,1-5 Yrs,Moderate (11-20km)
54355,0,19,Computer,1,9,Credit Card,Male,4,5,Grocery,1,Married,11,0,15,2,12,9,292.92,1.0,1.2,1-5 Yrs,Close (0-10km)
54356,0,11,Mobile,1,28,Debit Card,Male,4,2,Mobile,5,Married,3,1,13,2,2,8,160.64,1.0,1.2,4-12 Mos,Far (21-50km)
54357,0,9,Computer,1,9,Credit Card,Female,3,4,Laptop & Accessory,4,Single,7,0,12,1,2,3,169.25,1.0,1.2,4-12 Mos,Close (0-10km)
54358,0,16,Computer,1,28,Credit Card,Female,3,4,Laptop & Accessory,3,Married,4,0,17,1,2,3,177.65,1.0,1.2,1-5 Yrs,Far (21-50km)
54359,0,12,Mobile,1,9,Debit Card,Male,3,4,Laptop & Accessory,3,Married,11,0,15,2,2,1,190.53,1.0,1.2,4-12 Mos,Close (0-10km)
54360,0,12,Mobile,1,36,Cash on Delivery,Male,3,4,Laptop & Accessory,1,Married,5,0,19,1,2,8,187.61,1.0,1.2,4-12 Mos,Far (21-50km)
54361,0,1,Computer,1,7,Cash on Delivery,Male,3,5,Laptop & Accessory,5,Married,7,0,20,3,3,1,167.98,1.0,1.2,0-3 Mos (High Risk),Close (0-10km)
54362,0,23,Computer,1,25,Debit Card,Male,4,4,Laptop & Accessory,1,Married,3,1,16,1,2,8,193.04,1.0,1.2,1-5 Yrs,Far (21-50km)
54363,0,8,Computer,1,17,Credit Card,Male,3,4,Mobile,3,Married,3,1,18,3,3,1,163.15,1.0,1.2,4-12 Mos,Moderate (11-20km)
54364,0,14,Mobile,1,26,Credit Card,Male,2,4,Laptop & Accessory,1,Married,10,1,16,4,4,8,152.41,1.0,1.2,1-5 Yrs,Far (21-50km)
54365,1,2,Mobile,1,36,Credit Card,Male,4,4,Laptop & Accessory,5,Married,9,1,20,2,2,1,191.73,1.0,1.2,0-3 Mos (High Risk),Far (21-50km)
54366,1,1,Mobile,3,34,E wallet,Female,3,4,Fashion,1,Married,3,0,23,1,2,10,201.39,1.0,1.2,0-3 Mos (High Risk),Far (21-50km)
54367,0,1,Mobile,1,12,Debit Card,Male,3,2,Mobile,4,Married,3,1,17,3,3,3,148.28,1.0,1.2,0-3 Mos (High Risk),Moderate (11-20km)
54368,0,10,Computer,1,25,Credit Card,Female,4,4,Mobile,1,Single,3,0,14,1,2,8,146.53,1.0,1.2,4-12 Mos,Far (21-50km)
54369,0,14,Computer,1,16,Debit Card,Male,4,5,Laptop & Accessory,1,Married,11,0,15,1,2,3,173.76,1.0,1.2,1-5 Yrs,Moderate (11-20km)
54370,0,20,Mobile,1,7,Credit Card,Male,4,4,Fashion,5,Married,9,0,17,1,2,3,218.96,1.0,1.2,1-5 Yrs,Close (0-10km)
54371,1,1,Mobile,3,11,Credit Card,Male,3,6,Fashion,1,Married,3,0,12,7,10,3,229.0,1.0,1.2,0-3 Mos (High Risk),Moderate (11-20km)
54372,0,4,Computer,1,7,Debit Card,Male,3,5,Fashion,3,Single,3,0,23,5,6,3,209.74,1.0,1.2,4-12 Mos,Close (0-10km)
54373,0,1,Computer,3,27,Debit Card,Female,3,4,Laptop & Accessory,3,Single,3,0,15,2,2,3,224.81,1.0,1.2,0-3 Mos (High Risk),Far (21-50km)
54374,0,25,Mobile,1,15,Debit Card,Male,3,5,Fashion,4,Married,7,0,17,3,2,8,249.89999999999998,1.0,1.2,1-5 Yrs,Moderate (11-20km)
54375,1,1,Mobile,1,10,Cash on Delivery,Female,3,4,Mobile,5,Single,7,1,12,1,2,5,151.57,1.0,1.2,0-3 Mos (High Risk),Close (0-10km)
54376,0,15,Mobile,3,13,Debit Card,Female,4,4,Fashion,1,Single,5,1,19,1,2,1,260.91,1.0,1.2,1-5 Yrs,Moderate (11-20km)
54377,1,1,Computer,3,33,E wallet,Female,3,5,Laptop & Accessory,5,Single,7,0,16,2,2,2,191.96,1.0,1.2,0-3 Mos (High Risk),Far (21-50km)
54378,1,1,Mobile,1,7,Cash on Delivery,Male,3,4,Mobile,3,Single,2,0,15,1,2,6,145.58,1.0,1.2,0-3 Mos (High Risk),Close (0-10km)
54379,0,19,Computer,3,13,Credit Card,Female,3,5,Fashion,1,Single,8,0,13,6,13,3,213.65,1.0,1.2,1-5 Yrs,Moderate (11-20km)
54380,0,28,Mobile,3,10,E wallet,Female,3,4,Laptop & Accessory,5,Married,4,0,15,2,2,6,184.4,1.0,1.2,1-5 Yrs,Close (0-10km)
54381,0,10,Mobile,1,12,Debit Card,Male,4,4,Laptop & Accessory,4,Single,10,0,17,3,4,8,184.14,1.0,1.2,4-12 Mos,Moderate (11-20km)
54382,0,7,Mobile,1,11,Credit Card,Female,3,5,Mobile,4,Married,8,0,22,1,2,2,151.22,1.0,1.2,4-12 Mos,Moderate (11-20km)
54383,0,11,Computer,1,18,UPI,Male,3,4,Fashion,1,Married,3,1,15,2,2,8,246.85000000000002,1.0,1.2,4-12 Mos,Moderate (11-20km)
54384,0,12,Mobile,3,10,Debit Card,Male,4,4,Fashion,3,Married,2,0,13,2,6,3,231.08999999999997,1.0,1.2,4-12 Mos,Close (0-10km)
54385,0,5,Computer,1,7,Credit Card,Male,3,6,Laptop & Accessory,3,Married,2,0,13,1,2,5,168.45,1.0,1.2,4-12 Mos,Close (0-10km)
54386,0,31,Mobile,1,10,Debit Card,Male,4,5,Mobile,1,Married,5,0,18,1,2,1,146.77,1.0,1.2,1-5 Yrs,Close (0-10km)
54387,0,11,Computer,3,11,E wallet,Male,3,4,Mobile,1,Married,6,0,18,4,6,9,152.93,1.0,1.2,4-12 Mos,Moderate (11-20km)
54388,0,3,Computer,3,7,Credit Card,Female,3,4,Fashion,1,Married,3,0,15,5,5,2,204.18,1.0,1.2,0-3 Mos (High Risk),Close (0-10km)
54389,0,9,Computer,3,7,E wallet,Female,4,4,Fashion,3,Single,3,0,15,2,2,3,212.89,1.0,1.2,4-12 Mos,Close (0-10km)
54390,1,1,Mobile,1,25,Credit Card,Male,3,5,Mobile,1,Single,3,1,14,1,2,2,148.89,1.0,1.2,0-3 Mos (High Risk),Far (21-50km)
54391,0,26,Mobile,1,9,Debit Card,Female,3,5,Mobile,1,Single,9,0,16,3,3,3,157.12,1.0,1.2,1-5 Yrs,Close (0-10km)
54392,0,16,Mobile,1,11,Cash on Delivery,Male,3,4,Others,1,Married,3,0,15,1,12,16,317.32,1.0,1.2,1-5 Yrs,Moderate (11-20km)
54393,0,31,Mobile,2,13,Credit Card,Male,3,4,Mobile,3,Married,10,0,18,1,3,3,147.67,1.0,1.2,1-5 Yrs,Moderate (11-20km)
54394,0,24,Mobile,3,7,Credit Card,Female,4,4,Others,1,Married,5,0,15,2,2,7,320.17,1.0,1.2,1-5 Yrs,Close (0-10km)
54395,1,1,Mobile,1,21,Credit Card,Male,3,4,Mobile,1,Married,7,1,14,2,2,5,149.36,1.0,1.2,0-3 Mos (High Risk),Far (21-50km)
54396,0,17,Mobile,3,23,E wallet,Female,4,4,Grocery,1,Married,7,1,23,1,2,10,285.64,1.0,1.2,1-5 Yrs,Far (21-50km)
54397,1,1,Mobile,1,9,Debit Card,Female,3,4,Mobile,5,Married,9,0,21,2,2,8,152.07,1.0,1.2,0-3 Mos (High Risk),Close (0-10km)
54398,0,26,Computer,3,9,Debit Card,Male,4,5,Others,3,Single,3,1,15,2,16,13,315.68,4.0,4.8,1-5 Yrs,Close (0-10km)
54399,0,6,Mobile,3,11,Debit Card,Female,3,4,Mobile,4,Married,4,0,12,2,2,3,164.31,1.0,1.2,4-12 Mos,Moderate (11-20km)
54400,1,1,Mobile,1,7,Debit Card,Male,4,5,Mobile,3,Single,2,1,15,1,2,3,162.3,1.0,1.2,0-3 Mos (High Risk),Close (0-10km)
54401,0,13,Mobile,1,7,Credit Card,Female,4,4,Mobile,3,Married,9,0,15,2,2,3,147.32,1.0,1.2,1-5 Yrs,Close (0-10km)
54402,0,6,Computer,3,33,E wallet,Male,4,4,Laptop & Accessory,1,Married,2,0,19,3,3,3,169.65,1.0,1.2,4-12 Mos,Far (21-50km)
54403,0,15,Mobile,1,26,Debit Card,Male,3,4,Laptop & Accessory,5,Married,4,0,17,1,2,1,155.72,1.0,1.2,1-5 Yrs,Far (21-50km)
54404,0,14,Mobile,1,31,Cash on Delivery,Male,4,4,Laptop & Accessory,1,Married,3,0,18,3,5,8,158.19,1.0,1.2,1-5 Yrs,Far (21-50km)
54405,0,19,Mobile,1,7,UPI,Male,4,2,Others,1,Married,2,0,15,2,2,8,317.02,1.0,1.2,1-5 Yrs,Close (0-10km)
54406,0,5,Computer,1,10,Credit Card,Male,4,4,Fashion,3,Married,11,0,13,1,3,3,261.75,1.0,1.2,4-12 Mos,Close (0-10km)
54407,0,7,Mobile,1,12,Debit Card,Female,4,5,Mobile,1,Married,3,0,14,1,2,3,154.11,1.0,1.2,4-12 Mos,Moderate (11-20km)
54408,0,8,Mobile,1,9,Debit Card,Male,3,5,Laptop & Accessory,5,Married,8,0,14,1,6,10,184.57,1.0,1.2,4-12 Mos,Close (0-10km)
54409,0,11,Mobile,1,7,Credit Card,Female,3,5,Mobile,5,Married,4,0,15,1,2,3,164.2,1.0,1.2,4-12 Mos,Close (0-10km)
54410,0,19,Computer,1,14,Debit Card,Male,4,2,Laptop & Accessory,3,Married,6,0,18,2,2,3,189.34,1.0,1.2,1-5 Yrs,Moderate (11-20km)
54411,1,1,Computer,1,17,Credit Card,Male,4,4,Fashion,3,Married,8,0,12,1,2,3,225.48,1.0,1.2,0-3 Mos (High Risk),Moderate (11-20km)
54412,0,13,Computer,1,9,Cash on Delivery,Female,4,4,Fashion,3,Single,2,0,26,7,2,9,234.38,1.0,1.2,1-5 Yrs,Close (0-10km)
54413,0,3,Mobile,1,22,Debit Card,Male,3,4,Mobile,1,Single,3,0,20,2,2,6,148.4,1.0,1.2,0-3 Mos (High Risk),Far (21-50km)
54414,0,16,Mobile,1,24,Debit Card,Female,3,2,Laptop & Accessory,5,Single,5,1,14,2,2,3,190.45,1.0,1.2,1-5 Yrs,Far (21-50km)
54415,0,3,Mobile,3,27,E wallet,Male,3,4,Laptop & Accessory,1,Married,4,0,15,2,2,3,194.31,1.0,1.2,0-3 Mos (High Risk),Far (21-50km)
54416,0,1,Mobile,1,7,Debit Card,Female,4,4,Laptop & Accessory,3,Married,2,0,13,2,2,3,173.98,1.0,1.2,0-3 Mos (High Risk),Close (0-10km)
54417,0,16,Mobile,1,9,Credit Card,Female,3,5,Mobile,5,Married,2,1,12,8,8,9,150.93,2.0,2.4,1-5 Yrs,Close (0-10km)
54418,0,14,Mobile,1,9,Credit Card,Male,3,4,Others,3,Married,2,0,15,4,4,10,319.36,1.0,1.2,1-5 Yrs,Close (0-10km)
54419,0,25,Mobile,1,7,Debit Card,Male,4,4,Mobile,1,Married,3,0,12,2,2,1,152.23,1.0,1.2,1-5 Yrs,Close (0-10km)
54420,1,1,Computer,1,36,Credit Card,Male,4,5,Mobile,4,Single,2,0,12,1,2,5,159.79,1.0,1.2,0-3 Mos (High Risk),Far (21-50km)
54421,0,6,Computer,1,14,Debit Card,Male,4,2,Mobile,4,Married,3,0,21,1,2,4,152.94,1.0,1.2,4-12 Mos,Moderate (11-20km)
54422,0,12,Computer,3,9,Debit Card,Male,3,5,Laptop & Accessory,1,Married,5,0,19,2,8,6,177.49,1.0,1.2,4-12 Mos,Close (0-10km)
54423,0,6,Mobile,1,9,Cash on Delivery,Male,3,5,Laptop & Accessory,5,Single,6,0,14,1,2,5,146.76,1.0,1.2,4-12 Mos,Close (0-10km)
54424,0,20,Mobile,3,9,Cash on Delivery,Female,4,6,Grocery,4,Married,5,1,15,7,8,8,293.72,2.0,2.4,1-5 Yrs,Close (0-10km)
54425,1,1,Mobile,1,9,Debit Card,Male,4,4,Mobile,3,Single,4,0,12,1,2,1,159.85,1.0,1.2,0-3 Mos (High Risk),Close (0-10km)
54426,0,3,Mobile,3,9,Credit Card,Male,4,5,Laptop & Accessory,4,Married,4,0,20,2,2,1,191.44,1.0,1.2,0-3 Mos (High Risk),Close (0-10km)
54427,0,5,Mobile,1,30,Credit Card,Male,4,5,Laptop & Accessory,1,Married,2,0,22,1,8,9,180.82,1.0,1.2,4-12 Mos,Far (21-50km)
54428,0,1,Computer,1,12,Debit Card,Male,3,2,Laptop & Accessory,5,Married,3,0,13,2,2,6,165.0,1.0,1.2,0-3 Mos (High Risk),Moderate (11-20km)
54429,0,19,Mobile,1,27,Credit Card,Male,4,4,Grocery,1,Married,2,1,15,3,4,11,259.96,1.0,1.2,1-5 Yrs,Far (21-50km)
54430,0,10,Mobile,1,13,Debit Card,Male,3,4,Mobile,1,Married,2,0,12,2,11,12,157.1,1.0,1.2,4-12 Mos,Moderate (11-20km)
54431,0,29,Mobile,1,7,Credit Card,Male,3,4,Others,5,Single,2,1,15,4,5,14,315.45,1.0,1.2,1-5 Yrs,Close (0-10km)
54432,1,11,Computer,1,36,Debit Card,Male,3,4,Fashion,4,Married,3,1,13,5,2,10,243.49,1.0,1.2,4-12 Mos,Far (21-50km)
54433,0,2,Mobile,1,16,Credit Card,Male,4,4,Mobile,1,Married,3,0,24,2,2,5,145.7,1.0,1.2,0-3 Mos (High Risk),Moderate (11-20km)
54434,0,11,Mobile,3,13,Credit Card,Male,4,4,Laptop & Accessory,1,Married,6,0,15,2,2,2,190.02,1.0,1.2,4-12 Mos,Moderate (11-20km)
54435,0,1,Mobile,1,10,Credit Card,Male,4,5,Mobile,3,Single,3,0,18,2,2,1,157.3,1.0,1.2,0-3 Mos (High Risk),Close (0-10km)
54436,0,11,Computer,1,7,Credit Card,Female,4,4,Fashion,1,Married,4,1,19,1,2,3,261.03,1.0,1.2,4-12 Mos,Close (0-10km)
54437,0,9,Mobile,1,29,Debit Card,Female,4,2,Fashion,4,Married,9,0,19,6,2,3,244.95999999999998,1.0,1.2,4-12 Mos,Far (21-50km)
54438,0,12,Mobile,3,14,Credit Card,Female,3,2,Laptop & Accessory,5,Married,3,1,25,5,8,8,181.05,2.0,2.4,4-12 Mos,Moderate (11-20km)
54439,0,1,Computer,1,7,Debit Card,Female,3,4,Laptop & Accessory,4,Married,3,0,21,2,2,5,188.97,1.0,1.2,0-3 Mos (High Risk),Close (0-10km)
54440,0,24,Mobile,1,11,Debit Card,Male,4,4,Others,4,Married,5,0,15,1,2,7,316.44,1.0,1.2,1-5 Yrs,Moderate (11-20km)
54441,0,27,Mobile,1,10,Credit Card,Male,3,4,Grocery,3,Married,5,1,15,2,2,4,300.84,1.0,1.2,1-5 Yrs,Close (0-10km)
54442,0,16,Mobile,3,7,Debit Card,Male,2,4,Laptop & Accessory,3,Married,3,0,26,7,12,7,174.07,1.0,1.2,1-5 Yrs,Close (0-10km)
54443,0,3,Computer,3,9,Debit Card,Male,3,4,Laptop & Accessory,1,Single,3,0,19,1,2,10,170.54,1.0,1.2,0-3 Mos (High Risk),Close (0-10km)
54444,0,29,Mobile,1,27,Cash on Delivery,Male,3,4,Laptop & Accessory,1,Married,5,1,20,1,2,9,179.15,1.0,1.2,1-5 Yrs,Far (21-50km)
54445,0,1,Computer,1,18,Credit Card,Male,3,4,Laptop & Accessory,5,Married,3,1,14,2,4,4,172.41,1.0,1.2,0-3 Mos (High Risk),Moderate (11-20km)
54446,0,11,Mobile,1,7,Debit Card,Female,3,4,Mobile,1,Single,3,0,13,2,6,8,146.15,1.0,1.2,4-12 Mos,Close (0-10km)
54447,1,8,Computer,1,31,Debit Card,Male,3,4,Mobile,3,Married,5,1,23,1,2,1,156.61,1.0,1.2,4-12 Mos,Far (21-50km)
54448,0,12,Mobile,1,30,Debit Card,Male,3,4,Laptop & Accessory,1,Married,11,0,15,1,2,3,182.45,1.0,1.2,4-12 Mos,Far (21-50km)
54449,1,1,Mobile,1,23,Credit Card,Male,3,4,Mobile,4,Married,4,1,14,2,2,3,148.73,1.0,1.2,0-3 Mos (High Risk),Far (21-50km)
54450,0,2,Mobile,1,15,Debit Card,Female,4,4,Mobile,1,Single,3,0,22,2,2,3,158.1,1.0,1.2,0-3 Mos (High Risk),Moderate (11-20km)
54451,0,23,Computer,1,17,Debit Card,Female,3,4,Others,5,Single,11,1,15,1,2,3,311.65,1.0,1.2,1-5 Yrs,Moderate (11-20km)
54452,0,10,Mobile,1,10,Cash on Delivery,Male,2,4,Laptop & Accessory,4,Single,6,0,13,3,8,8,169.85,1.0,1.2,4-12 Mos,Close (0-10km)
54453,0,5,Computer,3,12,E wallet,Female,3,4,Mobile,4,Married,3,0,12,1,3,3,152.89,1.0,1.2,4-12 Mos,Moderate (11-20km)
54454,1,1,Mobile,3,11,E wallet,Male,3,5,Laptop & Accessory,1,Single,3,1,13,5,8,5,183.28,2.0,2.4,0-3 Mos (High Risk),Moderate (11-20km)
54455,0,11,Computer,1,16,Credit Card,Male,3,4,Mobile,1,Married,3,1,13,1,2,3,148.26,1.0,1.2,4-12 Mos,Moderate (11-20km)
54456,0,16,Computer,3,33,E wallet,Female,4,4,Grocery,4,Married,7,0,15,4,4,9,260.25,1.0,1.2,1-5 Yrs,Far (21-50km)
54457,1,1,Mobile,1,10,Debit Card,Male,3,4,Mobile,3,Single,3,0,14,2,2,1,139.2,1.0,1.2,0-3 Mos (High Risk),Close (0-10km)
54458,0,9,Mobile,3,23,E wallet,Male,4,4,Fashion,4,Married,2,0,16,4,7,10,205.2,1.0,1.2,4-12 Mos,Far (21-50km)
54459,0,10,Computer,1,25,Debit Card,Male,3,2,Mobile,1,Married,6,0,19,2,2,1,161.88,1.0,1.2,4-12 Mos,Far (21-50km)
54460,0,25,Mobile,1,9,Credit Card,Male,3,6,Laptop & Accessory,4,Married,7,0,19,1,2,3,179.82,1.0,1.2,1-5 Yrs,Close (0-10km)
54461,0,15,Mobile,3,9,Debit Card,Male,3,4,Grocery,4,Single,3,0,20,1,2,5,285.15,1.0,1.2,1-5 Yrs,Close (0-10km)
54462,0,1,Mobile,3,17,Credit Card,Female,4,5,Mobile,3,Single,3,0,13,1,2,1,137.0,1.0,1.2,0-3 Mos (High Risk),Moderate (11-20km)
54463,0,2,Mobile,1,23,Credit Card,Male,4,2,Laptop & Accessory,5,Single,2,0,20,1,2,8,181.61,1.0,1.2,0-3 Mos (High Risk),Far (21-50km)
54464,0,5,Mobile,3,14,Cash on Delivery,Male,4,2,Laptop & Accessory,1,Married,6,0,12,4,8,8,194.29,1.0,1.2,4-12 Mos,Moderate (11-20km)
54465,0,13,Mobile,1,7,Credit Card,Male,3,2,Fashion,1,Married,2,0,18,2,4,3,221.13,1.0,1.2,1-5 Yrs,Close (0-10km)
54466,0,10,Computer,1,31,Debit Card,Female,3,4,Laptop & Accessory,4,Married,9,0,16,2,2,9,181.74,1.0,1.2,4-12 Mos,Far (21-50km)
54467,0,6,Mobile,3,14,Debit Card,Male,4,5,Laptop & Accessory,3,Married,3,0,15,4,5,9,179.84,1.0,1.2,4-12 Mos,Moderate (11-20km)
54468,0,12,Mobile,1,32,Debit Card,Female,3,5,Fashion,4,Married,5,0,18,1,2,2,245.61,1.0,1.2,4-12 Mos,Far (21-50km)
54469,0,31,Computer,1,7,Debit Card,Male,3,6,Laptop & Accessory,3,Married,4,1,14,2,2,3,181.6,1.0,1.2,1-5 Yrs,Close (0-10km)
54470,0,5,Mobile,1,12,Cash on Delivery,Male,3,4,Mobile,1,Married,2,1,13,2,2,4,173.21,1.0,1.2,4-12 Mos,Moderate (11-20km)
54471,0,5,Mobile,2,9,UPI,Male,4,5,Laptop & Accessory,5,Married,5,0,13,1,2,1,189.1,1.0,1.2,4-12 Mos,Close (0-10km)
54472,0,19,Computer,1,14,Debit Card,Male,4,4,Fashion,5,Married,3,0,19,3,10,12,177.1,1.0,1.2,1-5 Yrs,Moderate (11-20km)
54473,0,5,Mobile,1,9,Debit Card,Male,3,4,Mobile,1,Married,2,1,19,3,3,3,151.95,1.0,1.2,4-12 Mos,Close (0-10km)
54474,0,7,Computer,1,12,Debit Card,Female,4,4,Fashion,4,Married,8,0,12,8,2,9,243.77999999999997,1.0,1.2,4-12 Mos,Moderate (11-20km)
54475,0,1,Mobile,1,17,Credit Card,Male,4,4,Grocery,5,Married,3,1,15,2,12,11,295.68,3.0,3.5999999999999996,0-3 Mos (High Risk),Moderate (11-20km)
54476,0,17,Computer,1,17,Debit Card,Female,3,4,Mobile,1,Single,2,0,20,1,2,8,149.55,1.0,1.2,1-5 Yrs,Moderate (11-20km)
54477,0,23,Mobile,1,7,Cash on Delivery,Female,3,5,Grocery,3,Single,9,1,13,1,2,8,264.64,1.0,1.2,1-5 Yrs,Close (0-10km)
54478,1,16,Mobile,1,15,Credit Card,Male,3,5,Laptop & Accessory,4,Married,4,0,16,8,8,8,174.41,1.0,1.2,1-5 Yrs,Moderate (11-20km)
54479,0,1,Mobile,1,12,Debit Card,Female,3,4,Mobile,4,Single,3,1,13,1,2,3,149.78,1.0,1.2,0-3 Mos (High Risk),Moderate (11-20km)
54480,0,6,Mobile,3,15,Cash on Delivery,Female,4,5,Laptop & Accessory,4,Married,3,1,12,12,12,10,177.28,3.0,3.5999999999999996,4-12 Mos,Moderate (11-20km)
54481,0,1,Mobile,3,9,Debit Card,Male,4,4,Laptop & Accessory,3,Single,3,1,12,1,2,5,169.78,1.0,1.2,0-3 Mos (High Risk),Close (0-10km)
54482,0,5,Mobile,3,14,E wallet,Male,4,4,Laptop & Accessory,1,Married,6,0,13,1,2,8,200.47,1.0,1.2,4-12 Mos,Moderate (11-20km)
54483,0,6,Mobile,1,9,Credit Card,Female,4,2,Laptop & Accessory,1,Single,9,0,17,1,2,8,175.55,1.0,1.2,4-12 Mos,Close (0-10km)
54484,1,1,Mobile,1,9,Credit Card,Male,3,6,Mobile,1,Married,7,1,14,2,3,3,159.64,1.0,1.2,0-3 Mos (High Risk),Close (0-10km)
54485,0,4,Mobile,1,35,Credit Card,Female,4,4,Laptop & Accessory,1,Married,3,0,14,2,2,10,182.75,1.0,1.2,4-12 Mos,Far (21-50km)
54486,0,5,Computer,1,14,Debit Card,Female,3,5,Fashion,3,Married,3,0,25,8,9,3,214.43,1.0,1.2,4-12 Mos,Moderate (11-20km)
54487,0,13,Computer,1,14,Credit Card,Male,3,5,Others,1,Married,3,0,15,7,14,4,317.72,1.0,1.2,1-5 Yrs,Moderate (11-20km)
54488,1,3,Mobile,3,10,Credit Card,Female,3,4,Laptop & Accessory,3,Married,6,1,19,2,2,1,177.38,1.0,1.2,0-3 Mos (High Risk),Close (0-10km)
54489,0,7,Computer,3,17,E wallet,Male,3,5,Laptop & Accessory,1,Single,5,0,15,2,2,2,171.82,1.0,1.2,4-12 Mos,Moderate (11-20km)
54490,0,21,Mobile,1,12,Debit Card,Male,3,4,Others,3,Married,6,0,15,2,2,2,308.0,1.0,1.2,1-5 Yrs,Moderate (11-20km)
54491,0,17,Computer,1,17,Debit Card,Female,3,5,Laptop & Accessory,3,Married,3,0,12,2,2,1,177.57,1.0,1.2,1-5 Yrs,Moderate (11-20km)
54492,0,1,Computer,3,7,E wallet,Male,4,4,Laptop & Accessory,4,Married,2,1,14,1,2,5,188.49,1.0,1.2,0-3 Mos (High Risk),Close (0-10km)
54493,0,28,Computer,1,27,Debit Card,Female,3,4,Laptop & Accessory,3,Single,5,0,13,1,2,4,173.69,1.0,1.2,1-5 Yrs,Far (21-50km)
54494,0,17,Mobile,1,14,Debit Card,Female,3,4,Fashion,5,Married,10,0,17,2,2,3,224.85,1.0,1.2,1-5 Yrs,Moderate (11-20km)
54495,0,19,Mobile,1,15,UPI,Male,4,4,Laptop & Accessory,1,Married,11,0,15,9,10,9,161.97,1.0,1.2,1-5 Yrs,Moderate (11-20km)
54496,0,14,Mobile,3,7,Credit Card,Male,3,6,Laptop & Accessory,1,Married,4,1,23,2,2,3,199.57,1.0,1.2,1-5 Yrs,Close (0-10km)
54497,1,1,Mobile,1,15,UPI,Male,4,6,Mobile,5,Married,3,1,12,1,2,8,146.19,1.0,1.2,0-3 Mos (High Risk),Moderate (11-20km)
54498,0,3,Mobile,1,16,UPI,Male,2,5,Mobile,1,Single,2,0,18,2,3,3,164.83,1.0,1.2,0-3 Mos (High Risk),Moderate (11-20km)
54499,0,4,Mobile,3,12,E wallet,Female,2,5,Laptop & Accessory,3,Married,3,0,14,2,2,3,186.18,1.0,1.2,4-12 Mos,Moderate (11-20km)
54500,0,1,Mobile,3,15,E wallet,Female,3,4,Laptop & Accessory,4,Married,3,0,19,1,2,8,187.14,1.0,1.2,0-3 Mos (High Risk),Moderate (11-20km)
54501,0,11,Mobile,1,12,Credit Card,Male,4,4,Laptop & Accessory,1,Married,9,0,17,2,2,5,188.47,1.0,1.2,4-12 Mos,Moderate (11-20km)
54502,0,12,Mobile,1,22,Debit Card,Male,4,5,Fashion,1,Married,2,1,15,3,2,10,240.10000000000002,1.0,1.2,4-12 Mos,Far (21-50km)
54503,0,5,Mobile,1,14,Credit Card,Female,3,4,Fashion,1,Single,3,1,15,5,5,11,196.43,1.0,1.2,4-12 Mos,Moderate (11-20km)
54504,0,3,Mobile,3,17,E wallet,Female,3,5,Laptop & Accessory,4,Married,3,1,15,2,2,8,207.68,1.0,1.2,0-3 Mos (High Risk),Moderate (11-20km)
54505,0,9,Mobile,1,12,Cash on Delivery,Male,4,4,Fashion,4,Single,2,0,14,2,2,14,205.95,1.0,1.2,4-12 Mos,Moderate (11-20km)
54506,0,1,Mobile,1,33,Debit Card,Male,3,4,Mobile,1,Married,3,0,13,1,2,3,154.04,1.0,1.2,0-3 Mos (High Risk),Far (21-50km)
54507,0,15,Mobile,1,13,Credit Card,Male,4,5,Laptop & Accessory,4,Single,8,1,16,2,2,3,185.32,1.0,1.2,1-5 Yrs,Moderate (11-20km)
54508,0,21,Computer,3,11,Credit Card,Male,4,4,Laptop & Accessory,3,Single,5,0,20,1,2,1,154.76,1.0,1.2,1-5 Yrs,Moderate (11-20km)
54509,0,16,Mobile,1,30,Debit Card,Female,3,4,Grocery,1,Single,4,0,15,1,2,1,284.92,1.0,1.2,1-5 Yrs,Far (21-50km)
54510,0,3,Computer,3,9,Debit Card,Male,4,4,Laptop & Accessory,3,Married,3,0,15,2,2,3,171.49,1.0,1.2,0-3 Mos (High Risk),Close (0-10km)
54511,0,16,Mobile,2,9,Cash on Delivery,Male,3,4,Mobile,3,Married,2,1,12,2,2,1,151.96,1.0,1.2,1-5 Yrs,Close (0-10km)
54512,0,6,Mobile,1,9,Credit Card,Female,4,4,Mobile,4,Married,3,0,14,1,2,8,148.7,1.0,1.2,4-12 Mos,Close (0-10km)
54513,0,22,Mobile,3,36,Credit Card,Female,4,4,Fashion,3,Married,5,0,22,1,2,1,250.04000000000002,1.0,1.2,1-5 Yrs,Far (21-50km)
54514,0,11,Mobile,1,13,Credit Card,Male,3,2,Laptop & Accessory,5,Married,6,1,14,7,7,8,184.74,2.0,2.4,4-12 Mos,Moderate (11-20km)
54515,0,4,Computer,3,32,Cash on Delivery,Female,3,4,Laptop & Accessory,3,Married,9,1,13,3,3,3,172.36,1.0,1.2,4-12 Mos,Far (21-50km)
54516,0,1,Mobile,3,7,Debit Card,Male,3,4,Laptop & Accessory,3,Married,3,0,18,1,8,8,177.96,1.0,1.2,0-3 Mos (High Risk),Close (0-10km)
54517,0,16,Mobile,1,9,UPI,Male,4,5,Laptop & Accessory,1,Single,5,0,24,2,2,1,192.81,1.0,1.2,1-5 Yrs,Close (0-10km)
54518,1,1,Computer,3,7,Cash on Delivery,Female,4,5,Mobile,4,Single,3,1,12,2,2,3,146.74,1.0,1.2,0-3 Mos (High Risk),Close (0-10km)
54519,0,10,Computer,3,7,Credit Card,Female,3,4,Laptop & Accessory,1,Single,6,0,16,2,2,1,191.53,1.0,1.2,4-12 Mos,Close (0-10km)
54520,0,10,Computer,3,10,Credit Card,Male,3,5,Fashion,1,Married,6,0,12,1,2,3,221.99,1.0,1.2,4-12 Mos,Close (0-10km)
54521,0,31,Mobile,1,7,Credit Card,Male,3,4,Laptop & Accessory,3,Married,4,0,12,1,2,3,192.55,1.0,1.2,1-5 Yrs,Close (0-10km)
54522,0,14,Mobile,1,17,Debit Card,Female,3,2,Mobile,3,Married,5,1,14,1,2,8,147.13,1.0,1.2,1-5 Yrs,Moderate (11-20km)
54523,0,1,Computer,3,16,Credit Card,Male,3,4,Mobile,1,Single,3,0,25,3,3,3,151.1,1.0,1.2,0-3 Mos (High Risk),Moderate (11-20km)
54524,1,1,Mobile,3,12,E wallet,Female,3,4,Mobile,3,Single,3,1,14,1,2,1,153.51,1.0,1.2,0-3 Mos (High Risk),Moderate (11-20km)
54525,0,11,Mobile,1,17,Credit Card,Female,4,4,Mobile,5,Married,8,0,21,2,2,4,159.52,1.0,1.2,4-12 Mos,Moderate (11-20km)
54526,0,20,Computer,1,14,Credit Card,Female,2,4,Laptop & Accessory,3,Married,4,0,15,2,2,1,177.58,1.0,1.2,1-5 Yrs,Moderate (11-20km)
54527,1,5,Computer,3,11,E wallet,Male,3,4,Laptop & Accessory,4,Single,3,0,19,5,8,3,218.55,1.0,1.2,4-12 Mos,Moderate (11-20km)
54528,0,24,Mobile,1,17,Cash on Delivery,Male,4,5,Fashion,1,Single,8,0,16,2,2,3,229.96,1.0,1.2,1-5 Yrs,Moderate (11-20km)
54529,1,4,Mobile,3,29,E wallet,Male,4,5,Laptop & Accessory,3,Married,4,1,13,2,2,1,188.8,1.0,1.2,4-12 Mos,Far (21-50km)
54530,0,5,Mobile,1,16,Debit Card,Male,3,5,Mobile,4,Single,2,1,17,3,3,3,151.57,1.0,1.2,4-12 Mos,Moderate (11-20km)
54531,1,1,Mobile,3,19,Debit Card,Female,3,2,Mobile,4,Single,3,0,16,1,2,1,152.16,1.0,1.2,0-3 Mos (High Risk),Moderate (11-20km)
54532,0,3,Mobile,1,30,Debit Card,Male,3,4,Mobile,1,Single,11,0,17,1,2,3,147.01,1.0,1.2,0-3 Mos (High Risk),Far (21-50km)
54533,0,9,Mobile,1,16,Debit Card,Male,4,5,Laptop & Accessory,4,Single,11,0,20,1,2,1,190.4,1.0,1.2,4-12 Mos,Moderate (11-20km)
54534,0,1,Mobile,1,7,Credit Card,Male,3,4,Mobile,4,Married,3,0,12,1,2,5,163.16,1.0,1.2,0-3 Mos (High Risk),Close (0-10km)
54535,0,2,Mobile,3,16,Debit Card,Male,4,4,Laptop & Accessory,1,Single,3,0,17,2,2,8,177.53,1.0,1.2,0-3 Mos (High Risk),Moderate (11-20km)
54536,0,23,Mobile,1,14,UPI,Male,3,5,Fashion,3,Single,10,0,25,2,2,1,234.64999999999998,1.0,1.2,1-5 Yrs,Moderate (11-20km)
54537,0,25,Mobile,3,21,Debit Card,Female,3,4,Laptop & Accessory,1,Married,6,0,12,2,2,8,174.36,1.0,1.2,1-5 Yrs,Far (21-50km)
54538,0,10,Mobile,1,9,Debit Card,Female,4,4,Mobile,3,Married,6,0,14,3,3,3,150.43,1.0,1.2,4-12 Mos,Close (0-10km)
54539,1,1,Computer,3,26,E wallet,Male,4,2,Laptop & Accessory,1,Single,10,1,14,1,2,5,178.04,1.0,1.2,0-3 Mos (High Risk),Far (21-50km)
54540,0,29,Mobile,1,9,Debit Card,Female,4,4,Grocery,1,Single,4,1,14,1,2,3,291.59,1.0,1.2,1-5 Yrs,Close (0-10km)
54541,0,1,Mobile,3,17,E wallet,Female,4,4,Laptop & Accessory,3,Married,3,1,13,1,2,4,167.6,1.0,1.2,0-3 Mos (High Risk),Moderate (11-20km)
54542,0,4,Mobile,3,9,Cash on Delivery,Male,4,4,Mobile,4,Married,3,0,19,2,2,1,149.76,1.0,1.2,4-12 Mos,Close (0-10km)
54543,1,1,Computer,1,10,Cash on Delivery,Male,4,4,Mobile,5,Single,2,0,23,1,2,5,156.02,1.0,1.2,0-3 Mos (High Risk),Close (0-10km)
54544,0,1,Mobile,1,18,Credit Card,Female,3,4,Mobile,4,Married,3,0,14,2,2,3,147.44,1.0,1.2,0-3 Mos (High Risk),Moderate (11-20km)
54545,0,10,Mobile,3,9,Credit Card,Male,4,5,Fashion,3,Married,3,0,14,9,10,1,200.96,1.0,1.2,4-12 Mos,Close (0-10km)
54546,1,1,Computer,1,11,Cash on Delivery,Male,3,4,Mobile,1,Single,11,1,24,2,2,1,147.85,1.0,1.2,0-3 Mos (High Risk),Moderate (11-20km)
54547,0,11,Mobile,1,21,Debit Card,Female,4,4,Mobile,5,Married,3,0,13,11,13,18,155.34,1.0,1.2,4-12 Mos,Far (21-50km)
54548,0,14,Mobile,3,9,E wallet,Female,3,4,Laptop & Accessory,4,Married,9,0,13,1,2,4,182.15,1.0,1.2,1-5 Yrs,Close (0-10km)
54549,0,16,Mobile,1,7,Debit Card,Female,4,4,Mobile,5,Married,5,0,17,1,2,3,150.76,1.0,1.2,1-5 Yrs,Close (0-10km)
54550,0,11,Mobile,1,17,Debit Card,Male,3,4,Laptop & Accessory,4,Single,4,1,13,1,2,2,166.97,1.0,1.2,4-12 Mos,Moderate (11-20km)
54551,0,17,Mobile,1,19,Debit Card,Male,3,5,Grocery,4,Married,3,0,12,1,4,10,268.36,1.0,1.2,1-5 Yrs,Moderate (11-20km)
54552,0,14,Mobile,1,9,Credit Card,Female,4,5,Laptop & Accessory,3,Married,8,0,23,2,2,1,159.48,1.0,1.2,1-5 Yrs,Close (0-10km)
54553,0,28,Mobile,1,12,Credit Card,Male,3,4,Others,5,Married,6,0,15,2,2,3,319.06,1.0,1.2,1-5 Yrs,Moderate (11-20km)
54554,0,8,Computer,3,11,E wallet,Female,4,4,Laptop & Accessory,3,Married,11,0,16,1,2,3,190.38,1.0,1.2,4-12 Mos,Moderate (11-20km)
54555,0,5,Mobile,1,14,Credit Card,Female,3,4,Laptop & Accessory,5,Married,3,0,13,4,4,13,168.06,1.0,1.2,4-12 Mos,Moderate (11-20km)
54556,0,17,Computer,1,28,Credit Card,Male,4,4,Mobile,1,Married,9,0,21,2,2,3,147.58,1.0,1.2,1-5 Yrs,Far (21-50km)
54557,0,17,Mobile,1,15,UPI,Female,4,4,Laptop & Accessory,3,Married,6,1,15,2,2,3,170.22,1.0,1.2,1-5 Yrs,Moderate (11-20km)
54558,0,1,Mobile,3,11,Debit Card,Female,4,5,Laptop & Accessory,1,Single,3,1,12,1,2,4,169.87,1.0,1.2,0-3 Mos (High Risk),Moderate (11-20km)
54559,0,11,Computer,1,32,Credit Card,Female,4,4,Laptop & Accessory,3,Married,5,1,16,5,11,8,169.49,3.0,3.5999999999999996,4-12 Mos,Far (21-50km)
54560,0,5,Mobile,1,7,Debit Card,Male,4,5,Mobile,5,Married,3,0,13,4,4,3,147.18,1.0,1.2,4-12 Mos,Close (0-10km)
54561,0,13,Computer,1,7,Debit Card,Male,3,4,Others,3,Married,3,1,15,1,2,7,316.97,1.0,1.2,1-5 Yrs,Close (0-10km)
54562,0,30,Computer,3,13,Debit Card,Female,3,2,Grocery,5,Married,11,0,12,7,4,8,257.12,1.0,1.2,1-5 Yrs,Moderate (11-20km)
54563,0,4,Mobile,3,19,Cash on Delivery,Female,3,4,Laptop & Accessory,3,Single,2,0,12,4,5,5,190.77,1.0,1.2,4-12 Mos,Moderate (11-20km)
54564,0,15,Mobile,3,7,E wallet,Male,3,2,Fashion,5,Married,3,0,17,2,2,8,208.92,1.0,1.2,1-5 Yrs,Close (0-10km)
54565,0,2,Mobile,1,24,Credit Card,Male,4,4,Laptop & Accessory,5,Married,3,0,13,1,2,9,170.58,1.0,1.2,0-3 Mos (High Risk),Far (21-50km)
54566,1,1,Mobile,1,10,Credit Card,Male,4,4,Mobile,5,Married,7,0,14,2,2,3,165.31,1.0,1.2,0-3 Mos (High Risk),Close (0-10km)
54567,0,26,Mobile,1,10,Credit Card,Male,3,5,Fashion,3,Married,4,1,15,2,2,5,204.69,1.0,1.2,1-5 Yrs,Close (0-10km)
54568,0,19,Mobile,1,17,Debit Card,Male,4,4,Mobile,1,Married,5,0,22,1,2,3,151.54,1.0,1.2,1-5 Yrs,Moderate (11-20km)
54569,0,26,Mobile,1,11,Debit Card,Female,2,4,Grocery,1,Married,4,0,14,1,2,5,290.55,1.0,1.2,1-5 Yrs,Moderate (11-20km)
54570,0,16,Computer,1,36,Debit Card,Female,4,4,Laptop & Accessory,3,Married,4,0,12,2,2,3,170.56,1.0,1.2,1-5 Yrs,Far (21-50km)
54571,0,4,Mobile,1,9,Debit Card,Female,3,6,Laptop & Accessory,1,Single,4,0,21,2,2,3,185.91,1.0,1.2,4-12 Mos,Close (0-10km)
54572,0,31,Mobile,1,14,Debit Card,Female,3,4,Others,5,Married,7,0,15,2,12,11,320.66,1.0,1.2,1-5 Yrs,Moderate (11-20km)
54573,0,20,Mobile,1,25,Credit Card,Female,3,4,Laptop & Accessory,3,Married,4,0,15,2,2,9,173.1,1.0,1.2,1-5 Yrs,Far (21-50km)
54574,0,16,Computer,1,35,Cash on Delivery,Female,3,5,Laptop & Accessory,1,Married,2,0,12,1,2,5,170.23,1.0,1.2,1-5 Yrs,Far (21-50km)
54575,1,1,Mobile,3,7,Cash on Delivery,Female,4,4,Mobile,4,Single,3,1,17,1,2,5,157.02,1.0,1.2,0-3 Mos (High Risk),Close (0-10km)
54576,1,1,Computer,3,13,E wallet,Female,3,6,Mobile,3,Married,2,0,17,1,2,1,148.51,1.0,1.2,0-3 Mos (High Risk),Moderate (11-20km)
54577,0,12,Computer,1,9,Debit Card,Male,3,4,Mobile,1,Married,3,1,24,2,2,1,142.02,1.0,1.2,4-12 Mos,Close (0-10km)
54578,0,14,Mobile,3,9,Debit Card,Female,4,4,Others,3,Married,2,0,15,2,2,13,305.41,1.0,1.2,1-5 Yrs,Close (0-10km)
54579,0,1,Mobile,1,30,Debit Card,Female,3,4,Mobile,1,Married,3,0,23,1,2,3,153.86,1.0,1.2,0-3 Mos (High Risk),Far (21-50km)
54580,0,4,Computer,1,10,Debit Card,Male,3,4,Mobile,1,Married,6,0,16,2,2,5,145.97,1.0,1.2,4-12 Mos,Close (0-10km)
54581,0,3,Mobile,1,10,Credit Card,Male,4,5,Fashion,3,Married,3,0,19,1,2,8,244.35000000000002,1.0,1.2,0-3 Mos (High Risk),Close (0-10km)
54582,1,1,Mobile,1,32,Cash on Delivery,Female,4,5,Mobile,4,Married,7,0,17,2,2,2,150.46,1.0,1.2,0-3 Mos (High Risk),Far (21-50km)
54583,1,1,Mobile,2,9,Cash on Delivery,Male,3,5,Mobile,1,Single,3,0,13,1,2,1,150.64,1.0,1.2,0-3 Mos (High Risk),Close (0-10km)
54584,0,4,Computer,3,29,UPI,Female,4,4,Fashion,5,Married,2,0,12,4,8,9,209.12,1.0,1.2,4-12 Mos,Far (21-50km)
54585,0,31,Mobile,3,36,E wallet,Male,3,5,Grocery,1,Married,5,0,13,1,2,1,266.18,1.0,1.2,1-5 Yrs,Far (21-50km)
54586,0,24,Mobile,1,36,Debit Card,Male,3,5,Grocery,3,Married,2,0,15,16,16,8,295.46,1.0,1.2,1-5 Yrs,Far (21-50km)
54587,0,4,Computer,1,9,Credit Card,Female,3,4,Mobile,1,Single,2,0,15,2,7,8,150.64,1.0,1.2,4-12 Mos,Close (0-10km)
54588,0,31,Computer,3,35,E wallet,Female,4,5,Fashion,5,Married,6,0,20,4,14,3,227.66,1.0,1.2,1-5 Yrs,Far (21-50km)
54589,0,21,Mobile,1,9,Credit Card,Female,4,4,Laptop & Accessory,1,Married,7,0,14,1,2,5,175.7,1.0,1.2,1-5 Yrs,Close (0-10km)
54590,0,20,Mobile,1,9,Debit Card,Male,3,4,Grocery,3,Married,8,0,15,2,2,2,303.61,1.0,1.2,1-5 Yrs,Close (0-10km)
54591,0,9,Mobile,1,29,Debit Card,Male,3,6,Mobile,3,Single,2,0,16,2,5,4,167.3,1.0,1.2,4-12 Mos,Far (21-50km)
54592,0,28,Mobile,1,6,Debit Card,Female,3,4,Laptop & Accessory,3,Single,9,0,12,1,2,1,162.8,1.0,1.2,1-5 Yrs,Close (0-10km)
54593,0,8,Mobile,1,9,Debit Card,Male,4,5,Mobile,3,Married,5,0,13,4,6,8,152.68,1.0,1.2,4-12 Mos,Close (0-10km)
54594,0,6,Mobile,3,17,E wallet,Female,4,5,Fashion,1,Married,4,1,20,1,2,3,215.71,1.0,1.2,4-12 Mos,Moderate (11-20km)
54595,0,5,Mobile,1,16,Debit Card,Male,3,4,Fashion,4,Married,3,0,26,1,2,9,231.48000000000002,1.0,1.2,4-12 Mos,Moderate (11-20km)
54596,1,1,Mobile,1,22,Credit Card,Male,3,4,Fashion,3,Married,9,1,13,1,8,8,261.1,2.0,2.4,0-3 Mos (High Risk),Far (21-50km)
54597,1,1,Mobile,1,17,Credit Card,Male,3,6,Mobile,1,Married,9,0,14,1,2,4,159.08,1.0,1.2,0-3 Mos (High Risk),Moderate (11-20km)
54598,0,4,Mobile,3,14,E wallet,Male,3,4,Mobile,4,Single,2,0,15,1,2,3,154.83,1.0,1.2,4-12 Mos,Moderate (11-20km)
54599,0,9,Mobile,1,23,Debit Card,Male,4,4,Fashion,3,Married,6,1,13,1,2,1,201.32,1.0,1.2,4-12 Mos,Far (21-50km)
54600,1,1,Computer,1,27,Debit Card,Male,4,4,Fashion,3,Married,5,0,13,2,2,3,223.24,1.0,1.2,0-3 Mos (High Risk),Far (21-50km)
54601,1,1,Computer,2,30,UPI,Female,3,4,Fashion,5,Married,11,1,16,2,2,3,224.5,1.0,1.2,0-3 Mos (High Risk),Far (21-50km)
54602,0,16,Computer,1,12,UPI,Male,4,4,Mobile,3,Married,6,0,18,1,3,1,145.93,1.0,1.2,1-5 Yrs,Moderate (11-20km)
54603,0,10,Computer,3,17,Credit Card,Male,3,4,Fashion,1,Single,3,0,15,9,10,3,224.8,1.0,1.2,4-12 Mos,Moderate (11-20km)
54604,1,1,Computer,1,11,Cash on Delivery,Male,4,5,Mobile,3,Single,7,0,17,1,2,3,163.94,1.0,1.2,0-3 Mos (High Risk),Moderate (11-20km)
54605,0,22,Mobile,3,9,E wallet,Female,3,4,Laptop & Accessory,1,Married,4,0,15,7,7,8,165.51,1.0,1.2,1-5 Yrs,Close (0-10km)
54606,0,29,Mobile,3,25,Debit Card,Female,3,4,Grocery,4,Single,5,0,15,2,8,9,293.35,1.0,1.2,1-5 Yrs,Far (21-50km)
54607,0,15,Computer,3,17,Debit Card,Male,3,4,Laptop & Accessory,1,Single,9,0,15,1,2,11,187.3,1.0,1.2,1-5 Yrs,Moderate (11-20km)
54608,0,9,Mobile,3,7,E wallet,Male,3,4,Laptop & Accessory,3,Married,11,0,12,1,7,10,172.17,1.0,1.2,4-12 Mos,Close (0-10km)
54609,0,14,Mobile,1,13,Debit Card,Female,4,4,Grocery,3,Single,9,0,16,5,4,14,257.37,1.0,1.2,1-5 Yrs,Moderate (11-20km)
54610,0,13,Computer,1,15,Debit Card,Female,3,4,Mobile,3,Married,3,0,12,2,2,8,162.55,1.0,1.2,1-5 Yrs,Moderate (11-20km)
54611,0,5,Mobile,3,9,Debit Card,Male,4,4,Laptop & Accessory,1,Single,6,1,14,2,2,6,190.82,1.0,1.2,4-12 Mos,Close (0-10km)
54612,0,16,Mobile,1,31,Credit Card,Male,3,4,Fashion,5,Married,3,1,22,6,6,9,199.06,2.0,2.4,1-5 Yrs,Far (21-50km)
54613,0,19,Mobile,3,9,UPI,Male,4,4,Laptop & Accessory,4,Married,2,0,20,4,4,8,173.05,1.0,1.2,1-5 Yrs,Close (0-10km)
54614,1,1,Computer,2,24,Debit Card,Female,3,4,Mobile,3,Married,2,1,12,1,2,1,152.41,1.0,1.2,0-3 Mos (High Risk),Far (21-50km)
54615,0,3,Mobile,1,26,Cash on Delivery,Male,3,4,Laptop & Accessory,1,Married,6,0,13,2,2,3,167.62,1.0,1.2,0-3 Mos (High Risk),Far (21-50km)
54616,0,7,Mobile,1,7,Credit Card,Female,4,2,Grocery,3,Married,6,0,20,1,2,6,286.84,1.0,1.2,4-12 Mos,Close (0-10km)
54617,0,5,Mobile,3,14,Debit Card,Male,3,5,Fashion,1,Married,11,0,22,2,2,2,240.57,1.0,1.2,4-12 Mos,Moderate (11-20km)
54618,1,1,Computer,3,12,E wallet,Male,4,4,Mobile,4,Single,3,1,15,2,2,1,143.78,1.0,1.2,0-3 Mos (High Risk),Moderate (11-20km)
54619,0,14,Computer,3,35,UPI,Male,3,6,Fashion,5,Married,5,0,16,1,2,2,234.32,1.0,1.2,1-5 Yrs,Far (21-50km)
54620,0,15,Computer,1,9,UPI,Female,4,5,Laptop & Accessory,3,Single,4,1,18,1,2,8,193.11,1.0,1.2,1-5 Yrs,Close (0-10km)
54621,0,1,Mobile,3,36,Credit Card,Male,3,4,Laptop & Accessory,3,Married,7,0,13,1,2,1,168.06,1.0,1.2,0-3 Mos (High Risk),Far (21-50km)
54622,0,9,Mobile,3,7,Credit Card,Female,4,4,Laptop & Accessory,3,Single,3,0,17,2,2,4,173.59,1.0,1.2,4-12 Mos,Close (0-10km)
54623,0,8,Mobile,3,28,Debit Card,Male,4,2,Laptop & Accessory,1,Single,3,0,13,1,6,8,178.37,1.0,1.2,4-12 Mos,Far (21-50km)
54624,1,1,Mobile,1,31,Cash on Delivery,Male,4,6,Mobile,1,Single,3,1,19,1,2,1,148.4,1.0,1.2,0-3 Mos (High Risk),Far (21-50km)
54625,0,11,Mobile,1,7,Cash on Delivery,Female,3,4,Fashion,1,Single,6,0,18,2,2,3,199.91,1.0,1.2,4-12 Mos,Close (0-10km)
54626,0,20,Computer,1,25,Credit Card,Female,3,4,Fashion,3,Married,7,0,12,1,2,3,230.27,1.0,1.2,1-5 Yrs,Far (21-50km)
54627,0,15,Mobile,3,9,Debit Card,Female,4,4,Grocery,5,Married,9,0,17,1,12,9,290.95,1.0,1.2,1-5 Yrs,Close (0-10km)
54628,0,11,Computer,3,16,Credit Card,Male,4,4,Fashion,4,Married,3,0,14,2,8,3,213.34,1.0,1.2,4-12 Mos,Moderate (11-20km)
54629,0,26,Mobile,1,13,Cash on Delivery,Male,4,4,Laptop & Accessory,5,Married,5,1,13,3,7,10,180.77,2.0,2.4,1-5 Yrs,Moderate (11-20km)
54630,1,1,Computer,3,18,UPI,Male,3,2,Laptop & Accessory,3,Married,10,0,13,2,2,3,172.07,1.0,1.2,0-3 Mos (High Risk),Moderate (11-20km)
54631,0,1,Computer,3,31,Credit Card,Male,3,4,Mobile,1,Married,2,0,14,2,3,2,149.0,1.0,1.2,0-3 Mos (High Risk),Far (21-50km)
54632,0,12,Mobile,1,17,Credit Card,Female,4,4,Laptop & Accessory,3,Married,5,0,20,1,2,3,223.24,1.0,1.2,4-12 Mos,Moderate (11-20km)
54633,0,11,Mobile,1,7,Debit Card,Female,4,4,Laptop & Accessory,4,Married,8,0,13,5,5,4,189.47,1.0,1.2,4-12 Mos,Close (0-10km)
54634,0,23,Mobile,1,25,Debit Card,Male,3,5,Others,3,Married,3,1,15,2,2,10,320.02,1.0,1.2,1-5 Yrs,Far (21-50km)
54635,0,1,Mobile,1,30,Credit Card,Male,3,2,Mobile,1,Married,3,1,12,1,2,5,152.25,1.0,1.2,0-3 Mos (High Risk),Far (21-50km)
54636,0,1,Mobile,3,35,E wallet,Male,4,4,Laptop & Accessory,4,Married,3,0,21,1,2,5,187.72,1.0,1.2,0-3 Mos (High Risk),Far (21-50km)
54637,0,1,Mobile,1,24,UPI,Male,4,5,Mobile,4,Married,3,0,22,2,2,1,146.27,1.0,1.2,0-3 Mos (High Risk),Far (21-50km)
54638,0,24,Computer,2,10,Credit Card,Male,4,4,Others,4,Married,3,0,15,2,11,8,307.0,1.0,1.2,1-5 Yrs,Close (0-10km)
54639,0,1,Mobile,3,20,Credit Card,Male,3,4,Mobile,3,Married,3,0,12,2,2,7,145.96,1.0,1.2,0-3 Mos (High Risk),Moderate (11-20km)
54640,1,1,Computer,1,14,Debit Card,Female,3,4,Mobile,3,Married,3,1,17,1,2,3,153.86,1.0,1.2,0-3 Mos (High Risk),Moderate (11-20km)
54641,1,1,Computer,3,19,Debit Card,Male,4,5,Mobile,5,Married,3,0,19,2,2,1,145.33,1.0,1.2,0-3 Mos (High Risk),Moderate (11-20km)
54642,0,8,Mobile,1,7,Debit Card,Male,3,5,Mobile,1,Married,3,1,14,2,2,4,161.22,1.0,1.2,4-12 Mos,Close (0-10km)
54643,1,1,Mobile,3,20,Credit Card,Male,3,4,Laptop & Accessory,5,Married,4,0,18,1,2,3,167.33,1.0,1.2,0-3 Mos (High Risk),Moderate (11-20km)
54644,0,9,Mobile,1,32,UPI,Male,3,5,Laptop & Accessory,1,Single,6,0,15,2,2,3,161.81,1.0,1.2,4-12 Mos,Far (21-50km)
54645,0,5,Mobile,3,13,Credit Card,Male,4,2,Laptop & Accessory,1,Married,6,0,23,6,6,8,179.6,1.0,1.2,4-12 Mos,Moderate (11-20km)
54646,0,1,Mobile,1,13,Credit Card,Female,4,5,Mobile,3,Married,2,0,13,1,2,4,146.87,1.0,1.2,0-3 Mos (High Risk),Moderate (11-20km)
54647,0,11,Mobile,3,9,E wallet,Male,4,4,Laptop & Accessory,3,Married,6,1,12,1,2,3,221.02,1.0,1.2,4-12 Mos,Close (0-10km)
54648,0,1,Mobile,1,7,Debit Card,Female,3,5,Mobile,4,Single,3,0,14,1,2,1,153.36,1.0,1.2,0-3 Mos (High Risk),Close (0-10km)
54649,0,16,Mobile,1,9,Debit Card,Female,3,4,Laptop & Accessory,1,Married,3,0,14,1,3,3,165.89,1.0,1.2,1-5 Yrs,Close (0-10km)
54650,0,17,Mobile,1,13,UPI,Male,3,5,Grocery,1,Married,6,1,15,1,2,1,291.27,1.0,1.2,1-5 Yrs,Moderate (11-20km)
54651,0,12,Mobile,1,7,Debit Card,Female,3,4,Mobile,5,Single,5,0,18,1,2,1,151.19,1.0,1.2,4-12 Mos,Close (0-10km)
54652,0,17,Computer,1,16,Credit Card,Male,4,4,Laptop & Accessory,3,Married,5,1,14,2,5,8,181.79,1.0,1.2,1-5 Yrs,Moderate (11-20km)
54653,0,22,Mobile,1,7,Debit Card,Female,3,5,Grocery,5,Married,9,0,12,1,2,3,279.02,1.0,1.2,1-5 Yrs,Close (0-10km)
54654,0,18,Mobile,2,7,Debit Card,Female,3,5,Laptop & Accessory,3,Single,6,0,12,2,2,3,184.85,1.0,1.2,1-5 Yrs,Close (0-10km)
54655,0,8,Mobile,3,21,Cash on Delivery,Female,3,4,Mobile,3,Married,3,1,19,2,2,7,150.79,1.0,1.2,4-12 Mos,Far (21-50km)
54656,1,1,Mobile,3,9,E wallet,Male,3,4,Mobile,5,Married,2,0,12,2,2,3,155.41,1.0,1.2,0-3 Mos (High Risk),Close (0-10km)
54657,0,1,Mobile,3,29,Cash on Delivery,Male,3,4,Mobile,3,Single,3,0,12,1,2,3,159.47,1.0,1.2,0-3 Mos (High Risk),Far (21-50km)
54658,0,18,Mobile,1,10,UPI,Male,3,4,Others,1,Married,6,1,15,1,2,2,320.13,1.0,1.2,1-5 Yrs,Close (0-10km)
54659,0,1,Mobile,1,13,Credit Card,Male,4,4,Mobile,3,Married,2,0,21,2,3,3,152.73,1.0,1.2,0-3 Mos (High Risk),Moderate (11-20km)
54660,0,7,Mobile,3,15,E wallet,Male,3,4,Laptop & Accessory,3,Married,2,0,13,1,2,3,196.04,1.0,1.2,4-12 Mos,Moderate (11-20km)
54661,0,6,Mobile,1,16,Debit Card,Female,4,4,Laptop & Accessory,1,Married,3,1,13,2,2,6,188.22,1.0,1.2,4-12 Mos,Moderate (11-20km)
54662,0,4,Computer,1,10,Credit Card,Female,4,4,Mobile,3,Married,3,0,21,2,2,1,145.83,1.0,1.2,4-12 Mos,Close (0-10km)
54663,0,27,Mobile,3,7,Credit Card,Female,3,4,Laptop & Accessory,5,Single,9,0,21,5,9,11,208.81,1.0,1.2,1-5 Yrs,Close (0-10km)
54664,0,8,Mobile,1,7,Debit Card,Male,3,4,Mobile,1,Married,3,0,13,2,9,9,151.91,1.0,1.2,4-12 Mos,Close (0-10km)
54665,1,9,Computer,3,33,Debit Card,Female,4,4,Laptop & Accessory,5,Married,4,0,15,1,2,1,167.86,1.0,1.2,4-12 Mos,Far (21-50km)
54666,0,1,Mobile,1,13,Debit Card,Female,4,4,Mobile,1,Married,3,1,14,1,2,3,81.0,1.0,1.2,0-3 Mos (High Risk),Moderate (11-20km)
54667,0,11,Mobile,1,10,UPI,Male,3,4,Fashion,3,Married,3,0,16,8,8,3,219.34,1.0,1.2,4-12 Mos,Close (0-10km)
54668,0,3,Mobile,3,10,Credit Card,Female,4,4,Laptop & Accessory,3,Married,3,0,15,1,2,3,180.61,1.0,1.2,0-3 Mos (High Risk),Close (0-10km)
54669,0,9,Mobile,1,13,Debit Card,Male,3,6,Laptop & Accessory,1,Single,3,0,14,1,12,9,191.46,1.0,1.2,4-12 Mos,Moderate (11-20km)
54670,0,7,Computer,1,13,Debit Card,Male,2,4,Laptop & Accessory,1,Married,5,0,24,4,5,8,202.25,1.0,1.2,4-12 Mos,Moderate (11-20km)
54671,0,28,Mobile,2,26,Credit Card,Male,3,4,Fashion,4,Married,4,0,16,3,2,2,232.25,1.0,1.2,1-5 Yrs,Far (21-50km)
54672,0,10,Mobile,1,16,Credit Card,Male,3,5,Laptop & Accessory,4,Married,4,1,12,1,2,3,213.47,1.0,1.2,4-12 Mos,Moderate (11-20km)
54673,0,1,Mobile,1,10,Credit Card,Male,3,5,Mobile,1,Single,2,0,14,2,2,2,145.45,1.0,1.2,0-3 Mos (High Risk),Close (0-10km)
54674,1,1,Mobile,1,17,Credit Card,Male,3,4,Mobile,3,Single,3,1,12,2,2,2,135.09,1.0,1.2,0-3 Mos (High Risk),Moderate (11-20km)
54675,1,1,Computer,1,10,Debit Card,Male,4,4,Mobile,5,Single,3,1,12,6,10,8,158.48,2.0,2.4,0-3 Mos (High Risk),Close (0-10km)
54676,0,9,Computer,1,10,Debit Card,Male,3,5,Mobile,3,Married,3,0,19,2,2,1,137.81,1.0,1.2,4-12 Mos,Close (0-10km)
54677,0,1,Mobile,1,11,Credit Card,Male,3,2,Mobile,5,Married,4,0,17,1,2,3,153.19,1.0,1.2,0-3 Mos (High Risk),Moderate (11-20km)
54678,0,1,Mobile,3,15,Debit Card,Male,3,2,Laptop & Accessory,4,Married,2,0,23,2,2,3,173.51,1.0,1.2,0-3 Mos (High Risk),Moderate (11-20km)
54679,0,12,Mobile,3,14,E wallet,Female,3,5,Laptop & Accessory,1,Single,2,0,21,2,2,6,165.28,1.0,1.2,4-12 Mos,Moderate (11-20km)
54680,0,3,Computer,1,7,Debit Card,Male,4,6,Mobile,1,Married,3,0,19,1,3,9,152.2,1.0,1.2,0-3 Mos (High Risk),Close (0-10km)
54681,0,22,Mobile,3,9,E wallet,Male,3,2,Laptop & Accessory,4,Married,5,0,13,1,3,3,206.2,1.0,1.2,1-5 Yrs,Close (0-10km)
54682,0,1,Computer,3,10,Credit Card,Female,4,2,Laptop & Accessory,1,Married,3,1,21,2,2,5,171.47,1.0,1.2,0-3 Mos (High Risk),Close (0-10km)
54683,0,11,Mobile,1,17,Debit Card,Male,4,2,Mobile,1,Single,5,0,18,2,2,1,171.8,1.0,1.2,4-12 Mos,Moderate (11-20km)
54684,0,24,Mobile,1,35,Credit Card,Male,4,2,Mobile,3,Married,3,1,12,1,4,9,157.21,1.0,1.2,1-5 Yrs,Far (21-50km)
54685,0,8,Mobile,1,16,Credit Card,Female,3,5,Fashion,4,Single,3,0,15,5,8,3,211.21,1.0,1.2,4-12 Mos,Moderate (11-20km)
54686,1,1,Mobile,3,10,Debit Card,Female,4,4,Laptop & Accessory,3,Single,11,0,15,2,3,1,170.77,1.0,1.2,0-3 Mos (High Risk),Close (0-10km)
54687,0,13,Mobile,1,9,Cash on Delivery,Female,4,5,Laptop & Accessory,3,Single,3,0,12,2,12,11,170.53,1.0,1.2,1-5 Yrs,Close (0-10km)
54688,0,6,Mobile,3,17,E wallet,Male,3,4,Laptop & Accessory,1,Single,3,0,13,2,2,9,178.96,1.0,1.2,4-12 Mos,Moderate (11-20km)
54689,1,14,Computer,3,15,Cash on Delivery,Male,3,4,Laptop & Accessory,3,Married,5,1,15,1,2,4,192.96,1.0,1.2,1-5 Yrs,Moderate (11-20km)
54690,0,12,Mobile,1,7,Debit Card,Female,3,2,Laptop & Accessory,1,Single,2,0,14,1,2,9,201.25,1.0,1.2,4-12 Mos,Close (0-10km)
54691,0,1,Mobile,1,7,Debit Card,Female,4,4,Fashion,5,Married,3,0,12,1,2,8,199.12,1.0,1.2,0-3 Mos (High Risk),Close (0-10km)
54692,0,6,Mobile,1,10,Debit Card,Female,3,4,Fashion,1,Single,5,0,16,7,2,8,236.58999999999997,1.0,1.2,4-12 Mos,Close (0-10km)
54693,0,21,Mobile,3,21,E wallet,Male,3,4,Laptop & Accessory,5,Single,4,0,13,2,2,8,174.6,1.0,1.2,1-5 Yrs,Far (21-50km)
54694,0,14,Computer,3,12,Debit Card,Male,3,5,Fashion,5,Married,7,1,22,1,2,3,229.75,1.0,1.2,1-5 Yrs,Moderate (11-20km)
54695,0,27,Mobile,1,14,Debit Card,Male,3,2,Grocery,3,Married,5,0,20,1,2,4,273.14,1.0,1.2,1-5 Yrs,Moderate (11-20km)
54696,0,15,Mobile,2,17,UPI,Male,4,5,Others,1,Married,5,0,15,4,13,7,316.41,1.0,1.2,1-5 Yrs,Moderate (11-20km)
54697,0,31,Mobile,3,23,E wallet,Male,3,4,Laptop & Accessory,5,Single,10,0,15,3,3,3,179.05,1.0,1.2,1-5 Yrs,Far (21-50km)
54698,0,1,Computer,1,17,Debit Card,Male,3,4,Fashion,5,Married,3,0,22,1,2,3,212.93,1.0,1.2,0-3 Mos (High Risk),Moderate (11-20km)
54699,0,15,Mobile,2,7,UPI,Male,3,5,Others,3,Married,3,0,15,2,3,11,316.89,1.0,1.2,1-5 Yrs,Close (0-10km)
54700,0,24,Mobile,3,15,E wallet,Male,3,4,Mobile,4,Married,9,0,16,1,3,3,163.75,1.0,1.2,1-5 Yrs,Moderate (11-20km)
54701,1,1,Mobile,1,7,Debit Card,Female,4,6,Mobile,4,Single,9,1,14,2,4,8,147.16,1.0,1.2,0-3 Mos (High Risk),Close (0-10km)
54702,0,10,Computer,1,15,Debit Card,Female,4,2,Fashion,5,Married,11,0,15,1,2,6,242.13,1.0,1.2,4-12 Mos,Moderate (11-20km)
54703,0,12,Mobile,1,7,Debit Card,Female,3,4,Fashion,3,Single,6,1,15,1,2,1,203.61,1.0,1.2,4-12 Mos,Close (0-10km)
54704,0,18,Computer,1,31,Credit Card,Male,3,6,Mobile,3,Single,4,0,15,1,2,5,162.08,1.0,1.2,1-5 Yrs,Far (21-50km)
54705,0,21,Computer,3,10,Credit Card,Female,3,4,Grocery,3,Married,11,1,13,1,12,14,262.7,3.0,3.5999999999999996,1-5 Yrs,Close (0-10km)
54706,0,4,Mobile,3,34,E wallet,Male,4,4,Laptop & Accessory,1,Married,9,0,24,3,8,8,178.04,1.0,1.2,4-12 Mos,Far (21-50km)
54707,0,3,Mobile,3,17,Debit Card,Male,4,4,Mobile,3,Single,3,0,12,2,2,1,151.42,1.0,1.2,0-3 Mos (High Risk),Moderate (11-20km)
54708,1,6,Computer,1,26,Credit Card,Male,3,2,Mobile,3,Married,8,1,13,1,3,3,152.59,1.0,1.2,4-12 Mos,Far (21-50km)
54709,0,17,Computer,3,22,Debit Card,Male,3,5,Laptop & Accessory,1,Married,5,0,19,2,3,3,193.04,1.0,1.2,1-5 Yrs,Far (21-50km)
54710,0,8,Mobile,1,15,Credit Card,Female,4,4,Laptop & Accessory,3,Single,5,0,12,1,5,4,186.42,1.0,1.2,4-12 Mos,Moderate (11-20km)
54711,0,1,Mobile,1,16,Credit Card,Male,3,4,Mobile,5,Married,3,0,15,2,2,3,150.0,1.0,1.2,0-3 Mos (High Risk),Moderate (11-20km)
54712,0,13,Mobile,2,10,UPI,Female,3,2,Laptop & Accessory,4,Married,11,0,16,1,4,7,188.89,1.0,1.2,1-5 Yrs,Close (0-10km)
54713,0,30,Mobile,1,16,Credit Card,Male,3,4,Grocery,1,Married,9,0,12,1,4,2,236.02999999999997,1.0,1.2,1-5 Yrs,Moderate (11-20km)
54714,0,14,Mobile,1,9,Credit Card,Female,3,5,Mobile,1,Single,2,1,21,1,3,4,148.42,1.0,1.2,1-5 Yrs,Close (0-10km)
54715,0,1,Mobile,1,14,Credit Card,Female,3,5,Laptop & Accessory,5,Single,10,0,20,2,2,8,193.11,1.0,1.2,0-3 Mos (High Risk),Moderate (11-20km)
54716,0,3,Mobile,3,17,E wallet,Male,3,4,Mobile,4,Married,3,0,15,3,3,3,147.97,1.0,1.2,0-3 Mos (High Risk),Moderate (11-20km)
54717,0,27,Mobile,1,13,Debit Card,Male,3,4,Laptop & Accessory,1,Single,4,0,18,3,3,3,149.5,1.0,1.2,1-5 Yrs,Moderate (11-20km)
54718,0,9,Computer,1,9,Debit Card,Female,4,4,Laptop & Accessory,5,Married,4,0,12,2,2,1,175.93,1.0,1.2,4-12 Mos,Close (0-10km)
54719,0,6,Computer,1,31,Debit Card,Male,4,4,Laptop & Accessory,1,Married,3,0,16,2,5,8,178.09,1.0,1.2,4-12 Mos,Far (21-50km)
54720,0,12,Mobile,1,9,Credit Card,Male,4,4,Mobile,3,Married,8,1,14,1,2,2,155.57,1.0,1.2,4-12 Mos,Close (0-10km)
54721,0,8,Mobile,1,15,Debit Card,Female,3,4,Laptop & Accessory,5,Married,5,0,15,2,2,1,176.21,1.0,1.2,4-12 Mos,Moderate (11-20km)
54722,0,26,Mobile,3,10,E wallet,Male,3,5,Grocery,5,Married,3,0,15,2,2,17,293.56,1.0,1.2,1-5 Yrs,Close (0-10km)
54723,1,1,Mobile,1,7,UPI,Male,4,4,Mobile,1,Single,3,1,14,7,8,9,151.86,2.0,2.4,0-3 Mos (High Risk),Close (0-10km)
54724,0,1,Mobile,3,33,Credit Card,Female,3,4,Laptop & Accessory,1,Single,3,0,24,1,2,5,186.8,1.0,1.2,0-3 Mos (High Risk),Far (21-50km)
54725,0,19,Mobile,3,9,Cash on Delivery,Male,3,6,Laptop & Accessory,3,Single,2,0,14,2,4,2,191.32,1.0,1.2,1-5 Yrs,Close (0-10km)
54726,0,1,Mobile,1,17,Credit Card,Male,4,2,Mobile,3,Single,3,0,19,1,2,3,160.05,1.0,1.2,0-3 Mos (High Risk),Moderate (11-20km)
54727,1,11,Computer,3,34,Debit Card,Female,4,2,Laptop & Accessory,3,Single,6,1,13,1,2,4,188.97,1.0,1.2,4-12 Mos,Far (21-50km)
54728,0,8,Mobile,3,9,UPI,Male,3,4,Laptop & Accessory,1,Single,3,0,23,1,2,5,187.74,1.0,1.2,4-12 Mos,Close (0-10km)
54729,1,19,Mobile,1,9,Credit Card,Male,4,4,Others,5,Married,7,1,14,2,2,5,323.59,1.0,1.2,1-5 Yrs,Close (0-10km)
54730,0,10,Computer,3,15,Debit Card,Male,4,5,Fashion,5,Single,3,0,16,1,2,10,200.87,1.0,1.2,4-12 Mos,Moderate (11-20km)
54731,0,26,Computer,1,26,Credit Card,Male,3,4,Mobile,1,Married,2,0,19,2,2,3,167.58,1.0,1.2,1-5 Yrs,Far (21-50km)
54732,0,1,Computer,1,7,Debit Card,Female,4,6,Mobile,1,Married,5,0,15,3,3,1,168.64,1.0,1.2,0-3 Mos (High Risk),Close (0-10km)
54733,0,3,Mobile,1,34,Credit Card,Female,4,4,Laptop & Accessory,3,Married,6,0,13,1,2,2,168.35,1.0,1.2,0-3 Mos (High Risk),Far (21-50km)
54734,1,1,Mobile,3,15,Cash on Delivery,Male,3,5,Laptop & Accessory,5,Single,8,0,18,1,2,3,178.26,1.0,1.2,0-3 Mos (High Risk),Moderate (11-20km)
54735,0,8,Mobile,1,7,Debit Card,Female,4,2,Mobile,1,Single,4,0,17,2,2,4,157.8,1.0,1.2,4-12 Mos,Close (0-10km)
54736,0,28,Mobile,1,26,Credit Card,Female,4,4,Laptop & Accessory,5,Married,11,1,12,1,2,5,179.85,1.0,1.2,1-5 Yrs,Far (21-50km)
54737,0,1,Computer,3,15,E wallet,Male,3,4,Laptop & Accessory,1,Married,2,0,20,2,2,2,168.42,1.0,1.2,0-3 Mos (High Risk),Moderate (11-20km)
54738,0,11,Mobile,1,17,Debit Card,Female,3,4,Mobile,5,Married,2,1,14,5,5,4,152.82,1.0,1.2,4-12 Mos,Moderate (11-20km)
54739,0,12,Computer,1,9,Debit Card,Female,4,2,Laptop & Accessory,5,Single,8,1,13,1,5,13,184.8,1.0,1.2,4-12 Mos,Close (0-10km)
54740,0,8,Mobile,1,9,Credit Card,Female,3,5,Mobile,5,Single,3,0,12,2,2,4,168.81,1.0,1.2,4-12 Mos,Close (0-10km)
54741,0,9,Mobile,3,15,Debit Card,Female,4,4,Mobile,1,Married,3,0,17,2,2,3,150.72,1.0,1.2,4-12 Mos,Moderate (11-20km)
54742,0,4,Mobile,1,7,Debit Card,Male,3,6,Mobile,3,Married,5,0,22,2,2,3,163.33,1.0,1.2,4-12 Mos,Close (0-10km)
54743,0,14,Computer,1,9,Credit Card,Female,3,2,Laptop & Accessory,4,Married,3,0,25,1,4,8,167.44,1.0,1.2,1-5 Yrs,Close (0-10km)
54744,0,8,Mobile,3,15,Debit Card,Female,4,4,Laptop & Accessory,5,Married,7,0,18,2,2,3,190.0,1.0,1.2,4-12 Mos,Moderate (11-20km)
54745,0,16,Computer,1,15,Debit Card,Male,4,4,Others,1,Married,3,0,15,6,15,10,309.3,1.0,1.2,1-5 Yrs,Moderate (11-20km)
54746,1,1,Mobile,1,13,Debit Card,Male,4,2,Mobile,5,Married,3,1,22,1,2,1,141.01,1.0,1.2,0-3 Mos (High Risk),Moderate (11-20km)
54747,0,1,Computer,1,16,Debit Card,Male,3,5,Mobile,4,Married,3,0,12,1,2,1,151.94,1.0,1.2,0-3 Mos (High Risk),Moderate (11-20km)
54748,0,26,Mobile,1,18,Debit Card,Female,3,4,Laptop & Accessory,3,Married,10,0,21,2,2,5,156.49,1.0,1.2,1-5 Yrs,Moderate (11-20km)
54749,0,24,Mobile,1,9,Credit Card,Male,4,4,Grocery,3,Married,7,0,15,1,2,4,301.39,1.0,1.2,1-5 Yrs,Close (0-10km)
54750,1,1,Mobile,1,7,Debit Card,Female,3,5,Mobile,5,Married,3,1,12,1,2,1,148.19,1.0,1.2,0-3 Mos (High Risk),Close (0-10km)
54751,0,7,Mobile,1,14,Credit Card,Male,3,4,Fashion,3,Married,2,0,12,2,2,8,241.91000000000003,1.0,1.2,4-12 Mos,Moderate (11-20km)
54752,1,1,Mobile,3,23,E wallet,Female,4,4,Laptop & Accessory,5,Single,7,0,16,2,2,3,178.24,1.0,1.2,0-3 Mos (High Risk),Far (21-50km)
54753,0,21,Mobile,1,9,UPI,Female,3,4,Grocery,1,Married,3,1,15,4,4,1,292.52,1.0,1.2,1-5 Yrs,Close (0-10km)
54754,0,10,Mobile,1,7,UPI,Female,3,4,Laptop & Accessory,4,Married,2,0,16,2,2,6,177.28,1.0,1.2,4-12 Mos,Close (0-10km)
54755,0,3,Mobile,1,30,Debit Card,Male,3,2,Mobile,3,Married,3,0,25,2,2,8,152.0,1.0,1.2,0-3 Mos (High Risk),Far (21-50km)
54756,1,21,Mobile,1,9,Debit Card,Male,3,4,Others,4,Single,9,1,15,8,14,9,317.46,3.0,3.5999999999999996,1-5 Yrs,Close (0-10km)
54757,0,9,Mobile,1,7,Debit Card,Female,3,2,Mobile,3,Single,5,0,14,3,3,3,150.06,1.0,1.2,4-12 Mos,Close (0-10km)
54758,0,16,Mobile,1,7,Debit Card,Female,3,5,Laptop & Accessory,1,Married,11,1,14,1,2,3,185.62,1.0,1.2,1-5 Yrs,Close (0-10km)
54759,1,1,Mobile,1,9,Credit Card,Male,3,4,Mobile,3,Single,8,0,18,3,3,2,168.82,1.0,1.2,0-3 Mos (High Risk),Close (0-10km)
54760,0,10,Mobile,2,20,UPI,Male,3,4,Mobile,4,Married,6,0,14,2,2,5,146.43,1.0,1.2,4-12 Mos,Moderate (11-20km)
54761,0,6,Mobile,1,11,Debit Card,Female,4,5,Laptop & Accessory,3,Married,3,0,13,6,7,9,186.62,1.0,1.2,4-12 Mos,Moderate (11-20km)
54762,0,14,Computer,1,23,Credit Card,Male,3,5,Laptop & Accessory,3,Single,8,0,15,1,2,1,175.94,1.0,1.2,1-5 Yrs,Far (21-50km)
54763,0,4,Mobile,1,9,Credit Card,Female,3,5,Laptop & Accessory,1,Single,7,1,25,2,2,1,193.77,1.0,1.2,4-12 Mos,Close (0-10km)
54764,0,19,Mobile,1,9,Debit Card,Female,4,5,Mobile,3,Single,3,0,15,2,2,1,147.74,1.0,1.2,1-5 Yrs,Close (0-10km)
54765,0,16,Mobile,1,36,Debit Card,Male,4,4,Laptop & Accessory,4,Married,3,0,14,6,8,9,169.34,1.0,1.2,1-5 Yrs,Far (21-50km)
54766,0,12,Computer,1,19,Debit Card,Male,1,5,Laptop & Accessory,5,Married,4,0,16,2,2,3,187.88,1.0,1.2,4-12 Mos,Moderate (11-20km)
54767,0,8,Computer,1,23,Debit Card,Female,4,5,Mobile,1,Single,3,0,17,2,2,4,150.53,1.0,1.2,4-12 Mos,Far (21-50km)
54768,1,13,Mobile,3,18,E wallet,Female,3,4,Fashion,1,Married,3,0,19,1,8,8,201.54,1.0,1.2,1-5 Yrs,Moderate (11-20km)
54769,1,19,Mobile,3,9,Credit Card,Male,3,4,Laptop & Accessory,1,Single,6,0,17,2,8,4,176.6,1.0,1.2,1-5 Yrs,Close (0-10km)
54770,0,17,Mobile,1,21,Debit Card,Male,4,4,Grocery,5,Married,8,0,15,2,2,1,296.59,1.0,1.2,1-5 Yrs,Far (21-50km)
54771,0,1,Mobile,1,12,Cash on Delivery,Male,3,5,Fashion,1,Married,3,1,17,2,2,9,253.07999999999998,1.0,1.2,0-3 Mos (High Risk),Moderate (11-20km)
54772,0,9,Mobile,1,14,UPI,Male,3,4,Fashion,3,Single,5,0,22,1,2,3,227.21,1.0,1.2,4-12 Mos,Moderate (11-20km)
54773,0,2,Mobile,3,9,E wallet,Female,3,4,Laptop & Accessory,4,Married,3,1,21,7,8,6,172.79,2.0,2.4,0-3 Mos (High Risk),Close (0-10km)
54774,0,8,Mobile,2,10,UPI,Male,3,4,Mobile,1,Married,2,0,20,2,2,3,162.37,1.0,1.2,4-12 Mos,Close (0-10km)
54775,1,1,Computer,1,12,Credit Card,Female,3,5,Mobile,3,Married,3,1,15,1,2,8,148.66,1.0,1.2,0-3 Mos (High Risk),Moderate (11-20km)
54776,0,1,Computer,1,10,Credit Card,Male,3,4,Mobile,1,Married,3,0,12,1,2,1,142.06,1.0,1.2,0-3 Mos (High Risk),Close (0-10km)
54777,0,25,Mobile,3,33,E wallet,Female,4,4,Grocery,3,Married,4,0,15,1,5,18,288.07,1.0,1.2,1-5 Yrs,Far (21-50km)
54778,0,18,Mobile,1,11,Credit Card,Male,3,4,Laptop & Accessory,4,Single,11,0,13,2,3,4,184.33,1.0,1.2,1-5 Yrs,Moderate (11-20km)
54779,0,1,Mobile,1,9,Credit Card,Male,4,2,Mobile,5,Single,9,0,14,1,2,2,159.24,1.0,1.2,0-3 Mos (High Risk),Close (0-10km)
54780,0,7,Mobile,3,7,Credit Card,Male,3,2,Laptop & Accessory,5,Married,3,0,23,1,2,9,165.37,1.0,1.2,4-12 Mos,Close (0-10km)
54781,0,9,Mobile,1,34,Credit Card,Female,3,5,Mobile,5,Single,3,0,12,1,2,2,150.59,1.0,1.2,4-12 Mos,Far (21-50km)
54782,0,10,Mobile,3,7,Debit Card,Male,3,4,Laptop & Accessory,1,Married,3,1,15,4,5,12,187.01,1.0,1.2,4-12 Mos,Close (0-10km)
54783,0,6,Mobile,3,20,Debit Card,Male,4,4,Laptop & Accessory,1,Married,4,0,12,1,2,4,169.03,1.0,1.2,4-12 Mos,Moderate (11-20km)
54784,0,4,Computer,1,12,Debit Card,Male,4,5,Mobile,1,Married,11,0,13,1,2,4,162.61,1.0,1.2,4-12 Mos,Moderate (11-20km)
54785,0,27,Mobile,3,14,E wallet,Female,4,5,Fashion,1,Married,9,1,19,1,2,5,234.33999999999997,1.0,1.2,1-5 Yrs,Moderate (11-20km)
54786,0,19,Mobile,3,16,E wallet,Male,4,4,Fashion,5,Married,6,1,13,1,2,3,232.61,1.0,1.2,1-5 Yrs,Moderate (11-20km)
54787,0,6,Mobile,1,15,Credit Card,Female,4,2,Laptop & Accessory,3,Married,7,0,13,2,2,4,176.75,1.0,1.2,4-12 Mos,Moderate (11-20km)
54788,0,26,Computer,1,32,Credit Card,Female,3,5,Grocery,1,Married,5,0,23,1,2,1,263.26,1.0,1.2,1-5 Yrs,Far (21-50km)
54789,0,11,Mobile,3,23,E wallet,Male,4,5,Laptop & Accessory,3,Married,6,0,20,2,2,1,188.34,1.0,1.2,4-12 Mos,Far (21-50km)
54790,0,2,Mobile,2,15,Credit Card,Male,4,5,Mobile,1,Married,3,0,14,2,2,5,174.36,1.0,1.2,0-3 Mos (High Risk),Moderate (11-20km)
54791,0,1,Mobile,1,7,Debit Card,Male,3,5,Laptop & Accessory,1,Married,8,0,23,3,3,3,172.75,1.0,1.2,0-3 Mos (High Risk),Close (0-10km)
54792,0,18,Mobile,1,15,Debit Card,Male,4,2,Mobile,1,Married,4,1,25,2,2,3,153.18,1.0,1.2,1-5 Yrs,Moderate (11-20km)
54793,0,16,Computer,1,9,Credit Card,Male,3,4,Mobile,1,Single,7,1,15,2,3,3,150.15,1.0,1.2,1-5 Yrs,Close (0-10km)
54794,0,10,Mobile,2,15,Debit Card,Male,4,5,Mobile,5,Married,2,0,22,1,2,4,148.42,1.0,1.2,4-12 Mos,Moderate (11-20km)
54795,0,1,Mobile,3,10,UPI,Male,4,4,Laptop & Accessory,5,Married,3,1,19,1,2,4,166.94,1.0,1.2,0-3 Mos (High Risk),Close (0-10km)
54796,0,9,Mobile,1,16,Debit Card,Female,4,5,Fashion,3,Married,3,1,21,4,2,16,231.85000000000002,1.0,1.2,4-12 Mos,Moderate (11-20km)
54797,1,1,Computer,1,32,Debit Card,Female,4,4,Mobile,4,Married,3,1,20,7,8,9,145.22,2.0,2.4,0-3 Mos (High Risk),Far (21-50km)
54798,0,6,Computer,1,7,Debit Card,Male,4,4,Mobile,1,Married,2,0,13,2,2,3,148.14,1.0,1.2,4-12 Mos,Close (0-10km)
54799,0,1,Mobile,3,11,E wallet,Male,3,5,Laptop & Accessory,5,Married,3,0,13,2,2,4,167.56,1.0,1.2,0-3 Mos (High Risk),Moderate (11-20km)
54800,0,23,Mobile,1,7,Cash on Delivery,Female,3,4,Mobile,5,Married,4,0,17,1,2,3,160.8,1.0,1.2,1-5 Yrs,Close (0-10km)
54801,0,1,Computer,1,11,Debit Card,Male,3,5,Mobile,1,Married,2,0,18,1,4,5,156.62,1.0,1.2,0-3 Mos (High Risk),Moderate (11-20km)
54802,0,6,Computer,3,12,Debit Card,Male,3,4,Laptop & Accessory,4,Married,3,0,15,3,6,4,190.24,1.0,1.2,4-12 Mos,Moderate (11-20km)
54803,0,12,Mobile,3,16,E wallet,Male,4,5,Mobile,4,Married,2,0,20,1,2,3,153.99,1.0,1.2,4-12 Mos,Moderate (11-20km)
54804,0,16,Mobile,1,10,Debit Card,Female,4,2,Laptop & Accessory,1,Married,4,1,14,2,2,4,177.31,1.0,1.2,1-5 Yrs,Close (0-10km)
54805,0,5,Mobile,1,18,Debit Card,Male,3,4,Mobile,1,Married,5,1,20,1,2,3,148.56,1.0,1.2,4-12 Mos,Moderate (11-20km)
54806,1,1,Mobile,3,7,Credit Card,Female,3,5,Mobile,3,Married,8,1,20,2,2,3,153.0,1.0,1.2,0-3 Mos (High Risk),Close (0-10km)
54807,0,27,Mobile,3,15,E wallet,Male,4,4,Grocery,1,Married,7,0,15,3,4,3,243.36,1.0,1.2,1-5 Yrs,Moderate (11-20km)
54808,0,9,Mobile,1,32,Cash on Delivery,Male,4,5,Fashion,4,Married,5,0,17,3,2,9,234.02999999999997,1.0,1.2,4-12 Mos,Far (21-50km)
54809,0,11,Computer,3,28,Credit Card,Female,3,4,Mobile,1,Married,7,0,16,2,2,1,154.73,1.0,1.2,4-12 Mos,Far (21-50km)
54810,0,27,Mobile,1,30,Debit Card,Female,4,4,Grocery,1,Single,8,0,19,1,4,9,267.75,1.0,1.2,1-5 Yrs,Far (21-50km)
54811,0,17,Computer,1,7,Debit Card,Female,3,4,Laptop & Accessory,1,Married,6,0,14,2,3,3,180.62,1.0,1.2,1-5 Yrs,Close (0-10km)
54812,0,21,Mobile,3,9,E wallet,Female,3,4,Laptop & Accessory,1,Married,2,1,23,4,8,8,170.37,2.0,2.4,1-5 Yrs,Close (0-10km)
54813,0,11,Computer,3,26,Credit Card,Male,3,4,Fashion,4,Single,3,1,14,1,2,10,201.42,1.0,1.2,4-12 Mos,Far (21-50km)
54814,0,24,Computer,1,9,Debit Card,Male,4,4,Grocery,5,Married,3,0,15,14,15,8,304.24,1.0,1.2,1-5 Yrs,Close (0-10km)
54815,0,13,Mobile,2,9,Debit Card,Female,3,5,Laptop & Accessory,1,Married,10,0,12,2,2,5,177.04,1.0,1.2,1-5 Yrs,Close (0-10km)
54816,0,7,Mobile,2,10,UPI,Male,3,4,Mobile,4,Married,5,1,12,1,2,4,147.77,1.0,1.2,4-12 Mos,Close (0-10km)
54817,1,1,Mobile,1,32,Debit Card,Male,3,4,Mobile,1,Single,3,1,25,1,2,2,152.95,1.0,1.2,0-3 Mos (High Risk),Far (21-50km)
54818,0,3,Mobile,1,14,Credit Card,Female,4,5,Mobile,1,Married,8,0,15,2,2,4,150.32,1.0,1.2,0-3 Mos (High Risk),Moderate (11-20km)
54819,0,18,Mobile,1,16,Debit Card,Male,4,4,Mobile,5,Married,3,1,14,6,8,2,150.59,2.0,2.4,1-5 Yrs,Moderate (11-20km)
54820,0,2,Mobile,3,12,Credit Card,Male,4,4,Laptop & Accessory,1,Single,3,0,15,1,2,3,174.08,1.0,1.2,0-3 Mos (High Risk),Moderate (11-20km)
54821,1,21,Computer,1,9,Debit Card,Male,3,5,Mobile,1,Married,11,1,15,2,2,1,148.8,1.0,1.2,1-5 Yrs,Close (0-10km)
54822,0,17,Mobile,1,15,Debit Card,Female,3,4,Laptop & Accessory,4,Married,6,0,22,2,2,1,172.65,1.0,1.2,1-5 Yrs,Moderate (11-20km)
54823,1,1,Mobile,3,9,Credit Card,Female,3,5,Mobile,3,Single,3,0,14,2,2,3,145.44,1.0,1.2,0-3 Mos (High Risk),Close (0-10km)
54824,1,1,Mobile,1,25,UPI,Female,4,4,Mobile,1,Single,3,0,20,2,2,1,151.93,1.0,1.2,0-3 Mos (High Risk),Far (21-50km)
54825,0,10,Mobile,1,21,Debit Card,Male,4,4,Laptop & Accessory,1,Married,2,1,18,3,5,12,190.86,1.0,1.2,4-12 Mos,Far (21-50km)
54826,0,21,Mobile,3,9,Debit Card,Female,4,5,Mobile,1,Single,3,1,19,1,2,3,157.94,1.0,1.2,1-5 Yrs,Close (0-10km)
54827,1,1,Mobile,1,10,Debit Card,Female,3,4,Laptop & Accessory,3,Married,2,1,20,2,2,3,166.71,1.0,1.2,0-3 Mos (High Risk),Close (0-10km)
54828,1,5,Mobile,1,9,Debit Card,Female,3,6,Mobile,1,Married,6,1,14,1,2,1,152.78,1.0,1.2,4-12 Mos,Close (0-10km)
54829,0,2,Mobile,1,16,Credit Card,Female,4,4,Mobile,3,Married,7,0,19,1,3,3,148.77,1.0,1.2,0-3 Mos (High Risk),Moderate (11-20km)
54830,1,3,Mobile,1,13,Credit Card,Male,4,4,Mobile,5,Married,9,1,22,2,3,3,149.04,1.0,1.2,0-3 Mos (High Risk),Moderate (11-20km)
54831,0,1,Mobile,1,11,Debit Card,Female,4,4,Mobile,3,Single,3,0,20,1,2,1,148.18,1.0,1.2,0-3 Mos (High Risk),Moderate (11-20km)
54832,0,8,Mobile,1,17,Debit Card,Male,3,4,Mobile,4,Married,3,0,15,2,2,1,145.08,1.0,1.2,4-12 Mos,Moderate (11-20km)
54833,0,16,Mobile,3,21,Credit Card,Female,4,5,Laptop & Accessory,3,Single,9,0,18,2,2,4,187.44,1.0,1.2,1-5 Yrs,Far (21-50km)
54834,0,7,Mobile,1,7,UPI,Male,4,5,Mobile,5,Single,5,1,12,2,2,3,152.99,1.0,1.2,4-12 Mos,Close (0-10km)
54835,0,31,Mobile,1,12,Cash on Delivery,Female,3,5,Fashion,4,Married,4,1,14,2,2,3,230.52,1.0,1.2,1-5 Yrs,Moderate (11-20km)
54836,0,5,Mobile,3,14,Debit Card,Male,3,5,Mobile,3,Married,5,0,16,3,6,3,148.29,1.0,1.2,4-12 Mos,Moderate (11-20km)
54837,0,9,Mobile,1,28,Debit Card,Female,3,4,Laptop & Accessory,1,Married,3,1,26,1,2,8,165.14,1.0,1.2,4-12 Mos,Far (21-50km)
54838,0,23,Mobile,1,15,UPI,Female,3,4,Fashion,4,Married,6,0,12,1,2,8,199.03,1.0,1.2,1-5 Yrs,Moderate (11-20km)
54839,0,22,Mobile,1,27,Credit Card,Male,3,4,Mobile,3,Married,6,0,18,2,2,1,147.59,1.0,1.2,1-5 Yrs,Far (21-50km)
54840,0,5,Computer,3,27,E wallet,Female,3,4,Laptop & Accessory,3,Married,3,0,14,2,2,1,194.32,1.0,1.2,4-12 Mos,Far (21-50km)
54841,0,10,Mobile,1,14,UPI,Male,4,4,Mobile,1,Single,4,0,19,2,2,2,171.78,1.0,1.2,4-12 Mos,Moderate (11-20km)
54842,0,12,Mobile,1,7,Cash on Delivery,Female,4,4,Fashion,5,Married,3,0,14,5,6,12,260.82,1.0,1.2,4-12 Mos,Close (0-10km)
54843,0,6,Computer,1,7,Debit Card,Female,4,5,Mobile,4,Married,8,0,21,1,2,3,148.32,1.0,1.2,4-12 Mos,Close (0-10km)
54844,1,1,Mobile,3,26,E wallet,Male,3,5,Mobile,4,Married,3,1,19,1,2,1,149.13,1.0,1.2,0-3 Mos (High Risk),Far (21-50km)
54845,0,14,Mobile,3,17,E wallet,Male,4,5,Fashion,4,Married,4,0,13,1,2,3,222.05,1.0,1.2,1-5 Yrs,Moderate (11-20km)
54846,0,1,Computer,3,7,Credit Card,Male,3,5,Laptop & Accessory,5,Single,3,0,13,1,2,8,167.94,1.0,1.2,0-3 Mos (High Risk),Close (0-10km)
54847,0,15,Mobile,1,13,Credit Card,Male,3,4,Mobile,5,Single,4,1,14,2,3,18,172.21,1.0,1.2,1-5 Yrs,Moderate (11-20km)
54848,0,10,Mobile,1,9,Credit Card,Male,4,4,Mobile,3,Single,6,0,22,2,4,10,150.19,1.0,1.2,4-12 Mos,Close (0-10km)
54849,1,1,Mobile,3,28,UPI,Male,3,5,Mobile,4,Single,3,1,14,2,2,1,146.21,1.0,1.2,0-3 Mos (High Risk),Far (21-50km)
54850,1,1,Mobile,1,11,Cash on Delivery,Male,3,4,Mobile,5,Single,3,0,20,2,2,1,154.73,1.0,1.2,0-3 Mos (High Risk),Moderate (11-20km)
54851,0,5,Mobile,1,19,Credit Card,Female,3,4,Laptop & Accessory,1,Married,2,1,12,7,9,6,183.55,2.0,2.4,4-12 Mos,Moderate (11-20km)
54852,0,14,Computer,1,16,Credit Card,Male,3,4,Mobile,4,Married,10,1,15,1,2,1,161.17,1.0,1.2,1-5 Yrs,Moderate (11-20km)
54853,0,6,Mobile,1,10,Credit Card,Female,4,4,Laptop & Accessory,5,Married,3,0,13,2,7,4,192.25,1.0,1.2,4-12 Mos,Close (0-10km)
54854,1,1,Mobile,3,10,Debit Card,Male,3,5,Fashion,1,Married,3,1,12,4,4,3,228.25,1.0,1.2,0-3 Mos (High Risk),Close (0-10km)
54855,0,7,Mobile,1,7,Debit Card,Female,3,5,Laptop & Accessory,1,Single,2,0,15,2,2,5,194.49,1.0,1.2,4-12 Mos,Close (0-10km)
54856,1,1,Mobile,3,7,Debit Card,Male,3,5,Fashion,3,Married,7,0,12,6,12,3,231.08999999999997,1.0,1.2,0-3 Mos (High Risk),Close (0-10km)
54857,0,19,Computer,1,11,Debit Card,Male,3,4,Laptop & Accessory,4,Married,3,0,13,2,2,9,169.47,1.0,1.2,1-5 Yrs,Moderate (11-20km)
54858,0,3,Computer,3,27,Cash on Delivery,Female,3,4,Mobile,1,Married,3,0,16,1,2,3,146.57,1.0,1.2,0-3 Mos (High Risk),Far (21-50km)
54859,0,9,Mobile,3,25,Credit Card,Female,3,4,Laptop & Accessory,3,Married,3,0,17,2,2,1,171.01,1.0,1.2,4-12 Mos,Far (21-50km)
54860,0,26,Mobile,1,7,Debit Card,Male,4,4,Grocery,1,Married,4,0,15,4,8,9,295.99,1.0,1.2,1-5 Yrs,Close (0-10km)
54861,1,21,Mobile,1,9,Cash on Delivery,Male,3,4,Mobile,3,Single,6,0,25,1,2,1,149.79,1.0,1.2,1-5 Yrs,Close (0-10km)
54862,0,27,Mobile,3,9,Credit Card,Male,3,4,Grocery,3,Married,8,0,14,1,16,3,273.52,1.0,1.2,1-5 Yrs,Close (0-10km)
54863,0,4,Mobile,3,15,UPI,Male,4,4,Fashion,3,Married,7,0,12,3,8,8,197.64,1.0,1.2,4-12 Mos,Moderate (11-20km)
54864,0,12,Computer,3,17,Cash on Delivery,Female,3,4,Laptop & Accessory,1,Single,3,1,14,2,2,4,181.66,1.0,1.2,4-12 Mos,Moderate (11-20km)
54865,0,9,Mobile,3,10,Debit Card,Male,4,4,Fashion,1,Married,8,0,14,1,2,9,203.23,1.0,1.2,4-12 Mos,Close (0-10km)
54866,0,13,Mobile,3,9,Debit Card,Male,3,2,Fashion,3,Single,2,0,19,1,2,8,203.8,1.0,1.2,1-5 Yrs,Close (0-10km)
54867,1,4,Computer,3,31,Debit Card,Female,4,2,Grocery,4,Single,6,1,17,2,4,1,256.94,1.0,1.2,4-12 Mos,Far (21-50km)
54868,0,21,Computer,1,23,Credit Card,Male,4,2,Laptop & Accessory,3,Married,3,1,20,2,3,8,175.67,1.0,1.2,1-5 Yrs,Far (21-50km)
54869,0,10,Computer,3,15,Cash on Delivery,Male,3,4,Laptop & Accessory,1,Married,6,0,14,2,2,8,175.79,1.0,1.2,4-12 Mos,Moderate (11-20km)
54870,1,1,Computer,1,16,Credit Card,Male,3,5,Mobile,5,Single,2,1,23,1,2,3,148.21,1.0,1.2,0-3 Mos (High Risk),Moderate (11-20km)
54871,0,7,Computer,3,24,Debit Card,Male,3,4,Grocery,3,Single,3,0,15,6,7,1,299.44,1.0,1.2,4-12 Mos,Far (21-50km)
54872,1,1,Mobile,1,17,Debit Card,Female,4,5,Mobile,5,Single,8,1,21,2,2,1,149.04,1.0,1.2,0-3 Mos (High Risk),Moderate (11-20km)
54873,0,7,Mobile,1,20,Debit Card,Female,3,4,Mobile,1,Single,5,0,19,2,2,3,159.52,1.0,1.2,4-12 Mos,Moderate (11-20km)
54874,0,19,Mobile,1,7,Credit Card,Female,4,4,Mobile,1,Married,5,0,15,2,2,3,147.7,1.0,1.2,1-5 Yrs,Close (0-10km)
54875,0,24,Mobile,1,7,Credit Card,Male,4,4,Grocery,1,Married,11,0,15,1,2,4,298.99,1.0,1.2,1-5 Yrs,Close (0-10km)
54876,0,7,Computer,1,7,UPI,Female,3,2,Laptop & Accessory,4,Married,3,1,14,2,2,3,179.88,1.0,1.2,4-12 Mos,Close (0-10km)
54877,0,15,Computer,1,16,Credit Card,Male,4,4,Others,3,Married,4,0,15,1,2,12,319.19,1.0,1.2,1-5 Yrs,Moderate (11-20km)
54878,0,1,Mobile,1,23,Cash on Delivery,Female,3,4,Mobile,4,Married,11,0,15,3,3,3,153.11,1.0,1.2,0-3 Mos (High Risk),Far (21-50km)
54879,0,19,Computer,1,30,Debit Card,Male,3,4,Laptop & Accessory,5,Married,3,1,16,2,2,9,161.33,1.0,1.2,1-5 Yrs,Far (21-50km)
54880,0,21,Mobile,3,11,Debit Card,Female,3,4,Laptop & Accessory,1,Single,3,1,18,2,2,8,166.63,1.0,1.2,1-5 Yrs,Moderate (11-20km)
54881,1,1,Mobile,1,29,Debit Card,Female,3,4,Mobile,3,Married,6,1,12,1,2,2,146.32,1.0,1.2,0-3 Mos (High Risk),Far (21-50km)
54882,0,24,Mobile,1,31,Debit Card,Male,4,4,Grocery,3,Married,5,1,19,1,2,6,264.73,1.0,1.2,1-5 Yrs,Far (21-50km)
54883,0,12,Computer,1,17,Credit Card,Male,4,4,Mobile,3,Married,2,0,18,1,2,3,151.84,1.0,1.2,4-12 Mos,Moderate (11-20km)
54884,0,20,Mobile,1,14,Credit Card,Male,4,4,Fashion,3,Married,8,0,14,2,2,8,233.45,1.0,1.2,1-5 Yrs,Moderate (11-20km)
54885,0,1,Mobile,1,24,Credit Card,Female,3,5,Laptop & Accessory,3,Married,3,0,16,1,4,3,168.77,1.0,1.2,0-3 Mos (High Risk),Far (21-50km)
54886,1,1,Mobile,1,21,UPI,Male,3,5,Mobile,4,Married,3,1,25,2,2,3,162.43,1.0,1.2,0-3 Mos (High Risk),Far (21-50km)
54887,0,5,Computer,1,7,Debit Card,Female,4,4,Laptop & Accessory,5,Married,3,0,13,2,2,4,166.48,1.0,1.2,4-12 Mos,Close (0-10km)
54888,0,1,Computer,1,12,Debit Card,Male,4,4,Mobile,1,Single,3,0,16,1,2,1,135.51,1.0,1.2,0-3 Mos (High Risk),Moderate (11-20km)
54889,0,28,Mobile,1,24,Cash on Delivery,Female,3,4,Fashion,3,Married,10,0,12,1,2,9,232.39,1.0,1.2,1-5 Yrs,Far (21-50km)
54890,0,9,Mobile,1,32,Credit Card,Female,3,4,Fashion,3,Married,3,1,12,1,11,3,228.88,3.0,3.5999999999999996,4-12 Mos,Far (21-50km)
54891,0,4,Mobile,1,15,Debit Card,Female,4,2,Fashion,5,Married,2,1,13,1,2,8,239.16000000000003,1.0,1.2,4-12 Mos,Moderate (11-20km)
54892,1,1,Mobile,1,18,Credit Card,Female,4,5,Mobile,5,Single,3,1,16,2,2,1,151.0,1.0,1.2,0-3 Mos (High Risk),Moderate (11-20km)
54893,1,1,Computer,1,12,Credit Card,Female,3,4,Mobile,4,Single,2,0,18,1,2,3,149.22,1.0,1.2,0-3 Mos (High Risk),Moderate (11-20km)
54894,0,1,Mobile,1,9,Credit Card,Male,3,2,Laptop & Accessory,1,Married,3,0,13,2,2,4,179.72,1.0,1.2,0-3 Mos (High Risk),Close (0-10km)
54895,0,1,Mobile,1,15,Debit Card,Male,4,6,Mobile,5,Married,3,0,16,1,2,2,149.51,1.0,1.2,0-3 Mos (High Risk),Moderate (11-20km)
54896,0,22,Mobile,1,13,Debit Card,Male,4,5,Laptop & Accessory,3,Single,4,0,14,1,3,3,167.4,1.0,1.2,1-5 Yrs,Moderate (11-20km)
54897,0,22,Mobile,1,11,Debit Card,Male,4,5,Fashion,3,Single,9,0,15,2,2,9,234.99,1.0,1.2,1-5 Yrs,Moderate (11-20km)
54898,0,15,Mobile,1,14,Credit Card,Female,3,4,Laptop & Accessory,3,Single,8,0,15,3,3,2,175.03,1.0,1.2,1-5 Yrs,Moderate (11-20km)
54899,0,13,Mobile,1,7,Debit Card,Female,4,5,Grocery,1,Married,3,0,17,10,4,9,252.42000000000002,1.0,1.2,1-5 Yrs,Close (0-10km)
54900,0,1,Mobile,1,9,Debit Card,Female,3,4,Laptop & Accessory,1,Married,2,0,19,3,3,3,167.27,1.0,1.2,0-3 Mos (High Risk),Close (0-10km)
54901,0,9,Mobile,1,17,UPI,Male,3,4,Mobile,1,Married,3,0,21,1,2,3,164.17,1.0,1.2,4-12 Mos,Moderate (11-20km)
54902,0,1,Mobile,3,12,E wallet,Male,3,4,Others,3,Married,8,0,15,1,2,1,308.03,1.0,1.2,0-3 Mos (High Risk),Moderate (11-20km)
54903,0,24,Mobile,1,16,Debit Card,Male,4,4,Mobile,1,Married,6,0,19,2,2,1,148.8,1.0,1.2,1-5 Yrs,Moderate (11-20km)
54904,0,31,Mobile,1,9,Debit Card,Female,4,5,Grocery,1,Single,5,1,14,1,5,4,262.26,1.0,1.2,1-5 Yrs,Close (0-10km)
54905,1,1,Mobile,1,18,Credit Card,Female,4,6,Laptop & Accessory,4,Married,7,0,16,2,2,1,172.77,1.0,1.2,0-3 Mos (High Risk),Moderate (11-20km)
54906,0,29,Computer,1,25,Credit Card,Male,4,4,Laptop & Accessory,4,Married,5,1,15,3,7,8,188.85,2.0,2.4,1-5 Yrs,Far (21-50km)
54907,0,15,Computer,1,14,Debit Card,Female,3,6,Others,3,Married,3,0,23,6,6,11,324.73,1.0,1.2,1-5 Yrs,Moderate (11-20km)
54908,0,12,Mobile,3,10,Debit Card,Male,3,4,Laptop & Accessory,1,Single,10,1,13,2,2,1,193.61,1.0,1.2,4-12 Mos,Close (0-10km)
54909,1,1,Computer,3,36,Credit Card,Male,4,6,Laptop & Accessory,5,Single,10,0,19,2,3,3,174.69,1.0,1.2,0-3 Mos (High Risk),Far (21-50km)
54910,1,16,Mobile,3,9,E wallet,Female,3,6,Others,1,Married,3,0,16,4,7,10,323.45,1.0,1.2,1-5 Yrs,Close (0-10km)
54911,0,18,Mobile,3,35,Credit Card,Female,3,2,Grocery,1,Married,5,1,19,5,4,12,258.2,1.0,1.2,1-5 Yrs,Far (21-50km)
54912,0,24,Computer,3,7,Debit Card,Female,4,4,Laptop & Accessory,3,Married,2,0,13,1,2,14,188.47,1.0,1.2,1-5 Yrs,Close (0-10km)
54913,1,1,Mobile,1,23,Debit Card,Female,3,2,Mobile,5,Single,3,0,17,4,16,15,152.43,1.0,1.2,0-3 Mos (High Risk),Far (21-50km)
54914,0,13,Computer,1,29,Credit Card,Female,3,4,Fashion,5,Single,3,1,14,2,2,9,233.8,1.0,1.2,1-5 Yrs,Far (21-50km)
54915,0,7,Computer,3,15,Debit Card,Female,3,5,Mobile,1,Single,2,0,20,1,3,3,148.42,1.0,1.2,4-12 Mos,Moderate (11-20km)
54916,0,19,Mobile,3,18,Debit Card,Female,3,4,Grocery,1,Married,5,0,15,1,2,2,301.5,1.0,1.2,1-5 Yrs,Moderate (11-20km)
54917,0,6,Computer,1,36,Credit Card,Female,4,4,Mobile,3,Single,11,0,13,7,8,8,165.25,1.0,1.2,4-12 Mos,Far (21-50km)
54918,0,8,Mobile,3,7,E wallet,Male,4,2,Laptop & Accessory,1,Married,2,0,12,1,2,3,222.25,1.0,1.2,4-12 Mos,Close (0-10km)
54919,0,31,Mobile,3,7,Cash on Delivery,Male,4,4,Fashion,1,Married,5,1,15,2,2,5,244.04000000000002,1.0,1.2,1-5 Yrs,Close (0-10km)
54920,0,19,Mobile,2,31,Credit Card,Male,3,4,Mobile,4,Single,3,0,17,1,2,5,146.77,1.0,1.2,1-5 Yrs,Far (21-50km)
54921,0,27,Computer,3,9,E wallet,Female,3,5,Fashion,4,Married,4,0,13,6,7,13,200.25,1.0,1.2,1-5 Yrs,Close (0-10km)
54922,1,1,Mobile,1,22,UPI,Male,3,4,Laptop & Accessory,3,Married,9,0,15,1,2,1,173.34,1.0,1.2,0-3 Mos (High Risk),Far (21-50km)
54923,1,1,Computer,1,9,Debit Card,Male,3,4,Mobile,5,Married,8,1,15,1,2,3,145.42,1.0,1.2,0-3 Mos (High Risk),Close (0-10km)
54924,0,8,Mobile,3,17,Debit Card,Female,3,4,Mobile,3,Married,3,1,20,1,2,1,147.2,1.0,1.2,4-12 Mos,Moderate (11-20km)
54925,0,2,Mobile,3,17,Credit Card,Male,4,4,Mobile,4,Married,3,0,23,1,2,1,135.52,1.0,1.2,0-3 Mos (High Risk),Moderate (11-20km)
54926,0,12,Computer,1,10,UPI,Male,3,4,Mobile,3,Married,5,0,17,3,3,3,153.21,1.0,1.2,4-12 Mos,Close (0-10km)
54927,0,24,Mobile,1,9,Credit Card,Male,4,4,Others,3,Married,4,1,15,5,8,8,317.37,2.0,2.4,1-5 Yrs,Close (0-10km)
54928,0,11,Mobile,1,10,UPI,Female,3,4,Laptop & Accessory,4,Single,5,0,16,2,2,2,166.07,1.0,1.2,4-12 Mos,Close (0-10km)
54929,0,14,Mobile,3,33,E wallet,Male,4,4,Laptop & Accessory,5,Married,3,0,15,4,8,6,208.96,1.0,1.2,1-5 Yrs,Far (21-50km)
54930,0,1,Computer,1,7,Credit Card,Female,4,5,Mobile,3,Married,3,0,14,1,2,4,145.07,1.0,1.2,0-3 Mos (High Risk),Close (0-10km)
54931,0,20,Mobile,1,7,Credit Card,Male,3,4,Others,1,Married,11,0,15,2,3,3,321.27,1.0,1.2,1-5 Yrs,Close (0-10km)
54932,0,28,Mobile,3,9,Debit Card,Female,3,5,Fashion,3,Married,8,0,12,7,2,1,231.86,1.0,1.2,1-5 Yrs,Close (0-10km)
54933,0,30,Computer,1,16,Credit Card,Female,4,4,Mobile,3,Married,4,0,20,2,2,4,154.42,1.0,1.2,1-5 Yrs,Moderate (11-20km)
54934,0,10,Mobile,1,19,Credit Card,Female,3,5,Fashion,1,Single,2,0,12,6,8,3,213.58,1.0,1.2,4-12 Mos,Moderate (11-20km)
54935,0,29,Computer,1,9,Credit Card,Male,3,5,Grocery,5,Single,9,0,15,3,7,3,292.56,1.0,1.2,1-5 Yrs,Close (0-10km)
54936,0,17,Mobile,3,32,Credit Card,Male,4,5,Fashion,1,Married,7,0,14,2,2,1,232.98000000000002,1.0,1.2,1-5 Yrs,Far (21-50km)
54937,1,1,Computer,3,16,E wallet,Female,3,4,Mobile,1,Single,3,1,15,2,2,3,148.23,1.0,1.2,0-3 Mos (High Risk),Moderate (11-20km)
54938,1,1,Mobile,1,17,Debit Card,Female,3,5,Mobile,5,Single,3,0,14,1,2,1,139.16,1.0,1.2,0-3 Mos (High Risk),Moderate (11-20km)
54939,0,20,Mobile,1,15,Debit Card,Female,4,5,Laptop & Accessory,5,Married,10,1,24,2,2,8,171.15,1.0,1.2,1-5 Yrs,Moderate (11-20km)
54940,1,15,Mobile,1,11,Debit Card,Male,3,4,Mobile,3,Married,11,1,13,1,3,8,149.61,1.0,1.2,1-5 Yrs,Moderate (11-20km)
54941,1,1,Computer,1,31,Cash on Delivery,Male,4,5,Fashion,5,Single,3,0,13,2,2,3,212.22,1.0,1.2,0-3 Mos (High Risk),Far (21-50km)
54942,0,1,Mobile,1,7,Credit Card,Male,3,5,Mobile,5,Married,3,0,17,2,2,4,164.55,1.0,1.2,0-3 Mos (High Risk),Close (0-10km)
54943,0,4,Mobile,1,27,UPI,Male,3,4,Laptop & Accessory,5,Married,2,0,16,1,2,3,224.57,1.0,1.2,4-12 Mos,Far (21-50km)
54944,0,15,Mobile,1,14,Cash on Delivery,Female,3,2,Mobile,3,Married,3,0,14,1,2,9,158.76,1.0,1.2,1-5 Yrs,Moderate (11-20km)
54945,0,12,Mobile,1,24,Debit Card,Female,4,5,Fashion,3,Married,2,0,19,2,2,3,213.23,1.0,1.2,4-12 Mos,Far (21-50km)
54946,0,14,Mobile,1,27,Cash on Delivery,Male,4,4,Fashion,1,Married,6,0,21,4,12,3,228.22,1.0,1.2,1-5 Yrs,Far (21-50km)
54947,0,1,Computer,1,15,Debit Card,Male,3,6,Mobile,3,Married,3,0,20,2,2,3,171.21,1.0,1.2,0-3 Mos (High Risk),Moderate (11-20km)
54948,0,29,Computer,1,9,Debit Card,Male,4,4,Fashion,4,Married,5,0,19,1,2,3,234.76,1.0,1.2,1-5 Yrs,Close (0-10km)
54949,0,2,Mobile,1,17,UPI,Female,3,4,Laptop & Accessory,3,Single,5,0,14,1,2,8,161.6,1.0,1.2,0-3 Mos (High Risk),Moderate (11-20km)
54950,1,8,Mobile,2,7,Credit Card,Male,4,5,Fashion,5,Married,11,0,15,3,4,3,229.82,1.0,1.2,4-12 Mos,Close (0-10km)
54951,0,7,Mobile,1,12,Debit Card,Male,3,5,Fashion,1,Married,6,0,16,2,2,3,196.19,1.0,1.2,4-12 Mos,Moderate (11-20km)
54952,1,1,Mobile,3,11,Cash on Delivery,Male,3,4,Fashion,5,Single,2,1,23,3,5,3,220.82,1.0,1.2,0-3 Mos (High Risk),Moderate (11-20km)
54953,1,1,Computer,1,36,Credit Card,Female,3,5,Laptop & Accessory,3,Single,3,0,23,3,4,9,170.08,1.0,1.2,0-3 Mos (High Risk),Far (21-50km)
54954,0,2,Mobile,1,22,Debit Card,Male,3,4,Mobile,3,Married,3,0,17,1,3,3,147.07,1.0,1.2,0-3 Mos (High Risk),Far (21-50km)
54955,0,8,Computer,1,10,Debit Card,Male,3,4,Laptop & Accessory,1,Single,2,0,18,2,2,5,202.56,1.0,1.2,4-12 Mos,Close (0-10km)
54956,0,11,Mobile,3,17,Debit Card,Female,3,5,Laptop & Accessory,1,Married,4,1,15,2,2,1,191.94,1.0,1.2,4-12 Mos,Moderate (11-20km)
54957,1,1,Mobile,1,11,Cash on Delivery,Male,3,4,Mobile,1,Married,3,1,16,5,6,7,161.91,2.0,2.4,0-3 Mos (High Risk),Moderate (11-20km)
54958,1,1,Mobile,1,28,Credit Card,Male,3,4,Mobile,3,Married,3,0,21,2,2,1,148.77,1.0,1.2,0-3 Mos (High Risk),Far (21-50km)
54959,1,1,Mobile,1,32,Credit Card,Male,3,5,Mobile,4,Single,6,1,21,2,3,3,148.13,1.0,1.2,0-3 Mos (High Risk),Far (21-50km)
54960,0,16,Mobile,1,9,Credit Card,Male,3,4,Grocery,5,Married,2,0,15,6,14,8,301.65,1.0,1.2,1-5 Yrs,Close (0-10km)
54961,1,1,Computer,1,7,Credit Card,Male,3,5,Mobile,4,Married,3,0,16,2,2,1,150.96,1.0,1.2,0-3 Mos (High Risk),Close (0-10km)
54962,1,14,Computer,3,7,UPI,Male,3,4,Laptop & Accessory,3,Single,5,1,15,2,2,1,172.28,1.0,1.2,1-5 Yrs,Close (0-10km)
54963,0,7,Computer,3,14,Debit Card,Female,2,4,Laptop & Accessory,4,Married,2,0,18,1,2,3,168.02,1.0,1.2,4-12 Mos,Moderate (11-20km)
54964,0,8,Computer,1,10,Debit Card,Male,3,5,Mobile,1,Married,5,0,18,1,2,1,154.79,1.0,1.2,4-12 Mos,Close (0-10km)
54965,0,22,Computer,1,7,Credit Card,Male,3,2,Grocery,1,Single,4,0,15,1,3,2,293.85,1.0,1.2,1-5 Yrs,Close (0-10km)
54966,0,19,Computer,3,16,Debit Card,Female,4,5,Laptop & Accessory,3,Married,3,0,14,5,5,13,180.93,1.0,1.2,1-5 Yrs,Moderate (11-20km)
54967,0,26,Mobile,1,6,Debit Card,Male,3,4,Fashion,4,Single,9,0,20,3,5,3,229.45,1.0,1.2,1-5 Yrs,Close (0-10km)
54968,0,12,Mobile,3,17,E wallet,Male,4,5,Fashion,3,Married,2,1,15,2,3,3,212.4,1.0,1.2,4-12 Mos,Moderate (11-20km)
54969,0,3,Mobile,1,35,Debit Card,Female,4,4,Mobile,1,Married,6,0,23,2,2,8,150.14,1.0,1.2,0-3 Mos (High Risk),Far (21-50km)
54970,0,2,Mobile,1,10,Credit Card,Female,4,4,Fashion,4,Married,2,0,18,1,2,8,201.55,1.0,1.2,0-3 Mos (High Risk),Close (0-10km)
54971,0,20,Mobile,3,10,E wallet,Male,3,4,Grocery,3,Married,5,0,15,5,5,10,299.65,1.0,1.2,1-5 Yrs,Close (0-10km)
54972,0,12,Mobile,3,9,E wallet,Male,3,4,Fashion,4,Single,9,0,17,2,2,1,198.51,1.0,1.2,4-12 Mos,Close (0-10km)
54973,0,17,Computer,1,34,Debit Card,Female,3,4,Fashion,5,Married,10,0,12,2,2,2,233.2,1.0,1.2,1-5 Yrs,Far (21-50km)
54974,1,3,Computer,1,9,Debit Card,Male,3,4,Grocery,1,Married,9,0,12,11,4,6,246.69,1.0,1.2,0-3 Mos (High Risk),Close (0-10km)
54975,0,14,Mobile,1,21,Credit Card,Male,3,5,Others,3,Single,3,0,15,4,5,10,321.26,1.0,1.2,1-5 Yrs,Far (21-50km)
54976,0,1,Mobile,1,7,Cash on Delivery,Female,4,5,Mobile,4,Single,3,1,12,2,3,3,145.7,1.0,1.2,0-3 Mos (High Risk),Close (0-10km)
54977,0,13,Computer,1,16,Debit Card,Male,4,4,Laptop & Accessory,4,Single,11,0,16,2,2,4,192.82,1.0,1.2,1-5 Yrs,Moderate (11-20km)
54978,0,10,Computer,1,25,Debit Card,Male,4,4,Laptop & Accessory,1,Single,4,0,21,1,2,10,202.79,1.0,1.2,4-12 Mos,Far (21-50km)
54979,0,5,Computer,3,27,Debit Card,Male,4,2,Mobile,1,Married,2,0,13,3,3,3,152.91,1.0,1.2,4-12 Mos,Far (21-50km)
54980,0,2,Mobile,1,9,Debit Card,Male,4,5,Mobile,4,Married,2,0,18,1,2,5,157.01,1.0,1.2,0-3 Mos (High Risk),Close (0-10km)
54981,0,9,Computer,3,18,E wallet,Male,3,4,Laptop & Accessory,1,Married,3,0,12,2,2,3,174.68,1.0,1.2,4-12 Mos,Moderate (11-20km)
54982,0,23,Mobile,3,15,Cash on Delivery,Male,3,5,Grocery,4,Married,8,0,18,2,4,4,256.2,1.0,1.2,1-5 Yrs,Moderate (11-20km)
54983,0,8,Computer,1,9,Debit Card,Male,4,4,Laptop & Accessory,3,Single,4,0,12,2,2,3,165.33,1.0,1.2,4-12 Mos,Close (0-10km)
54984,0,3,Computer,1,17,Debit Card,Female,4,4,Mobile,4,Married,2,0,15,1,2,2,157.91,1.0,1.2,0-3 Mos (High Risk),Moderate (11-20km)
54985,0,16,Mobile,1,36,Credit Card,Male,3,6,Laptop & Accessory,1,Single,6,0,20,2,2,1,167.72,1.0,1.2,1-5 Yrs,Far (21-50km)
54986,0,3,Mobile,1,15,Credit Card,Male,4,5,Laptop & Accessory,1,Married,3,1,16,2,2,3,175.56,1.0,1.2,0-3 Mos (High Risk),Moderate (11-20km)
54987,0,12,Mobile,2,7,UPI,Male,3,2,Mobile,3,Married,3,0,14,4,6,1,153.44,1.0,1.2,4-12 Mos,Close (0-10km)
54988,0,2,Computer,1,13,Debit Card,Male,3,5,Mobile,3,Married,3,1,15,2,2,3,152.03,1.0,1.2,0-3 Mos (High Risk),Moderate (11-20km)
54989,1,1,Computer,1,15,Credit Card,Male,4,4,Mobile,3,Single,3,0,13,2,2,1,144.04,1.0,1.2,0-3 Mos (High Risk),Moderate (11-20km)
54990,1,1,Mobile,3,16,E wallet,Female,4,4,Laptop & Accessory,5,Single,5,1,18,1,2,4,207.24,1.0,1.2,0-3 Mos (High Risk),Moderate (11-20km)
54991,0,15,Mobile,1,19,Debit Card,Male,3,4,Mobile,1,Married,5,1,12,2,2,1,172.66,1.0,1.2,1-5 Yrs,Moderate (11-20km)
54992,1,1,Computer,1,22,Credit Card,Male,4,4,Mobile,3,Married,3,0,13,2,3,3,151.1,1.0,1.2,0-3 Mos (High Risk),Far (21-50km)
54993,0,11,Mobile,1,32,Credit Card,Female,3,5,Laptop & Accessory,1,Married,9,0,14,2,2,4,182.31,1.0,1.2,4-12 Mos,Far (21-50km)
54994,0,1,Mobile,1,13,Debit Card,Male,3,5,Mobile,3,Married,3,0,14,2,3,3,150.39,1.0,1.2,0-3 Mos (High Risk),Moderate (11-20km)
54995,0,8,Mobile,3,16,Debit Card,Female,4,4,Laptop & Accessory,3,Married,3,0,21,1,2,4,182.14,1.0,1.2,4-12 Mos,Moderate (11-20km)
54996,0,9,Mobile,2,15,Cash on Delivery,Male,4,4,Mobile,3,Single,3,0,18,1,2,5,168.23,1.0,1.2,4-12 Mos,Moderate (11-20km)
54997,1,1,Mobile,3,30,Debit Card,Female,3,5,Fashion,5,Married,3,0,14,2,4,11,198.36,1.0,1.2,0-3 Mos (High Risk),Far (21-50km)
54998,0,14,Computer,1,16,Credit Card,Female,3,4,Fashion,3,Single,11,0,18,2,2,14,259.99,1.0,1.2,1-5 Yrs,Moderate (11-20km)
54999,1,6,Computer,3,19,Debit Card,Male,3,4,Grocery,5,Single,2,1,13,1,14,15,262.58,3.0,3.5999999999999996,4-12 Mos,Moderate (11-20km)
55000,0,16,Mobile,3,11,E wallet,Male,3,4,Laptop & Accessory,5,Single,9,0,14,2,2,6,176.55,1.0,1.2,1-5 Yrs,Moderate (11-20km)
55001,0,9,Mobile,1,7,Credit Card,Male,3,5,Mobile,3,Married,8,0,13,2,2,8,147.58,1.0,1.2,4-12 Mos,Close (0-10km)
55002,0,1,Mobile,1,31,Credit Card,Male,3,4,Mobile,4,Single,10,0,23,1,2,3,160.97,1.0,1.2,0-3 Mos (High Risk),Far (21-50km)
55003,1,1,Mobile,1,19,Debit Card,Female,4,4,Mobile,1,Married,3,1,12,2,2,1,150.15,1.0,1.2,0-3 Mos (High Risk),Moderate (11-20km)
55004,0,1,Mobile,1,10,Credit Card,Male,3,2,Mobile,1,Married,3,0,23,2,2,8,169.2,1.0,1.2,0-3 Mos (High Risk),Close (0-10km)
55005,0,4,Mobile,3,17,E wallet,Male,4,5,Laptop & Accessory,3,Married,3,0,19,1,2,5,190.78,1.0,1.2,4-12 Mos,Moderate (11-20km)
55006,0,14,Computer,1,33,Credit Card,Female,4,5,Laptop & Accessory,1,Married,5,1,14,1,2,1,169.22,1.0,1.2,1-5 Yrs,Far (21-50km)
55007,0,9,Mobile,1,9,Debit Card,Male,3,5,Fashion,4,Married,4,0,19,3,7,3,227.74,1.0,1.2,4-12 Mos,Close (0-10km)
55008,0,8,Computer,1,8,Credit Card,Male,4,5,Laptop & Accessory,5,Single,2,0,21,1,5,10,178.43,1.0,1.2,4-12 Mos,Close (0-10km)
55009,0,9,Computer,1,11,UPI,Male,3,5,Mobile,1,Married,3,0,14,2,3,3,148.76,1.0,1.2,4-12 Mos,Moderate (11-20km)
55010,1,7,Mobile,3,16,E wallet,Female,3,6,Laptop & Accessory,3,Single,10,0,14,1,2,4,178.46,1.0,1.2,4-12 Mos,Moderate (11-20km)
55011,0,6,Computer,3,9,Debit Card,Female,4,4,Mobile,5,Married,3,0,13,2,2,1,153.27,1.0,1.2,4-12 Mos,Close (0-10km)
55012,0,30,Mobile,1,11,Cash on Delivery,Female,4,4,Others,5,Married,6,0,14,5,5,3,324.43,1.0,1.2,1-5 Yrs,Moderate (11-20km)
55013,0,3,Mobile,1,13,Credit Card,Female,3,4,Mobile,1,Married,3,0,14,1,2,9,156.31,1.0,1.2,0-3 Mos (High Risk),Moderate (11-20km)
55014,0,1,Mobile,1,16,Debit Card,Male,3,4,Mobile,5,Single,3,0,26,1,2,1,150.52,1.0,1.2,0-3 Mos (High Risk),Moderate (11-20km)
55015,0,19,Mobile,1,14,Credit Card,Female,3,4,Mobile,3,Married,6,1,20,1,2,3,169.77,1.0,1.2,1-5 Yrs,Moderate (11-20km)
55016,0,11,Mobile,1,8,Debit Card,Female,3,5,Laptop & Accessory,1,Married,3,0,14,1,4,12,189.74,1.0,1.2,4-12 Mos,Close (0-10km)
55017,0,1,Mobile,1,6,Debit Card,Male,3,5,Mobile,3,Single,3,0,13,1,2,3,155.33,1.0,1.2,0-3 Mos (High Risk),Close (0-10km)
55018,1,8,Mobile,1,17,Debit Card,Male,4,4,Mobile,3,Single,3,1,12,2,2,3,154.36,1.0,1.2,4-12 Mos,Moderate (11-20km)
55019,0,27,Mobile,1,14,Credit Card,Female,3,4,Others,3,Married,5,0,15,4,5,8,311.06,1.0,1.2,1-5 Yrs,Moderate (11-20km)
55020,0,3,Mobile,1,22,Debit Card,Female,4,6,Mobile,1,Married,2,1,19,2,2,4,146.68,1.0,1.2,0-3 Mos (High Risk),Far (21-50km)
55021,1,1,Computer,1,10,Debit Card,Male,3,5,Mobile,1,Married,2,1,12,1,2,1,153.53,1.0,1.2,0-3 Mos (High Risk),Close (0-10km)
55022,0,20,Mobile,3,9,E wallet,Female,4,4,Grocery,5,Married,10,0,15,7,16,10,295.48,1.0,1.2,1-5 Yrs,Close (0-10km)
55023,0,18,Computer,1,24,Debit Card,Male,4,6,Mobile,3,Single,4,0,14,2,2,1,147.9,1.0,1.2,1-5 Yrs,Far (21-50km)
55024,0,7,Mobile,2,9,UPI,Male,4,4,Mobile,3,Married,3,0,14,2,2,5,161.0,1.0,1.2,4-12 Mos,Close (0-10km)
55025,1,5,Computer,1,12,Debit Card,Male,4,5,Mobile,5,Married,8,0,18,1,2,1,146.07,1.0,1.2,4-12 Mos,Moderate (11-20km)
55026,0,4,Mobile,3,36,Debit Card,Male,4,4,Laptop & Accessory,5,Married,10,0,20,2,2,4,166.15,1.0,1.2,4-12 Mos,Far (21-50km)
55027,0,14,Computer,3,9,Credit Card,Male,4,4,Laptop & Accessory,4,Married,7,0,13,2,2,1,168.27,1.0,1.2,1-5 Yrs,Close (0-10km)
55028,0,24,Computer,1,9,Credit Card,Female,2,4,Grocery,5,Married,4,0,15,1,3,3,303.56,1.0,1.2,1-5 Yrs,Close (0-10km)
55029,0,2,Mobile,1,26,Credit Card,Male,4,5,Mobile,5,Married,3,0,13,2,4,4,156.96,1.0,1.2,0-3 Mos (High Risk),Far (21-50km)
55030,0,20,Mobile,1,22,Debit Card,Male,3,4,Others,4,Married,7,0,15,2,2,4,315.81,1.0,1.2,1-5 Yrs,Far (21-50km)
55031,0,9,Mobile,3,24,Debit Card,Male,4,4,Laptop & Accessory,5,Married,5,1,16,1,2,3,214.66,1.0,1.2,4-12 Mos,Far (21-50km)
55032,1,1,Mobile,1,24,Debit Card,Female,4,4,Mobile,4,Married,3,0,14,2,2,1,147.1,1.0,1.2,0-3 Mos (High Risk),Far (21-50km)
55033,0,7,Computer,3,32,Credit Card,Female,3,4,Laptop & Accessory,3,Married,3,0,13,1,2,2,170.39,1.0,1.2,4-12 Mos,Far (21-50km)
55034,0,10,Mobile,1,13,Debit Card,Male,3,6,Mobile,3,Married,3,0,15,2,2,8,152.41,1.0,1.2,4-12 Mos,Moderate (11-20km)
55035,0,4,Mobile,1,14,Debit Card,Male,3,4,Laptop & Accessory,3,Married,3,0,14,5,9,10,159.91,1.0,1.2,4-12 Mos,Moderate (11-20km)
55036,0,18,Mobile,1,36,UPI,Male,3,4,Laptop & Accessory,1,Single,3,0,26,7,14,18,170.41,1.0,1.2,1-5 Yrs,Far (21-50km)
55037,0,1,Mobile,3,28,E wallet,Male,3,2,Mobile,1,Single,3,0,18,3,3,3,151.78,1.0,1.2,0-3 Mos (High Risk),Far (21-50km)
55038,0,20,Mobile,1,9,Cash on Delivery,Male,3,4,Laptop & Accessory,1,Married,4,0,12,1,2,5,198.79,1.0,1.2,1-5 Yrs,Close (0-10km)
55039,0,16,Computer,2,9,Credit Card,Male,4,2,Laptop & Accessory,5,Married,9,0,17,2,2,4,187.72,1.0,1.2,1-5 Yrs,Close (0-10km)
55040,0,31,Mobile,3,14,E wallet,Male,3,2,Laptop & Accessory,1,Married,2,1,19,1,2,10,177.2,1.0,1.2,1-5 Yrs,Moderate (11-20km)
55041,0,6,Computer,1,20,UPI,Female,4,5,Mobile,4,Married,3,0,21,3,3,3,159.0,1.0,1.2,4-12 Mos,Moderate (11-20km)
55042,0,6,Computer,1,9,Debit Card,Female,3,4,Laptop & Accessory,3,Single,6,1,15,2,2,8,174.98,1.0,1.2,4-12 Mos,Close (0-10km)
55043,0,10,Mobile,1,8,Cash on Delivery,Female,4,6,Fashion,5,Married,4,1,22,8,8,3,227.52,2.0,2.4,4-12 Mos,Close (0-10km)
55044,0,7,Mobile,1,16,Credit Card,Male,3,4,Mobile,1,Married,2,0,14,1,5,11,152.81,1.0,1.2,4-12 Mos,Moderate (11-20km)
55045,0,14,Mobile,3,17,Cash on Delivery,Female,3,5,Laptop & Accessory,4,Married,9,0,13,2,2,4,193.52,1.0,1.2,1-5 Yrs,Moderate (11-20km)
55046,0,1,Mobile,3,17,Debit Card,Male,3,4,Laptop & Accessory,1,Single,2,0,15,2,2,2,174.5,1.0,1.2,0-3 Mos (High Risk),Moderate (11-20km)
55047,0,4,Mobile,1,8,Credit Card,Male,4,4,Mobile,4,Married,2,1,22,4,6,8,160.79,2.0,2.4,4-12 Mos,Close (0-10km)
55048,0,16,Computer,1,33,Credit Card,Female,3,4,Fashion,5,Married,5,1,18,1,2,1,256.91,1.0,1.2,1-5 Yrs,Far (21-50km)
55049,0,9,Computer,3,15,E wallet,Female,4,5,Fashion,1,Married,6,1,12,4,5,3,228.77,1.0,1.2,4-12 Mos,Moderate (11-20km)
55050,0,1,Mobile,1,21,Debit Card,Male,3,4,Mobile,5,Married,3,1,15,6,7,9,147.35,2.0,2.4,0-3 Mos (High Risk),Far (21-50km)
55051,0,28,Computer,1,8,Debit Card,Female,3,4,Fashion,3,Married,9,0,18,1,2,3,230.02,1.0,1.2,1-5 Yrs,Close (0-10km)
55052,0,18,Mobile,1,9,Debit Card,Female,4,2,Mobile,1,Married,3,0,14,2,8,8,145.11,1.0,1.2,1-5 Yrs,Close (0-10km)
55053,1,1,Computer,1,17,Credit Card,Female,4,5,Mobile,4,Single,3,1,26,1,2,1,143.59,1.0,1.2,0-3 Mos (High Risk),Moderate (11-20km)
55054,0,3,Mobile,1,8,Debit Card,Female,4,4,Mobile,1,Married,3,0,16,2,2,3,162.6,1.0,1.2,0-3 Mos (High Risk),Close (0-10km)
55055,0,28,Mobile,1,10,Debit Card,Male,3,4,Grocery,1,Married,5,0,15,1,2,10,302.79,1.0,1.2,1-5 Yrs,Close (0-10km)
55056,0,5,Mobile,1,18,Credit Card,Male,4,4,Laptop & Accessory,5,Married,3,1,13,2,2,2,193.33,1.0,1.2,4-12 Mos,Moderate (11-20km)
55057,0,5,Mobile,1,31,Credit Card,Female,4,5,Laptop & Accessory,5,Single,3,0,20,2,2,9,193.12,1.0,1.2,4-12 Mos,Far (21-50km)
55058,0,31,Mobile,3,10,Debit Card,Female,3,5,Laptop & Accessory,1,Single,7,0,18,1,2,6,176.71,1.0,1.2,1-5 Yrs,Close (0-10km)
55059,0,17,Mobile,1,10,Debit Card,Male,4,6,Others,1,Married,5,0,15,2,2,8,322.4,1.0,1.2,1-5 Yrs,Close (0-10km)
55060,0,23,Mobile,1,11,Credit Card,Male,3,5,Others,3,Married,4,0,15,1,2,1,312.11,1.0,1.2,1-5 Yrs,Moderate (11-20km)
55061,0,10,Computer,1,10,Cash on Delivery,Male,3,4,Mobile,4,Married,3,0,13,1,2,8,161.92,1.0,1.2,4-12 Mos,Close (0-10km)
55062,0,22,Mobile,1,9,Cash on Delivery,Male,4,2,Mobile,4,Single,7,0,12,1,2,1,150.59,1.0,1.2,1-5 Yrs,Close (0-10km)
55063,0,1,Mobile,1,11,Debit Card,Male,4,4,Mobile,3,Married,3,0,12,2,2,4,150.17,1.0,1.2,0-3 Mos (High Risk),Moderate (11-20km)
55064,0,3,Mobile,1,14,Debit Card,Male,3,4,Laptop & Accessory,1,Married,3,1,12,2,2,1,191.23,1.0,1.2,0-3 Mos (High Risk),Moderate (11-20km)
55065,0,22,Mobile,1,8,Debit Card,Male,4,5,Others,1,Single,8,0,15,2,2,1,307.65,1.0,1.2,1-5 Yrs,Close (0-10km)
55066,0,3,Mobile,1,8,Debit Card,Female,3,5,Grocery,1,Married,5,0,15,1,2,8,286.24,1.0,1.2,0-3 Mos (High Risk),Close (0-10km)
55067,0,8,Mobile,1,27,Cash on Delivery,Female,3,2,Mobile,3,Married,2,0,18,2,2,1,150.85,1.0,1.2,4-12 Mos,Far (21-50km)
55068,0,18,Mobile,3,12,E wallet,Male,3,4,Others,4,Married,9,0,15,2,4,11,307.13,1.0,1.2,1-5 Yrs,Moderate (11-20km)
55069,0,7,Mobile,3,17,E wallet,Male,3,2,Fashion,3,Married,2,1,15,1,2,9,208.8,1.0,1.2,4-12 Mos,Moderate (11-20km)
55070,0,1,Mobile,1,32,Debit Card,Female,3,2,Mobile,1,Single,3,1,13,1,2,2,154.94,1.0,1.2,0-3 Mos (High Risk),Far (21-50km)
55071,0,1,Mobile,1,8,Debit Card,Male,3,4,Mobile,3,Married,3,0,23,2,2,2,137.23,1.0,1.2,0-3 Mos (High Risk),Close (0-10km)
55072,1,1,Computer,3,31,Debit Card,Male,4,6,Mobile,1,Single,3,1,15,2,2,1,136.18,1.0,1.2,0-3 Mos (High Risk),Far (21-50km)
55073,0,1,Mobile,1,11,Debit Card,Male,3,4,Mobile,1,Single,3,1,21,3,3,3,153.75,1.0,1.2,0-3 Mos (High Risk),Moderate (11-20km)
55074,1,9,Mobile,3,9,E wallet,Female,4,6,Others,4,Single,4,1,15,2,2,12,313.24,1.0,1.2,4-12 Mos,Close (0-10km)
55075,0,29,Computer,1,15,Credit Card,Male,3,5,Grocery,4,Married,3,1,16,3,16,1,260.77,4.0,4.8,1-5 Yrs,Moderate (11-20km)
55076,1,1,Computer,1,17,Debit Card,Female,3,5,Mobile,3,Single,3,0,21,2,3,3,151.25,1.0,1.2,0-3 Mos (High Risk),Moderate (11-20km)
55077,0,20,Mobile,3,11,E wallet,Female,3,5,Others,4,Married,4,0,15,2,2,9,312.89,1.0,1.2,1-5 Yrs,Moderate (11-20km)
55078,0,8,Mobile,3,9,E wallet,Female,3,4,Laptop & Accessory,5,Single,2,1,13,2,2,3,170.38,1.0,1.2,4-12 Mos,Close (0-10km)
55079,0,25,Computer,3,16,Debit Card,Male,3,4,Others,4,Married,6,1,25,7,12,11,323.47,3.0,3.5999999999999996,1-5 Yrs,Moderate (11-20km)
55080,0,31,Mobile,1,25,Credit Card,Male,4,4,Fashion,1,Single,8,0,13,4,6,3,230.12,1.0,1.2,1-5 Yrs,Far (21-50km)
55081,0,8,Computer,1,26,Credit Card,Female,3,4,Laptop & Accessory,4,Married,6,0,14,1,6,11,169.44,1.0,1.2,4-12 Mos,Far (21-50km)
55082,0,2,Computer,1,8,Credit Card,Male,3,4,Mobile,3,Single,2,1,12,2,2,3,146.54,1.0,1.2,0-3 Mos (High Risk),Close (0-10km)
55083,0,18,Mobile,1,11,Debit Card,Male,4,2,Others,5,Married,3,0,15,3,15,14,316.9,1.0,1.2,1-5 Yrs,Moderate (11-20km)
55084,0,8,Computer,2,18,Debit Card,Male,3,5,Laptop & Accessory,4,Married,6,0,12,1,2,9,169.9,1.0,1.2,4-12 Mos,Moderate (11-20km)
55085,0,9,Mobile,1,13,Debit Card,Male,4,4,Mobile,3,Married,2,1,15,2,3,3,160.06,1.0,1.2,4-12 Mos,Moderate (11-20km)
55086,0,16,Mobile,1,14,Credit Card,Female,4,2,Laptop & Accessory,4,Married,8,1,17,1,2,1,148.72,1.0,1.2,1-5 Yrs,Moderate (11-20km)
55087,0,17,Mobile,3,11,E wallet,Female,3,5,Fashion,1,Single,5,0,15,11,16,3,227.31,1.0,1.2,1-5 Yrs,Moderate (11-20km)
55088,0,10,Mobile,1,9,Debit Card,Female,3,4,Laptop & Accessory,4,Single,11,1,12,5,6,13,179.1,2.0,2.4,4-12 Mos,Close (0-10km)
55089,1,8,Mobile,1,22,Credit Card,Female,4,4,Fashion,1,Married,3,0,12,1,2,6,204.78,1.0,1.2,4-12 Mos,Far (21-50km)
55090,0,2,Computer,1,9,Debit Card,Male,3,5,Mobile,1,Married,3,1,13,1,3,3,163.67,1.0,1.2,0-3 Mos (High Risk),Close (0-10km)
55091,0,25,Computer,1,13,Credit Card,Female,3,5,Mobile,3,Single,2,0,15,4,8,8,153.38,1.0,1.2,1-5 Yrs,Moderate (11-20km)
55092,0,4,Computer,1,16,Credit Card,Female,4,4,Laptop & Accessory,3,Single,9,1,19,1,2,8,171.95,1.0,1.2,4-12 Mos,Moderate (11-20km)
55093,1,1,Mobile,1,14,Cash on Delivery,Female,3,4,Mobile,3,Married,5,1,14,5,8,8,158.39,2.0,2.4,0-3 Mos (High Risk),Moderate (11-20km)
55094,0,2,Mobile,1,8,Cash on Delivery,Male,3,4,Mobile,5,Single,4,0,12,2,2,3,145.8,1.0,1.2,0-3 Mos (High Risk),Close (0-10km)
55095,0,1,Mobile,1,8,Credit Card,Female,3,4,Mobile,4,Single,3,0,19,2,3,2,145.96,1.0,1.2,0-3 Mos (High Risk),Close (0-10km)
55096,0,6,Mobile,3,15,Credit Card,Male,3,2,Laptop & Accessory,1,Married,3,0,16,1,2,9,187.09,1.0,1.2,4-12 Mos,Moderate (11-20km)
55097,0,19,Computer,1,32,Credit Card,Female,3,4,Others,4,Single,5,0,15,1,2,1,305.61,1.0,1.2,1-5 Yrs,Far (21-50km)
55098,0,13,Mobile,1,20,Credit Card,Female,4,5,Grocery,4,Married,8,1,15,11,16,3,296.23,4.0,4.8,1-5 Yrs,Moderate (11-20km)
55099,0,31,Mobile,1,30,Debit Card,Male,3,4,Mobile,3,Married,3,0,13,2,3,3,148.72,1.0,1.2,1-5 Yrs,Far (21-50km)
55100,1,1,Mobile,1,14,Debit Card,Male,4,4,Laptop & Accessory,3,Married,3,0,19,1,2,2,173.83,1.0,1.2,0-3 Mos (High Risk),Moderate (11-20km)
55101,1,3,Mobile,1,30,Credit Card,Male,4,4,Mobile,5,Single,2,0,14,1,2,4,164.04,1.0,1.2,0-3 Mos (High Risk),Far (21-50km)
55102,0,4,Mobile,1,13,Cash on Delivery,Female,3,5,Laptop & Accessory,1,Married,2,0,13,6,7,8,171.27,1.0,1.2,4-12 Mos,Moderate (11-20km)
55103,0,10,Mobile,1,17,Cash on Delivery,Female,4,4,Fashion,3,Married,5,0,13,2,2,8,195.94,1.0,1.2,4-12 Mos,Moderate (11-20km)
55104,0,20,Mobile,2,8,Debit Card,Female,3,4,Mobile,5,Single,8,0,13,3,6,8,159.23,1.0,1.2,1-5 Yrs,Close (0-10km)
55105,0,2,Computer,1,8,Debit Card,Female,3,6,Laptop & Accessory,1,Married,2,0,12,8,8,6,191.74,1.0,1.2,0-3 Mos (High Risk),Close (0-10km)
55106,0,24,Mobile,1,35,Debit Card,Female,3,4,Grocery,5,Married,6,1,15,1,2,3,293.8,1.0,1.2,1-5 Yrs,Far (21-50km)
55107,1,4,Mobile,3,32,E wallet,Male,3,5,Fashion,4,Single,4,1,13,2,2,3,215.94,1.0,1.2,4-12 Mos,Far (21-50km)
55108,1,16,Mobile,3,12,Debit Card,Male,4,4,Fashion,4,Single,11,1,20,8,8,3,209.46,2.0,2.4,1-5 Yrs,Moderate (11-20km)
55109,0,4,Mobile,1,24,Credit Card,Female,4,4,Fashion,5,Married,3,1,24,2,2,9,244.16000000000003,1.0,1.2,4-12 Mos,Far (21-50km)
55110,0,13,Mobile,1,25,Debit Card,Male,3,4,Laptop & Accessory,3,Single,2,0,12,2,2,8,170.34,1.0,1.2,1-5 Yrs,Far (21-50km)
55111,0,5,Computer,3,9,Debit Card,Female,3,4,Fashion,3,Married,3,1,20,9,10,3,223.52,2.0,2.4,4-12 Mos,Close (0-10km)
55112,0,15,Computer,3,17,Credit Card,Male,3,6,Laptop & Accessory,4,Single,3,0,14,4,12,10,186.51,1.0,1.2,1-5 Yrs,Moderate (11-20km)
55113,1,1,Computer,3,8,Debit Card,Female,3,4,Mobile,4,Single,3,1,12,3,3,3,148.02,1.0,1.2,0-3 Mos (High Risk),Close (0-10km)
55114,1,8,Mobile,1,10,Debit Card,Male,3,4,Mobile,5,Married,6,0,13,2,2,3,148.62,1.0,1.2,4-12 Mos,Close (0-10km)
55115,0,16,Computer,1,9,Debit Card,Male,3,4,Grocery,3,Married,2,1,15,1,3,11,303.61,1.0,1.2,1-5 Yrs,Close (0-10km)
55116,0,29,Mobile,1,9,Credit Card,Female,3,6,Others,3,Married,6,0,15,5,10,12,316.87,1.0,1.2,1-5 Yrs,Close (0-10km)
55117,0,30,Mobile,2,15,Debit Card,Male,4,4,Others,4,Single,8,0,15,3,8,8,322.17,1.0,1.2,1-5 Yrs,Moderate (11-20km)
55118,0,14,Computer,1,23,Debit Card,Male,4,4,Mobile,3,Married,11,0,17,2,2,1,160.44,1.0,1.2,1-5 Yrs,Far (21-50km)
55119,0,8,Mobile,1,16,Debit Card,Male,3,4,Fashion,1,Married,2,0,12,1,2,3,210.0,1.0,1.2,4-12 Mos,Moderate (11-20km)
55120,0,14,Mobile,1,9,Debit Card,Male,4,4,Laptop & Accessory,1,Single,3,0,14,4,9,9,171.61,1.0,1.2,1-5 Yrs,Close (0-10km)
55121,0,15,Computer,3,8,E wallet,Female,4,4,Laptop & Accessory,5,Married,2,0,18,1,2,8,166.03,1.0,1.2,1-5 Yrs,Close (0-10km)
55122,0,9,Computer,1,11,Debit Card,Male,3,4,Laptop & Accessory,3,Single,3,1,12,2,2,2,167.49,1.0,1.2,4-12 Mos,Moderate (11-20km)
55123,0,25,Mobile,2,12,Debit Card,Male,3,4,Grocery,4,Married,3,1,12,1,2,11,265.26,1.0,1.2,1-5 Yrs,Moderate (11-20km)
55124,0,12,Mobile,3,9,Debit Card,Female,3,4,Laptop & Accessory,5,Married,5,0,16,1,2,8,193.93,1.0,1.2,4-12 Mos,Close (0-10km)
55125,0,8,Mobile,3,22,Credit Card,Female,4,4,Laptop & Accessory,5,Single,3,0,13,5,10,7,186.25,1.0,1.2,4-12 Mos,Far (21-50km)
55126,0,1,Mobile,1,26,Credit Card,Male,4,4,Mobile,1,Married,5,0,12,1,2,3,161.69,1.0,1.2,0-3 Mos (High Risk),Far (21-50km)
55127,1,21,Mobile,1,14,Credit Card,Female,3,5,Fashion,5,Married,9,1,15,2,6,3,225.08,2.0,2.4,1-5 Yrs,Moderate (11-20km)
55128,0,14,Mobile,1,8,Debit Card,Male,3,4,Mobile,4,Married,5,0,23,2,2,4,148.87,1.0,1.2,1-5 Yrs,Close (0-10km)
55129,0,10,Computer,3,14,E wallet,Female,3,2,Laptop & Accessory,5,Married,4,0,17,6,7,14,171.39,1.0,1.2,4-12 Mos,Moderate (11-20km)
55130,0,22,Mobile,1,11,Debit Card,Male,3,4,Fashion,1,Single,3,0,12,2,2,9,203.98,1.0,1.2,1-5 Yrs,Moderate (11-20km)
55131,0,1,Mobile,3,18,Credit Card,Female,4,2,Mobile,1,Married,10,0,15,1,2,1,150.34,1.0,1.2,0-3 Mos (High Risk),Moderate (11-20km)
55132,0,25,Mobile,1,18,Cash on Delivery,Female,3,5,Grocery,4,Single,5,0,17,1,4,4,256.42,1.0,1.2,1-5 Yrs,Moderate (11-20km)
55133,0,1,Computer,1,8,Debit Card,Female,4,4,Mobile,1,Single,3,0,16,2,2,1,141.11,1.0,1.2,0-3 Mos (High Risk),Close (0-10km)
55134,0,9,Mobile,1,8,Credit Card,Female,3,5,Laptop & Accessory,1,Married,2,0,13,1,2,1,178.63,1.0,1.2,4-12 Mos,Close (0-10km)
55135,0,1,Computer,3,9,Debit Card,Male,3,6,Laptop & Accessory,1,Single,5,0,21,1,2,1,175.71,1.0,1.2,0-3 Mos (High Risk),Close (0-10km)
55136,1,19,Mobile,3,20,E wallet,Male,3,2,Grocery,3,Single,8,1,18,1,4,9,261.95,1.0,1.2,1-5 Yrs,Moderate (11-20km)
55137,0,30,Mobile,1,30,Debit Card,Male,4,4,Grocery,4,Married,6,1,13,14,4,10,259.02,1.0,1.2,1-5 Yrs,Far (21-50km)
55138,0,8,Computer,1,33,Cash on Delivery,Female,4,5,Mobile,3,Married,3,0,21,2,2,1,145.29,1.0,1.2,4-12 Mos,Far (21-50km)
55139,0,14,Mobile,1,9,Credit Card,Female,3,2,Laptop & Accessory,3,Married,7,0,21,7,12,9,188.77,1.0,1.2,1-5 Yrs,Close (0-10km)
55140,0,8,Mobile,1,36,Credit Card,Male,3,4,Laptop & Accessory,3,Married,6,0,14,6,8,8,179.29,1.0,1.2,4-12 Mos,Far (21-50km)
55141,1,1,Computer,3,9,Debit Card,Female,3,5,Mobile,1,Single,9,0,15,1,2,1,152.85,1.0,1.2,0-3 Mos (High Risk),Close (0-10km)
55142,1,1,Computer,3,25,E wallet,Female,4,4,Laptop & Accessory,3,Married,2,1,19,1,4,3,171.14,1.0,1.2,0-3 Mos (High Risk),Far (21-50km)
55143,0,12,Computer,1,14,Debit Card,Male,3,2,Mobile,3,Married,3,0,12,1,2,4,151.1,1.0,1.2,4-12 Mos,Moderate (11-20km)
55144,0,8,Mobile,1,9,Cash on Delivery,Female,4,4,Laptop & Accessory,1,Single,3,0,12,5,5,12,191.87,1.0,1.2,4-12 Mos,Close (0-10km)
55145,0,2,Mobile,3,33,Debit Card,Male,3,5,Laptop & Accessory,5,Married,3,0,12,2,2,5,172.24,1.0,1.2,0-3 Mos (High Risk),Far (21-50km)
55146,1,1,Mobile,1,29,Credit Card,Male,4,4,Laptop & Accessory,3,Married,3,1,16,6,7,8,186.79,2.0,2.4,0-3 Mos (High Risk),Far (21-50km)
55147,0,13,Mobile,3,28,Debit Card,Male,3,5,Laptop & Accessory,1,Married,5,1,13,1,2,5,186.2,1.0,1.2,1-5 Yrs,Far (21-50km)
55148,0,25,Computer,3,9,E wallet,Male,3,4,Fashion,4,Married,4,0,12,4,4,3,230.96,1.0,1.2,1-5 Yrs,Close (0-10km)
55149,0,15,Computer,1,29,Debit Card,Female,4,4,Laptop & Accessory,1,Married,5,1,15,3,4,4,179.67,1.0,1.2,1-5 Yrs,Far (21-50km)
55150,0,11,Mobile,1,11,Debit Card,Male,3,4,Mobile,3,Married,9,1,16,2,2,4,154.96,1.0,1.2,4-12 Mos,Moderate (11-20km)
55151,0,7,Computer,3,12,Debit Card,Male,4,4,Laptop & Accessory,1,Married,8,0,14,2,2,3,224.98,1.0,1.2,4-12 Mos,Moderate (11-20km)
55152,0,6,Mobile,3,9,E wallet,Male,3,4,Laptop & Accessory,4,Married,2,1,14,2,2,3,165.78,1.0,1.2,4-12 Mos,Close (0-10km)
55153,0,13,Computer,1,32,Debit Card,Male,4,4,Fashion,3,Married,5,0,22,1,2,6,234.2,1.0,1.2,1-5 Yrs,Far (21-50km)
55154,0,1,Mobile,3,25,Debit Card,Male,4,2,Laptop & Accessory,3,Married,4,0,12,2,2,3,187.32,1.0,1.2,0-3 Mos (High Risk),Far (21-50km)
55155,0,26,Computer,1,35,Credit Card,Female,3,2,Grocery,3,Married,4,1,12,2,4,3,257.47,1.0,1.2,1-5 Yrs,Far (21-50km)
55156,0,17,Mobile,1,13,Credit Card,Female,4,5,Laptop & Accessory,3,Single,3,1,15,1,2,9,165.81,1.0,1.2,1-5 Yrs,Moderate (11-20km)
55157,0,1,Mobile,3,17,E wallet,Female,4,5,Laptop & Accessory,1,Married,3,1,12,2,5,5,182.69,1.0,1.2,0-3 Mos (High Risk),Moderate (11-20km)
55158,1,1,Mobile,1,24,Debit Card,Female,3,4,Mobile,3,Single,3,1,14,5,8,8,148.94,2.0,2.4,0-3 Mos (High Risk),Far (21-50km)
55159,0,1,Mobile,1,9,Credit Card,Male,3,5,Mobile,1,Single,2,0,13,2,2,2,164.04,1.0,1.2,0-3 Mos (High Risk),Close (0-10km)
55160,0,16,Mobile,2,17,UPI,Female,3,4,Grocery,5,Married,2,0,15,1,2,10,292.99,1.0,1.2,1-5 Yrs,Moderate (11-20km)
55161,0,26,Mobile,1,15,UPI,Female,3,4,Mobile,5,Married,11,0,14,2,2,5,154.5,1.0,1.2,1-5 Yrs,Moderate (11-20km)
55162,0,11,Mobile,1,18,Credit Card,Female,4,4,Mobile,3,Single,6,0,19,2,2,3,161.29,1.0,1.2,4-12 Mos,Moderate (11-20km)
55163,0,9,Computer,1,25,Debit Card,Male,3,4,Fashion,1,Single,4,0,12,3,3,3,218.62,1.0,1.2,4-12 Mos,Far (21-50km)
55164,0,1,Mobile,1,8,Cash on Delivery,Male,3,4,Mobile,1,Married,6,0,12,1,2,3,157.29,1.0,1.2,0-3 Mos (High Risk),Close (0-10km)
55165,0,1,Mobile,1,14,UPI,Male,4,2,Mobile,5,Single,2,0,13,1,2,8,160.78,1.0,1.2,0-3 Mos (High Risk),Moderate (11-20km)
55166,0,3,Mobile,2,24,UPI,Male,3,5,Fashion,5,Single,3,0,14,1,2,10,204.88,1.0,1.2,0-3 Mos (High Risk),Far (21-50km)
55167,1,13,Computer,1,35,Debit Card,Male,4,5,Laptop & Accessory,5,Single,5,0,21,1,2,4,167.84,1.0,1.2,1-5 Yrs,Far (21-50km)
55168,1,1,Computer,1,21,UPI,Female,3,4,Fashion,1,Single,2,1,13,5,8,8,200.53,2.0,2.4,0-3 Mos (High Risk),Far (21-50km)
55169,0,28,Mobile,1,8,Credit Card,Female,3,4,Grocery,1,Single,8,0,15,7,13,8,298.28,1.0,1.2,1-5 Yrs,Close (0-10km)
55170,0,31,Mobile,1,8,Credit Card,Female,4,4,Others,5,Married,5,1,15,2,2,6,322.01,1.0,1.2,1-5 Yrs,Close (0-10km)
55171,0,29,Mobile,1,8,Credit Card,Male,3,2,Grocery,1,Married,4,0,14,1,2,1,272.32,1.0,1.2,1-5 Yrs,Close (0-10km)
55172,0,10,Mobile,3,10,E wallet,Female,4,4,Laptop & Accessory,4,Single,5,1,17,1,2,3,217.78,1.0,1.2,4-12 Mos,Close (0-10km)
55173,1,1,Computer,3,8,Debit Card,Female,3,6,Mobile,3,Single,3,0,13,1,2,1,138.59,1.0,1.2,0-3 Mos (High Risk),Close (0-10km)
55174,0,4,Mobile,3,14,E wallet,Female,4,4,Laptop & Accessory,5,Married,9,0,15,2,2,3,172.79,1.0,1.2,4-12 Mos,Moderate (11-20km)
55175,0,5,Mobile,1,15,Debit Card,Female,4,4,Grocery,4,Single,5,0,12,1,2,1,289.22,1.0,1.2,4-12 Mos,Moderate (11-20km)
55176,0,8,Computer,1,8,UPI,Male,4,4,Mobile,5,Married,7,0,15,2,2,4,154.96,1.0,1.2,4-12 Mos,Close (0-10km)
55177,1,1,Mobile,1,15,Debit Card,Female,3,5,Mobile,4,Single,3,0,13,1,2,1,137.61,1.0,1.2,0-3 Mos (High Risk),Moderate (11-20km)
55178,0,1,Mobile,1,18,Debit Card,Male,4,4,Mobile,5,Married,2,0,15,2,2,5,145.99,1.0,1.2,0-3 Mos (High Risk),Moderate (11-20km)
55179,0,10,Mobile,1,11,Debit Card,Male,3,5,Laptop & Accessory,1,Single,3,0,17,1,2,9,183.1,1.0,1.2,4-12 Mos,Moderate (11-20km)
55180,0,10,Mobile,3,23,E wallet,Female,4,5,Laptop & Accessory,5,Married,6,0,14,2,2,3,181.47,1.0,1.2,4-12 Mos,Far (21-50km)
55181,0,21,Mobile,1,8,Cash on Delivery,Male,4,4,Mobile,1,Married,9,0,13,2,2,3,159.2,1.0,1.2,1-5 Yrs,Close (0-10km)
55182,1,1,Mobile,3,16,Debit Card,Male,4,5,Mobile,5,Married,5,0,13,3,3,3,169.0,1.0,1.2,0-3 Mos (High Risk),Moderate (11-20km)
55183,0,11,Computer,1,12,Cash on Delivery,Male,3,2,Mobile,3,Single,2,0,15,1,2,4,160.0,1.0,1.2,4-12 Mos,Moderate (11-20km)
55184,0,30,Mobile,1,8,Debit Card,Female,3,4,Mobile,5,Married,4,0,23,1,2,1,145.66,1.0,1.2,1-5 Yrs,Close (0-10km)
55185,0,21,Mobile,1,9,Credit Card,Female,3,4,Grocery,3,Married,5,0,15,3,6,7,296.69,1.0,1.2,1-5 Yrs,Close (0-10km)
55186,0,1,Mobile,3,11,Credit Card,Female,3,4,Laptop & Accessory,3,Married,3,1,13,2,2,4,166.62,1.0,1.2,0-3 Mos (High Risk),Moderate (11-20km)
55187,0,6,Mobile,3,14,E wallet,Male,4,4,Laptop & Accessory,1,Married,6,0,13,1,2,3,217.04,1.0,1.2,4-12 Mos,Moderate (11-20km)
55188,0,8,Mobile,1,8,Debit Card,Female,3,5,Mobile,4,Married,7,0,18,2,2,3,157.94,1.0,1.2,4-12 Mos,Close (0-10km)
55189,0,15,Mobile,1,12,Credit Card,Male,3,2,Mobile,3,Married,4,1,13,1,2,4,146.27,1.0,1.2,1-5 Yrs,Moderate (11-20km)
55190,0,14,Computer,1,16,UPI,Male,3,4,Laptop & Accessory,3,Married,5,0,12,1,2,8,164.75,1.0,1.2,1-5 Yrs,Moderate (11-20km)
55191,0,5,Mobile,3,15,Debit Card,Male,3,4,Fashion,1,Married,3,0,19,3,2,10,232.93,1.0,1.2,4-12 Mos,Moderate (11-20km)
55192,1,10,Mobile,3,16,E wallet,Male,3,4,Fashion,1,Married,6,0,12,5,5,3,225.96,1.0,1.2,4-12 Mos,Moderate (11-20km)
55193,1,3,Computer,1,9,Debit Card,Female,3,5,Mobile,5,Single,4,1,24,1,2,1,161.46,1.0,1.2,0-3 Mos (High Risk),Close (0-10km)
55194,1,1,Computer,1,8,Debit Card,Female,4,2,Fashion,4,Single,3,0,12,2,5,8,199.46,1.0,1.2,0-3 Mos (High Risk),Close (0-10km)
55195,0,19,Mobile,1,27,Credit Card,Male,4,6,Fashion,5,Married,4,1,19,2,2,8,233.51,1.0,1.2,1-5 Yrs,Far (21-50km)
55196,0,5,Mobile,2,15,Credit Card,Female,4,2,Mobile,4,Single,11,0,19,2,2,3,146.09,1.0,1.2,4-12 Mos,Moderate (11-20km)
55197,1,1,Computer,1,9,Debit Card,Male,4,4,Mobile,1,Married,8,1,14,1,3,3,162.22,1.0,1.2,0-3 Mos (High Risk),Close (0-10km)
55198,0,19,Mobile,1,36,Cash on Delivery,Male,3,4,Fashion,1,Married,6,1,19,2,2,3,218.8,1.0,1.2,1-5 Yrs,Far (21-50km)
55199,0,22,Mobile,3,14,E wallet,Male,4,4,Laptop & Accessory,5,Married,6,0,12,1,3,3,179.86,1.0,1.2,1-5 Yrs,Moderate (11-20km)
55200,1,1,Mobile,2,16,Cash on Delivery,Female,3,4,Mobile,3,Married,3,0,16,3,3,3,152.42,1.0,1.2,0-3 Mos (High Risk),Moderate (11-20km)
55201,0,14,Computer,1,15,Credit Card,Male,3,5,Fashion,4,Married,4,0,12,1,5,9,262.57,1.0,1.2,1-5 Yrs,Moderate (11-20km)
55202,0,2,Mobile,3,12,Credit Card,Male,3,4,Laptop & Accessory,5,Single,2,0,19,1,2,3,209.63,1.0,1.2,0-3 Mos (High Risk),Moderate (11-20km)
55203,0,18,Computer,1,12,Debit Card,Male,3,5,Mobile,3,Single,5,0,15,1,2,4,156.62,1.0,1.2,1-5 Yrs,Moderate (11-20km)
55204,0,27,Mobile,1,9,Credit Card,Male,3,2,Grocery,4,Single,6,0,13,1,9,9,290.98,1.0,1.2,1-5 Yrs,Close (0-10km)
55205,0,23,Mobile,1,12,Cash on Delivery,Male,4,4,Laptop & Accessory,3,Married,4,0,15,1,2,3,191.51,1.0,1.2,1-5 Yrs,Moderate (11-20km)
55206,0,14,Mobile,1,9,Credit Card,Male,4,4,Mobile,3,Married,4,0,15,2,2,3,148.45,1.0,1.2,1-5 Yrs,Close (0-10km)
55207,0,18,Mobile,1,27,Debit Card,Male,3,4,Mobile,4,Single,3,0,14,2,2,4,159.2,1.0,1.2,1-5 Yrs,Far (21-50km)
55208,0,7,Computer,3,14,Credit Card,Male,3,4,Laptop & Accessory,5,Married,2,0,15,2,2,4,168.73,1.0,1.2,4-12 Mos,Moderate (11-20km)
55209,0,8,Mobile,3,10,UPI,Male,3,6,Laptop & Accessory,5,Single,5,0,19,3,4,13,172.59,1.0,1.2,4-12 Mos,Close (0-10km)
55210,0,4,Mobile,3,23,Debit Card,Male,4,4,Laptop & Accessory,3,Married,10,0,16,2,3,3,178.01,1.0,1.2,4-12 Mos,Far (21-50km)
55211,0,16,Computer,1,16,Credit Card,Female,4,4,Mobile,1,Single,3,0,14,1,6,9,161.73,1.0,1.2,1-5 Yrs,Moderate (11-20km)
55212,0,18,Computer,3,8,E wallet,Female,4,4,Laptop & Accessory,3,Married,9,0,13,1,2,1,172.68,1.0,1.2,1-5 Yrs,Close (0-10km)
55213,0,4,Computer,1,14,Cash on Delivery,Male,4,4,Mobile,3,Married,3,0,14,1,2,1,137.74,1.0,1.2,4-12 Mos,Moderate (11-20km)
55214,0,31,Mobile,1,8,Debit Card,Male,4,2,Laptop & Accessory,3,Married,2,0,25,2,3,9,174.0,1.0,1.2,1-5 Yrs,Close (0-10km)
55215,0,23,Mobile,1,14,Debit Card,Male,3,4,Fashion,4,Married,5,0,15,1,2,3,229.66,1.0,1.2,1-5 Yrs,Moderate (11-20km)
55216,0,8,Computer,1,22,Credit Card,Male,4,4,Grocery,5,Married,9,0,15,3,7,10,295.07,1.0,1.2,4-12 Mos,Far (21-50km)
55217,1,1,Computer,3,8,Cash on Delivery,Male,4,4,Mobile,3,Married,5,0,16,2,2,3,154.09,1.0,1.2,0-3 Mos (High Risk),Close (0-10km)
55218,1,1,Computer,3,20,Cash on Delivery,Female,3,4,Laptop & Accessory,4,Single,7,0,12,2,2,1,182.65,1.0,1.2,0-3 Mos (High Risk),Moderate (11-20km)
55219,1,1,Mobile,3,31,Credit Card,Female,3,5,Laptop & Accessory,4,Single,2,1,24,5,11,11,170.99,3.0,3.5999999999999996,0-3 Mos (High Risk),Far (21-50km)
55220,0,9,Mobile,3,14,Debit Card,Male,4,4,Mobile,3,Married,3,0,14,1,2,1,149.04,1.0,1.2,4-12 Mos,Moderate (11-20km)
55221,1,1,Computer,1,16,Credit Card,Male,3,4,Mobile,5,Single,4,1,12,1,2,1,156.72,1.0,1.2,0-3 Mos (High Risk),Moderate (11-20km)
55222,0,1,Computer,3,20,Debit Card,Female,4,4,Mobile,4,Married,3,0,14,1,2,1,145.33,1.0,1.2,0-3 Mos (High Risk),Moderate (11-20km)
55223,0,18,Computer,1,9,Credit Card,Male,3,4,Fashion,3,Single,7,1,19,3,3,3,227.09,1.0,1.2,1-5 Yrs,Close (0-10km)
55224,0,3,Mobile,3,26,Debit Card,Male,4,5,Laptop & Accessory,3,Married,3,0,15,2,2,3,211.2,1.0,1.2,0-3 Mos (High Risk),Far (21-50km)
55225,0,4,Mobile,2,8,Debit Card,Male,3,4,Mobile,3,Married,2,0,22,1,2,4,145.64,1.0,1.2,4-12 Mos,Close (0-10km)
55226,0,29,Mobile,1,11,Debit Card,Male,2,4,Laptop & Accessory,3,Married,2,1,17,2,2,3,165.35,1.0,1.2,1-5 Yrs,Moderate (11-20km)
55227,0,7,Mobile,1,11,Credit Card,Female,3,5,Mobile,4,Married,10,0,12,2,2,3,163.38,1.0,1.2,4-12 Mos,Moderate (11-20km)
55228,0,21,Mobile,3,21,Credit Card,Female,4,4,Laptop & Accessory,3,Married,5,1,18,2,2,3,170.91,1.0,1.2,1-5 Yrs,Far (21-50km)
55229,1,1,Computer,1,9,Credit Card,Male,3,5,Mobile,5,Single,9,0,12,2,2,1,150.61,1.0,1.2,0-3 Mos (High Risk),Close (0-10km)
55230,0,2,Mobile,1,8,Debit Card,Male,4,5,Mobile,3,Married,3,0,15,1,2,1,140.63,1.0,1.2,0-3 Mos (High Risk),Close (0-10km)
55231,0,2,Computer,3,14,Debit Card,Male,3,4,Laptop & Accessory,5,Single,2,0,15,2,2,4,173.98,1.0,1.2,0-3 Mos (High Risk),Moderate (11-20km)
55232,0,23,Mobile,1,10,Credit Card,Female,3,5,Laptop & Accessory,5,Married,6,0,26,1,2,3,172.89,1.0,1.2,1-5 Yrs,Close (0-10km)
55233,0,3,Computer,1,9,Debit Card,Female,4,4,Mobile,4,Married,2,0,14,2,2,3,156.8,1.0,1.2,0-3 Mos (High Risk),Close (0-10km)
55234,0,2,Mobile,1,36,Debit Card,Male,4,6,Laptop & Accessory,4,Married,3,0,15,1,2,8,190.49,1.0,1.2,0-3 Mos (High Risk),Far (21-50km)
55235,0,7,Mobile,1,15,Debit Card,Male,4,4,Laptop & Accessory,3,Single,4,1,18,2,2,1,188.88,1.0,1.2,4-12 Mos,Moderate (11-20km)
55236,0,6,Mobile,1,17,Credit Card,Male,4,4,Fashion,1,Single,4,0,26,1,2,1,237.44,1.0,1.2,4-12 Mos,Moderate (11-20km)
55237,0,28,Computer,1,18,Credit Card,Female,3,4,Grocery,1,Married,5,0,21,1,2,13,285.32,1.0,1.2,1-5 Yrs,Moderate (11-20km)
55238,1,1,Mobile,1,8,Cash on Delivery,Male,4,5,Mobile,5,Single,8,0,14,2,2,8,148.62,1.0,1.2,0-3 Mos (High Risk),Close (0-10km)
55239,0,18,Mobile,1,35,Debit Card,Male,3,4,Grocery,5,Married,5,0,14,1,15,18,288.28,1.0,1.2,1-5 Yrs,Far (21-50km)
55240,0,13,Mobile,1,13,Debit Card,Female,3,4,Fashion,4,Single,6,0,19,3,3,3,208.76,1.0,1.2,1-5 Yrs,Moderate (11-20km)
55241,0,20,Mobile,3,10,Debit Card,Female,3,4,Grocery,4,Married,10,0,13,1,6,2,291.06,1.0,1.2,1-5 Yrs,Close (0-10km)
55242,0,9,Mobile,1,23,Debit Card,Female,4,5,Fashion,4,Single,3,0,20,4,4,3,211.06,1.0,1.2,4-12 Mos,Far (21-50km)
55243,0,1,Mobile,1,27,Debit Card,Male,4,4,Laptop & Accessory,3,Single,2,0,15,2,2,3,147.72,1.0,1.2,0-3 Mos (High Risk),Far (21-50km)
55244,1,4,Mobile,1,16,Debit Card,Male,3,4,Mobile,5,Single,5,0,15,2,2,1,145.18,1.0,1.2,4-12 Mos,Moderate (11-20km)
55245,0,8,Mobile,3,8,Cash on Delivery,Male,4,5,Fashion,3,Married,3,1,15,8,9,7,195.83,2.0,2.4,4-12 Mos,Close (0-10km)
55246,1,1,Computer,1,10,Debit Card,Female,3,4,Mobile,3,Single,3,0,13,3,8,8,165.84,1.0,1.2,0-3 Mos (High Risk),Close (0-10km)
55247,0,24,Computer,1,29,Credit Card,Male,3,6,Grocery,1,Single,3,1,14,1,14,10,269.11,3.0,3.5999999999999996,1-5 Yrs,Far (21-50km)
55248,0,8,Mobile,3,14,Cash on Delivery,Male,3,4,Mobile,3,Married,2,1,26,4,6,8,148.08,2.0,2.4,4-12 Mos,Moderate (11-20km)
55249,0,16,Mobile,1,9,Credit Card,Male,4,5,Mobile,4,Married,6,0,15,1,2,1,173.41,1.0,1.2,1-5 Yrs,Close (0-10km)
55250,0,11,Mobile,1,20,Credit Card,Male,3,4,Laptop & Accessory,1,Married,3,0,18,3,4,8,167.85,1.0,1.2,4-12 Mos,Moderate (11-20km)
55251,0,3,Mobile,1,15,UPI,Female,3,6,Laptop & Accessory,5,Married,5,0,14,2,2,3,222.15,1.0,1.2,0-3 Mos (High Risk),Moderate (11-20km)
55252,0,7,Mobile,1,32,Debit Card,Male,3,5,Laptop & Accessory,4,Single,3,0,14,2,2,3,168.2,1.0,1.2,4-12 Mos,Far (21-50km)
55253,0,19,Mobile,1,35,Cash on Delivery,Male,4,4,Mobile,1,Married,6,0,21,2,2,4,146.32,1.0,1.2,1-5 Yrs,Far (21-50km)
55254,0,16,Computer,1,9,Debit Card,Male,3,4,Fashion,1,Married,4,1,15,5,14,3,226.24,3.0,3.5999999999999996,1-5 Yrs,Close (0-10km)
55255,0,14,Mobile,3,16,Credit Card,Male,3,4,Laptop & Accessory,5,Married,2,0,13,8,8,2,179.73,1.0,1.2,1-5 Yrs,Moderate (11-20km)
55256,0,7,Mobile,1,35,Debit Card,Male,4,4,Laptop & Accessory,3,Married,3,1,13,5,6,8,177.07,2.0,2.4,4-12 Mos,Far (21-50km)
55257,0,14,Mobile,2,13,Credit Card,Male,3,4,Grocery,1,Single,3,1,22,1,8,8,289.37,2.0,2.4,1-5 Yrs,Moderate (11-20km)
55258,0,1,Mobile,1,28,Cash on Delivery,Male,3,5,Mobile,5,Married,2,0,15,1,2,1,147.96,1.0,1.2,0-3 Mos (High Risk),Far (21-50km)
55259,0,14,Computer,1,15,Debit Card,Male,4,4,Laptop & Accessory,1,Married,5,1,19,2,3,3,165.69,1.0,1.2,1-5 Yrs,Moderate (11-20km)
55260,0,19,Mobile,1,8,Cash on Delivery,Male,4,4,Fashion,4,Married,3,0,13,4,8,8,199.41,1.0,1.2,1-5 Yrs,Close (0-10km)
55261,0,9,Mobile,3,35,Debit Card,Female,4,5,Mobile,3,Married,2,0,24,3,5,3,149.3,1.0,1.2,4-12 Mos,Far (21-50km)
55262,0,6,Mobile,1,12,Debit Card,Female,4,5,Laptop & Accessory,4,Married,5,0,13,2,3,6,183.78,1.0,1.2,4-12 Mos,Moderate (11-20km)
55263,0,10,Mobile,3,9,Debit Card,Male,4,4,Mobile,1,Single,5,1,22,2,2,3,151.44,1.0,1.2,4-12 Mos,Close (0-10km)
55264,0,22,Mobile,3,23,Debit Card,Female,4,4,Laptop & Accessory,3,Married,10,0,15,8,8,8,189.39,1.0,1.2,1-5 Yrs,Far (21-50km)
55265,0,3,Mobile,1,16,Debit Card,Male,4,2,Mobile,3,Married,8,0,19,1,2,1,149.51,1.0,1.2,0-3 Mos (High Risk),Moderate (11-20km)
55266,0,7,Mobile,3,15,Debit Card,Male,3,4,Laptop & Accessory,5,Married,4,0,14,3,3,3,188.92,1.0,1.2,4-12 Mos,Moderate (11-20km)
55267,1,1,Mobile,3,8,Debit Card,Male,4,5,Laptop & Accessory,5,Married,3,0,12,2,7,3,222.14,1.0,1.2,0-3 Mos (High Risk),Close (0-10km)
55268,0,12,Computer,2,17,UPI,Male,4,4,Laptop & Accessory,3,Married,5,0,12,1,2,3,185.77,1.0,1.2,4-12 Mos,Moderate (11-20km)
55269,0,9,Mobile,1,8,Credit Card,Male,4,5,Mobile,5,Single,3,0,20,2,2,3,149.5,1.0,1.2,4-12 Mos,Close (0-10km)
55270,0,8,Mobile,3,36,Cash on Delivery,Male,3,4,Fashion,4,Married,5,0,13,2,2,3,217.5,1.0,1.2,4-12 Mos,Far (21-50km)
55271,1,1,Mobile,1,9,Debit Card,Female,4,4,Mobile,5,Married,3,1,13,2,2,1,145.74,1.0,1.2,0-3 Mos (High Risk),Close (0-10km)
55272,1,17,Mobile,1,9,Cash on Delivery,Female,4,5,Fashion,1,Married,2,0,17,1,2,3,226.69,1.0,1.2,1-5 Yrs,Close (0-10km)
55273,1,2,Mobile,1,9,Credit Card,Male,3,4,Laptop & Accessory,4,Married,6,0,12,2,2,5,173.55,1.0,1.2,0-3 Mos (High Risk),Close (0-10km)
55274,0,6,Computer,1,8,Cash on Delivery,Male,4,4,Laptop & Accessory,5,Married,6,0,15,1,2,3,165.87,1.0,1.2,4-12 Mos,Close (0-10km)
55275,0,22,Mobile,1,22,UPI,Female,4,4,Mobile,5,Married,10,0,13,7,8,7,148.67,1.0,1.2,1-5 Yrs,Far (21-50km)
55276,0,8,Mobile,1,14,Credit Card,Male,3,4,Mobile,1,Single,3,0,14,1,2,1,154.72,1.0,1.2,4-12 Mos,Moderate (11-20km)
55277,0,29,Mobile,3,33,E wallet,Male,3,5,Others,1,Married,3,0,15,1,3,14,320.86,1.0,1.2,1-5 Yrs,Far (21-50km)
55278,0,8,Mobile,1,8,Debit Card,Male,3,4,Laptop & Accessory,1,Married,11,0,18,1,3,2,179.84,1.0,1.2,4-12 Mos,Close (0-10km)
55279,0,1,Mobile,1,10,Debit Card,Female,3,4,Mobile,1,Married,3,0,22,2,2,1,145.61,1.0,1.2,0-3 Mos (High Risk),Close (0-10km)
55280,0,12,Mobile,3,21,Debit Card,Male,4,4,Laptop & Accessory,4,Married,2,0,12,4,8,3,224.24,1.0,1.2,4-12 Mos,Far (21-50km)
55281,0,12,Mobile,3,23,Debit Card,Female,3,4,Laptop & Accessory,4,Single,4,0,13,2,2,3,166.98,1.0,1.2,4-12 Mos,Far (21-50km)
55282,0,10,Mobile,3,8,Debit Card,Female,4,4,Laptop & Accessory,3,Single,8,0,14,2,2,1,193.15,1.0,1.2,4-12 Mos,Close (0-10km)
55283,0,3,Mobile,1,10,Credit Card,Male,3,4,Mobile,5,Single,3,1,19,1,2,6,172.23,1.0,1.2,0-3 Mos (High Risk),Close (0-10km)
55284,0,9,Mobile,1,17,Credit Card,Female,3,4,Laptop & Accessory,3,Single,5,1,17,1,2,5,186.42,1.0,1.2,4-12 Mos,Moderate (11-20km)
55285,0,13,Mobile,3,13,Credit Card,Male,3,2,Fashion,3,Married,4,0,12,4,8,7,207.37,1.0,1.2,1-5 Yrs,Moderate (11-20km)
55286,0,3,Computer,1,9,Debit Card,Male,3,4,Laptop & Accessory,1,Married,3,0,20,2,2,3,213.53,1.0,1.2,0-3 Mos (High Risk),Close (0-10km)
55287,0,24,Mobile,3,16,E wallet,Male,3,4,Others,3,Married,6,1,15,1,2,1,318.31,1.0,1.2,1-5 Yrs,Moderate (11-20km)
55288,0,1,Mobile,1,17,Cash on Delivery,Male,3,2,Mobile,3,Married,4,0,17,1,3,3,145.73,1.0,1.2,0-3 Mos (High Risk),Moderate (11-20km)
55289,0,10,Computer,1,13,Debit Card,Male,4,2,Laptop & Accessory,5,Married,5,1,14,1,2,3,180.62,1.0,1.2,4-12 Mos,Moderate (11-20km)
55290,0,16,Mobile,1,16,UPI,Male,4,5,Others,1,Single,10,0,15,2,2,2,321.13,1.0,1.2,1-5 Yrs,Moderate (11-20km)
55291,0,9,Mobile,1,35,Debit Card,Male,3,2,Laptop & Accessory,3,Married,3,0,18,7,7,9,159.07,1.0,1.2,4-12 Mos,Far (21-50km)
55292,0,8,Computer,1,17,Cash on Delivery,Male,4,5,Laptop & Accessory,3,Married,3,0,15,2,8,8,175.63,1.0,1.2,4-12 Mos,Moderate (11-20km)
55293,0,14,Mobile,3,21,Debit Card,Female,3,4,Laptop & Accessory,5,Married,3,0,16,1,2,3,171.39,1.0,1.2,1-5 Yrs,Far (21-50km)
55294,0,17,Mobile,1,34,Cash on Delivery,Male,3,2,Mobile,4,Married,7,0,13,2,2,3,173.76,1.0,1.2,1-5 Yrs,Far (21-50km)
55295,0,9,Mobile,1,14,Debit Card,Male,4,5,Mobile,1,Married,3,0,19,2,2,2,151.9,1.0,1.2,4-12 Mos,Moderate (11-20km)
55296,0,20,Mobile,3,8,Debit Card,Male,3,2,Grocery,5,Single,3,0,15,1,2,13,300.67,1.0,1.2,1-5 Yrs,Close (0-10km)
55297,1,1,Mobile,1,31,Credit Card,Male,3,4,Mobile,4,Married,3,1,18,1,2,1,149.08,1.0,1.2,0-3 Mos (High Risk),Far (21-50km)
55298,0,1,Computer,1,33,UPI,Female,3,5,Mobile,3,Married,3,1,15,2,2,4,153.14,1.0,1.2,0-3 Mos (High Risk),Far (21-50km)
55299,0,24,Computer,1,27,Credit Card,Male,3,4,Grocery,3,Married,4,1,16,1,4,14,237.45,1.0,1.2,1-5 Yrs,Far (21-50km)
55300,0,6,Mobile,1,12,UPI,Female,3,2,Mobile,1,Married,5,0,18,2,2,3,158.12,1.0,1.2,4-12 Mos,Moderate (11-20km)
55301,0,18,Mobile,1,14,Credit Card,Female,3,4,Others,1,Married,2,1,15,1,2,11,315.49,1.0,1.2,1-5 Yrs,Moderate (11-20km)
55302,0,4,Mobile,1,14,Credit Card,Male,3,5,Mobile,4,Married,3,0,13,2,2,2,146.41,1.0,1.2,4-12 Mos,Moderate (11-20km)
55303,0,19,Mobile,1,12,Credit Card,Female,3,6,Laptop & Accessory,5,Single,3,1,15,1,2,5,182.69,1.0,1.2,1-5 Yrs,Moderate (11-20km)
55304,0,19,Computer,3,33,E wallet,Male,3,5,Laptop & Accessory,5,Married,3,0,16,4,5,6,168.85,1.0,1.2,1-5 Yrs,Far (21-50km)
55305,0,5,Computer,3,9,UPI,Male,3,4,Laptop & Accessory,5,Single,9,0,14,2,2,4,178.32,1.0,1.2,4-12 Mos,Close (0-10km)
55306,0,10,Mobile,1,19,Debit Card,Female,4,4,Laptop & Accessory,3,Married,11,1,13,1,2,2,171.63,1.0,1.2,4-12 Mos,Moderate (11-20km)
55307,0,8,Computer,1,17,Debit Card,Male,3,2,Laptop & Accessory,1,Married,3,0,14,4,8,3,172.24,1.0,1.2,4-12 Mos,Moderate (11-20km)
55308,0,23,Mobile,1,32,Debit Card,Female,3,4,Mobile,5,Married,3,0,15,2,2,5,157.11,1.0,1.2,1-5 Yrs,Far (21-50km)
55309,0,13,Mobile,1,17,Credit Card,Male,4,4,Laptop & Accessory,5,Married,4,0,14,4,8,8,178.77,1.0,1.2,1-5 Yrs,Moderate (11-20km)
55310,0,1,Mobile,1,26,UPI,Male,4,5,Mobile,5,Married,3,0,12,1,2,8,165.66,1.0,1.2,0-3 Mos (High Risk),Far (21-50km)
55311,0,9,Mobile,1,25,Debit Card,Male,3,2,Laptop & Accessory,5,Married,3,0,12,2,2,11,177.08,1.0,1.2,4-12 Mos,Far (21-50km)
55312,0,2,Mobile,1,34,Credit Card,Female,3,6,Laptop & Accessory,5,Married,2,0,22,2,2,1,173.77,1.0,1.2,0-3 Mos (High Risk),Far (21-50km)
55313,0,1,Mobile,1,12,Credit Card,Male,4,4,Mobile,1,Single,3,0,19,1,3,3,156.17,1.0,1.2,0-3 Mos (High Risk),Moderate (11-20km)
55314,1,1,Computer,3,10,Credit Card,Female,4,4,Mobile,1,Single,3,1,13,2,2,1,140.69,1.0,1.2,0-3 Mos (High Risk),Close (0-10km)
55315,0,21,Mobile,2,33,Debit Card,Female,4,4,Others,3,Married,5,0,15,2,2,1,321.58,1.0,1.2,1-5 Yrs,Far (21-50km)
55316,0,13,Mobile,1,10,Credit Card,Male,4,5,Laptop & Accessory,3,Married,2,0,16,1,2,8,155.69,1.0,1.2,1-5 Yrs,Close (0-10km)
55317,0,14,Mobile,1,22,Debit Card,Female,4,5,Fashion,3,Married,3,0,14,7,15,3,229.35,1.0,1.2,1-5 Yrs,Far (21-50km)
55318,0,9,Computer,1,15,Debit Card,Female,3,4,Laptop & Accessory,3,Married,3,0,13,1,3,10,166.48,1.0,1.2,4-12 Mos,Moderate (11-20km)
55319,0,11,Mobile,1,26,Debit Card,Male,3,4,Laptop & Accessory,3,Married,5,0,18,1,2,3,182.68,1.0,1.2,4-12 Mos,Far (21-50km)
55320,0,13,Computer,1,11,Credit Card,Female,3,4,Laptop & Accessory,3,Single,2,0,14,4,4,9,175.42,1.0,1.2,1-5 Yrs,Moderate (11-20km)
55321,0,19,Mobile,1,9,UPI,Female,3,5,Laptop & Accessory,1,Married,3,0,20,4,4,10,182.7,1.0,1.2,1-5 Yrs,Close (0-10km)
55322,0,12,Mobile,1,9,Credit Card,Female,3,5,Fashion,3,Married,5,1,20,1,2,3,202.56,1.0,1.2,4-12 Mos,Close (0-10km)
55323,1,1,Mobile,3,17,Credit Card,Male,3,5,Fashion,5,Married,11,0,18,1,7,3,228.06,1.0,1.2,0-3 Mos (High Risk),Moderate (11-20km)
55324,0,11,Mobile,1,17,Credit Card,Female,4,4,Mobile,4,Married,3,0,12,5,8,8,164.36,1.0,1.2,4-12 Mos,Moderate (11-20km)
55325,0,14,Mobile,1,23,Debit Card,Female,3,4,Fashion,1,Single,8,1,16,4,4,4,204.45,1.0,1.2,1-5 Yrs,Far (21-50km)
55326,0,18,Computer,2,8,UPI,Male,3,4,Laptop & Accessory,1,Married,6,1,12,2,2,3,182.43,1.0,1.2,1-5 Yrs,Close (0-10km)
55327,0,22,Computer,1,11,Credit Card,Male,3,5,Grocery,1,Married,4,0,26,1,3,3,277.02,1.0,1.2,1-5 Yrs,Moderate (11-20km)
55328,1,1,Mobile,3,22,Credit Card,Male,3,6,Laptop & Accessory,1,Married,8,1,15,1,3,3,179.4,1.0,1.2,0-3 Mos (High Risk),Far (21-50km)
55329,0,1,Computer,1,9,Cash on Delivery,Female,3,4,Mobile,1,Single,3,1,14,1,2,4,162.6,1.0,1.2,0-3 Mos (High Risk),Close (0-10km)
55330,0,1,Mobile,1,15,Credit Card,Female,3,2,Mobile,3,Married,9,0,18,1,2,3,160.17,1.0,1.2,0-3 Mos (High Risk),Moderate (11-20km)
55331,0,1,Computer,1,9,Credit Card,Male,3,4,Mobile,1,Single,4,0,14,1,2,3,150.8,1.0,1.2,0-3 Mos (High Risk),Close (0-10km)
55332,1,4,Mobile,1,14,Debit Card,Male,4,4,Mobile,5,Single,5,1,15,1,2,4,146.66,1.0,1.2,4-12 Mos,Moderate (11-20km)
55333,0,3,Mobile,3,17,Credit Card,Male,3,5,Laptop & Accessory,3,Single,11,0,12,2,2,5,183.69,1.0,1.2,0-3 Mos (High Risk),Moderate (11-20km)
55334,0,10,Mobile,1,12,Debit Card,Female,3,4,Fashion,5,Married,6,0,13,2,2,3,205.08,1.0,1.2,4-12 Mos,Moderate (11-20km)
55335,0,1,Computer,1,9,Debit Card,Male,4,2,Laptop & Accessory,3,Married,3,0,18,2,2,8,177.06,1.0,1.2,0-3 Mos (High Risk),Close (0-10km)
55336,0,13,Mobile,1,19,Credit Card,Male,4,4,Laptop & Accessory,4,Married,6,0,22,2,2,1,177.95,1.0,1.2,1-5 Yrs,Moderate (11-20km)
55337,0,23,Mobile,1,29,UPI,Female,4,4,Grocery,4,Married,5,0,17,1,2,3,289.13,1.0,1.2,1-5 Yrs,Far (21-50km)
55338,0,24,Mobile,1,24,Debit Card,Female,3,5,Fashion,5,Married,7,0,16,1,2,12,257.69,1.0,1.2,1-5 Yrs,Far (21-50km)
55339,0,1,Mobile,3,9,Credit Card,Female,3,4,Mobile,3,Single,3,0,20,1,3,3,152.83,1.0,1.2,0-3 Mos (High Risk),Close (0-10km)
55340,0,8,Mobile,1,10,Debit Card,Female,4,4,Laptop & Accessory,4,Married,3,0,13,2,8,10,179.33,1.0,1.2,4-12 Mos,Close (0-10km)
55341,0,10,Mobile,1,14,Debit Card,Male,4,4,Mobile,4,Single,4,0,12,1,2,4,145.13,1.0,1.2,4-12 Mos,Moderate (11-20km)
55342,0,23,Mobile,1,13,Debit Card,Female,3,5,Grocery,3,Married,4,1,20,1,3,13,264.66,1.0,1.2,1-5 Yrs,Moderate (11-20km)
55343,0,10,Computer,1,8,Credit Card,Female,3,5,Laptop & Accessory,3,Married,2,0,16,1,2,3,168.74,1.0,1.2,4-12 Mos,Close (0-10km)
55344,0,10,Mobile,1,10,Debit Card,Male,4,2,Laptop & Accessory,5,Married,8,0,21,1,2,5,193.42,1.0,1.2,4-12 Mos,Close (0-10km)
55345,0,28,Mobile,1,29,Credit Card,Female,4,4,Grocery,3,Married,5,0,15,4,5,8,299.26,1.0,1.2,1-5 Yrs,Far (21-50km)
55346,0,17,Mobile,1,22,Debit Card,Male,4,5,Grocery,3,Married,3,0,15,3,7,12,301.03,1.0,1.2,1-5 Yrs,Far (21-50km)
55347,1,1,Computer,3,19,UPI,Male,3,4,Laptop & Accessory,1,Single,5,1,25,6,7,8,170.81,2.0,2.4,0-3 Mos (High Risk),Moderate (11-20km)
55348,0,12,Computer,1,8,Debit Card,Male,3,4,Laptop & Accessory,1,Married,9,0,16,2,3,10,172.35,1.0,1.2,4-12 Mos,Close (0-10km)
55349,0,3,Mobile,3,12,Credit Card,Male,3,5,Laptop & Accessory,4,Married,3,1,14,1,2,10,166.87,1.0,1.2,0-3 Mos (High Risk),Moderate (11-20km)
55350,0,7,Mobile,3,9,Credit Card,Male,4,4,Laptop & Accessory,1,Married,3,0,15,2,2,5,180.05,1.0,1.2,4-12 Mos,Close (0-10km)
55351,0,6,Mobile,1,9,Credit Card,Male,3,4,Laptop & Accessory,4,Married,2,0,14,2,2,7,179.7,1.0,1.2,4-12 Mos,Close (0-10km)
55352,0,5,Mobile,3,12,Debit Card,Female,4,4,Laptop & Accessory,1,Married,3,0,12,1,2,3,179.76,1.0,1.2,4-12 Mos,Moderate (11-20km)
55353,0,23,Mobile,1,23,Credit Card,Female,4,4,Mobile,5,Married,6,1,17,1,3,3,150.87,1.0,1.2,1-5 Yrs,Far (21-50km)
55354,0,12,Computer,1,9,Credit Card,Female,3,5,Mobile,4,Single,3,0,23,1,4,4,149.4,1.0,1.2,4-12 Mos,Close (0-10km)
55355,0,21,Mobile,3,9,Debit Card,Female,3,2,Grocery,4,Married,8,0,15,1,2,3,284.72,1.0,1.2,1-5 Yrs,Close (0-10km)
55356,0,23,Mobile,1,8,Debit Card,Male,3,4,Grocery,3,Single,6,0,15,1,2,1,278.79,1.0,1.2,1-5 Yrs,Close (0-10km)
55357,0,15,Mobile,3,30,Debit Card,Male,4,4,Fashion,3,Single,5,1,17,1,2,3,195.82,1.0,1.2,1-5 Yrs,Far (21-50km)
55358,0,1,Mobile,3,16,Debit Card,Male,3,4,Mobile,5,Single,3,0,12,1,2,3,152.28,1.0,1.2,0-3 Mos (High Risk),Moderate (11-20km)
55359,0,7,Computer,3,23,Debit Card,Female,3,4,Laptop & Accessory,1,Married,3,1,26,1,2,3,178.68,1.0,1.2,4-12 Mos,Far (21-50km)
55360,0,10,Mobile,1,33,Debit Card,Male,4,4,Laptop & Accessory,3,Married,8,0,15,2,2,3,178.47,1.0,1.2,4-12 Mos,Far (21-50km)
55361,0,18,Mobile,2,8,Debit Card,Female,3,4,Mobile,1,Married,6,1,19,3,3,3,156.95,1.0,1.2,1-5 Yrs,Close (0-10km)
55362,1,1,Mobile,1,15,Credit Card,Male,4,5,Mobile,3,Single,3,1,12,2,2,3,164.89,1.0,1.2,0-3 Mos (High Risk),Moderate (11-20km)
55363,0,12,Mobile,1,11,Credit Card,Female,3,4,Mobile,3,Married,9,0,20,1,2,1,158.06,1.0,1.2,4-12 Mos,Moderate (11-20km)
55364,0,27,Mobile,1,31,Credit Card,Male,3,2,Fashion,1,Married,5,0,16,1,2,3,195.05,1.0,1.2,1-5 Yrs,Far (21-50km)
55365,1,12,Computer,3,14,Credit Card,Female,4,4,Mobile,3,Married,4,1,12,2,8,8,151.55,2.0,2.4,4-12 Mos,Moderate (11-20km)
55366,1,1,Mobile,1,9,Debit Card,Male,4,4,Mobile,4,Single,3,0,13,1,2,1,138.93,1.0,1.2,0-3 Mos (High Risk),Close (0-10km)
55367,0,1,Computer,1,14,Credit Card,Male,4,4,Mobile,1,Single,3,0,21,1,6,8,150.7,1.0,1.2,0-3 Mos (High Risk),Moderate (11-20km)
55368,0,29,Mobile,1,29,Cash on Delivery,Male,4,5,Mobile,4,Married,7,0,13,2,2,3,160.37,1.0,1.2,1-5 Yrs,Far (21-50km)
55369,0,8,Mobile,1,12,Credit Card,Male,3,5,Laptop & Accessory,1,Married,3,0,15,1,5,14,164.86,1.0,1.2,4-12 Mos,Moderate (11-20km)
55370,0,31,Mobile,1,8,Credit Card,Male,4,6,Fashion,1,Married,5,0,21,2,2,1,233.82999999999998,1.0,1.2,1-5 Yrs,Close (0-10km)
55371,0,7,Mobile,1,28,Credit Card,Male,4,2,Mobile,4,Married,3,0,19,1,3,14,145.28,1.0,1.2,4-12 Mos,Far (21-50km)
55372,0,11,Computer,3,8,Credit Card,Male,3,6,Laptop & Accessory,1,Married,3,0,15,2,2,3,220.25,1.0,1.2,4-12 Mos,Close (0-10km)
55373,0,8,Mobile,1,26,Debit Card,Female,3,5,Mobile,1,Married,3,0,13,2,9,8,154.29,1.0,1.2,4-12 Mos,Far (21-50km)
55374,1,1,Mobile,3,14,Debit Card,Male,4,4,Mobile,1,Married,3,1,22,2,2,3,147.75,1.0,1.2,0-3 Mos (High Risk),Moderate (11-20km)
55375,0,18,Mobile,1,9,Debit Card,Female,4,2,Fashion,1,Married,3,1,20,2,7,8,203.79,2.0,2.4,1-5 Yrs,Close (0-10km)
55376,0,9,Computer,1,9,Credit Card,Male,4,5,Mobile,1,Single,2,1,15,2,2,5,174.3,1.0,1.2,4-12 Mos,Close (0-10km)
55377,0,17,Mobile,3,9,Credit Card,Male,4,4,Laptop & Accessory,1,Married,3,1,18,4,9,9,203.47,2.0,2.4,1-5 Yrs,Close (0-10km)
55378,0,1,Mobile,1,16,Credit Card,Male,4,2,Mobile,3,Married,3,0,17,1,2,5,169.01,1.0,1.2,0-3 Mos (High Risk),Moderate (11-20km)
55379,0,15,Mobile,3,13,E wallet,Male,3,4,Fashion,3,Single,3,0,13,4,9,3,217.41,1.0,1.2,1-5 Yrs,Moderate (11-20km)
55380,0,3,Mobile,1,16,Credit Card,Female,3,4,Mobile,3,Married,11,0,18,1,2,3,154.74,1.0,1.2,0-3 Mos (High Risk),Moderate (11-20km)
55381,0,10,Mobile,3,9,Debit Card,Female,3,4,Laptop & Accessory,1,Single,5,0,16,7,7,8,170.02,1.0,1.2,4-12 Mos,Close (0-10km)
55382,0,19,Computer,1,8,Debit Card,Male,4,5,Fashion,3,Married,5,0,24,5,2,5,232.48000000000002,1.0,1.2,1-5 Yrs,Close (0-10km)
55383,1,1,Mobile,2,29,UPI,Male,3,6,Mobile,3,Married,3,0,12,1,2,1,140.55,1.0,1.2,0-3 Mos (High Risk),Far (21-50km)
55384,1,11,Computer,3,16,Debit Card,Male,3,6,Grocery,3,Married,9,0,12,7,4,11,254.36,1.0,1.2,4-12 Mos,Moderate (11-20km)
55385,0,1,Mobile,1,24,Credit Card,Male,4,6,Mobile,3,Married,3,0,16,2,2,3,148.05,1.0,1.2,0-3 Mos (High Risk),Far (21-50km)
55386,0,19,Mobile,1,35,Cash on Delivery,Female,3,5,Grocery,4,Single,3,0,15,7,9,7,292.04,1.0,1.2,1-5 Yrs,Far (21-50km)
55387,0,6,Computer,1,17,Debit Card,Male,3,4,Mobile,3,Married,8,0,14,1,2,4,159.33,1.0,1.2,4-12 Mos,Moderate (11-20km)
55388,0,5,Mobile,1,9,Debit Card,Male,4,4,Mobile,3,Married,3,0,15,2,2,4,159.77,1.0,1.2,4-12 Mos,Close (0-10km)
55389,0,15,Computer,2,11,UPI,Male,3,6,Laptop & Accessory,4,Married,8,0,20,1,2,3,189.3,1.0,1.2,1-5 Yrs,Moderate (11-20km)
55390,0,14,Mobile,1,15,Debit Card,Female,4,4,Laptop & Accessory,5,Married,4,1,17,2,2,1,190.16,1.0,1.2,1-5 Yrs,Moderate (11-20km)
55391,0,1,Mobile,1,36,Credit Card,Male,4,4,Mobile,5,Married,3,0,14,2,2,3,164.07,1.0,1.2,0-3 Mos (High Risk),Far (21-50km)
55392,0,20,Mobile,1,20,Debit Card,Male,3,4,Laptop & Accessory,4,Single,8,0,15,2,2,10,180.62,1.0,1.2,1-5 Yrs,Moderate (11-20km)
55393,0,9,Mobile,1,34,Debit Card,Male,3,4,Laptop & Accessory,3,Married,4,0,17,2,2,8,193.83,1.0,1.2,4-12 Mos,Far (21-50km)
55394,0,4,Mobile,1,23,Debit Card,Male,3,4,Mobile,1,Married,3,0,13,1,2,9,153.62,1.0,1.2,4-12 Mos,Far (21-50km)
55395,0,21,Computer,3,9,E wallet,Male,3,4,Laptop & Accessory,4,Married,9,0,12,1,2,1,174.78,1.0,1.2,1-5 Yrs,Close (0-10km)
55396,0,20,Mobile,3,9,Debit Card,Male,4,4,Fashion,1,Married,6,1,13,1,2,3,228.68,1.0,1.2,1-5 Yrs,Close (0-10km)
55397,1,1,Mobile,3,20,E wallet,Male,4,5,Laptop & Accessory,5,Married,7,1,14,2,3,3,186.34,1.0,1.2,0-3 Mos (High Risk),Moderate (11-20km)
55398,1,1,Mobile,3,8,Debit Card,Male,3,6,Laptop & Accessory,4,Single,8,0,16,1,2,1,192.35,1.0,1.2,0-3 Mos (High Risk),Close (0-10km)
55399,0,1,Mobile,1,11,Credit Card,Female,3,4,Mobile,4,Single,3,0,14,1,2,3,157.95,1.0,1.2,0-3 Mos (High Risk),Moderate (11-20km)
55400,0,5,Computer,1,31,Cash on Delivery,Female,2,4,Laptop & Accessory,1,Single,4,0,21,1,2,5,177.38,1.0,1.2,4-12 Mos,Far (21-50km)
55401,0,13,Computer,1,8,Debit Card,Male,4,4,Laptop & Accessory,1,Married,3,1,16,1,6,9,189.72,2.0,2.4,1-5 Yrs,Close (0-10km)
55402,0,6,Mobile,3,26,Debit Card,Male,4,6,Fashion,3,Married,5,0,14,1,2,3,221.1,1.0,1.2,4-12 Mos,Far (21-50km)
55403,0,14,Mobile,3,14,Credit Card,Male,3,4,Others,4,Single,3,0,15,13,13,9,323.33,1.0,1.2,1-5 Yrs,Moderate (11-20km)
55404,0,19,Mobile,2,11,Debit Card,Female,3,6,Fashion,3,Married,6,0,22,2,2,3,222.56,1.0,1.2,1-5 Yrs,Moderate (11-20km)
55405,0,4,Computer,1,9,Cash on Delivery,Female,4,5,Mobile,5,Single,2,0,17,1,2,8,174.68,1.0,1.2,4-12 Mos,Close (0-10km)
55406,0,1,Computer,2,17,Credit Card,Male,3,4,Mobile,1,Married,2,0,15,1,3,2,146.45,1.0,1.2,0-3 Mos (High Risk),Moderate (11-20km)
55407,1,1,Computer,2,15,UPI,Female,4,5,Mobile,1,Married,8,0,12,2,2,3,146.8,1.0,1.2,0-3 Mos (High Risk),Moderate (11-20km)
55408,0,5,Mobile,3,12,Cash on Delivery,Male,3,4,Laptop & Accessory,3,Married,3,0,20,2,2,3,208.46,1.0,1.2,4-12 Mos,Moderate (11-20km)
55409,0,1,Mobile,1,15,Credit Card,Female,4,4,Mobile,1,Single,3,0,12,1,2,5,159.45,1.0,1.2,0-3 Mos (High Risk),Moderate (11-20km)
55410,1,1,Mobile,3,16,E wallet,Female,3,6,Mobile,4,Single,3,0,14,3,3,3,152.6,1.0,1.2,0-3 Mos (High Risk),Moderate (11-20km)
55411,0,3,Computer,1,8,Debit Card,Male,4,2,Laptop & Accessory,3,Single,10,1,13,2,2,3,187.94,1.0,1.2,0-3 Mos (High Risk),Close (0-10km)
55412,0,4,Mobile,3,22,E wallet,Male,4,5,Fashion,5,Married,4,0,12,2,2,8,196.4,1.0,1.2,4-12 Mos,Far (21-50km)
55413,0,8,Mobile,1,9,Credit Card,Male,4,2,Mobile,1,Married,2,1,15,2,2,3,154.32,1.0,1.2,4-12 Mos,Close (0-10km)
55414,0,7,Computer,3,9,E wallet,Female,4,4,Laptop & Accessory,4,Single,10,0,16,2,2,8,176.47,1.0,1.2,4-12 Mos,Close (0-10km)
55415,0,23,Mobile,3,18,E wallet,Female,4,4,Laptop & Accessory,1,Single,5,0,13,1,2,5,170.07,1.0,1.2,1-5 Yrs,Moderate (11-20km)
55416,1,1,Mobile,3,23,Debit Card,Female,4,4,Fashion,5,Single,4,1,21,2,2,3,210.64,1.0,1.2,0-3 Mos (High Risk),Far (21-50km)
55417,0,12,Computer,1,9,Credit Card,Female,4,5,Mobile,4,Married,6,0,15,1,2,6,149.68,1.0,1.2,4-12 Mos,Close (0-10km)
55418,1,1,Mobile,3,23,E wallet,Male,4,4,Fashion,3,Married,4,0,14,1,2,1,206.61,1.0,1.2,0-3 Mos (High Risk),Far (21-50km)
55419,0,3,Mobile,1,11,Cash on Delivery,Female,4,5,Mobile,5,Married,3,0,14,1,2,1,146.09,1.0,1.2,0-3 Mos (High Risk),Moderate (11-20km)
55420,0,4,Mobile,1,23,Debit Card,Male,3,2,Laptop & Accessory,3,Married,5,0,17,2,2,8,177.94,1.0,1.2,4-12 Mos,Far (21-50km)
55421,0,6,Computer,1,12,Cash on Delivery,Male,4,4,Mobile,4,Single,4,0,15,2,2,8,152.18,1.0,1.2,4-12 Mos,Moderate (11-20km)
55422,0,12,Mobile,1,25,Credit Card,Male,3,6,Laptop & Accessory,1,Married,5,1,17,1,2,1,183.11,1.0,1.2,4-12 Mos,Far (21-50km)
55423,1,7,Computer,1,24,Cash on Delivery,Male,3,5,Mobile,3,Married,11,1,17,2,2,1,149.37,1.0,1.2,4-12 Mos,Far (21-50km)
55424,0,16,Mobile,1,19,Credit Card,Male,3,4,Mobile,4,Married,10,0,23,2,2,5,152.66,1.0,1.2,1-5 Yrs,Moderate (11-20km)
55425,0,29,Mobile,1,9,Credit Card,Male,3,5,Others,5,Married,10,0,15,2,2,1,315.38,1.0,1.2,1-5 Yrs,Close (0-10km)
55426,0,7,Computer,1,11,Cash on Delivery,Male,3,4,Laptop & Accessory,4,Married,7,0,16,1,2,8,155.55,1.0,1.2,4-12 Mos,Moderate (11-20km)
55427,0,15,Mobile,1,16,Debit Card,Male,4,4,Mobile,5,Married,3,0,21,1,2,5,147.89,1.0,1.2,1-5 Yrs,Moderate (11-20km)
55428,0,8,Computer,3,17,Debit Card,Male,3,4,Laptop & Accessory,3,Married,3,1,15,2,2,8,165.01,1.0,1.2,4-12 Mos,Moderate (11-20km)
55429,0,27,Computer,1,8,Credit Card,Female,3,5,Grocery,3,Married,6,1,21,2,4,3,254.64999999999998,1.0,1.2,1-5 Yrs,Close (0-10km)
55430,0,17,Mobile,2,9,Debit Card,Male,4,4,Mobile,1,Single,2,0,14,2,2,9,160.39,1.0,1.2,1-5 Yrs,Close (0-10km)
55431,0,8,Mobile,3,10,Debit Card,Female,3,6,Laptop & Accessory,1,Single,7,0,13,3,3,3,185.29,1.0,1.2,4-12 Mos,Close (0-10km)
55432,1,1,Mobile,3,14,E wallet,Male,3,4,Mobile,4,Single,3,0,14,1,2,1,151.79,1.0,1.2,0-3 Mos (High Risk),Moderate (11-20km)
55433,0,12,Mobile,1,13,UPI,Female,3,5,Mobile,3,Married,3,0,12,2,2,5,162.02,1.0,1.2,4-12 Mos,Moderate (11-20km)
55434,1,1,Mobile,1,15,Credit Card,Female,4,4,Mobile,5,Married,3,1,18,1,2,1,148.98,1.0,1.2,0-3 Mos (High Risk),Moderate (11-20km)
55435,0,5,Mobile,3,36,E wallet,Female,4,5,Laptop & Accessory,1,Married,3,0,15,1,6,8,179.68,1.0,1.2,4-12 Mos,Far (21-50km)
55436,0,25,Mobile,1,10,Cash on Delivery,Female,3,4,Fashion,3,Married,4,0,12,3,2,3,256.16,1.0,1.2,1-5 Yrs,Close (0-10km)
55437,0,11,Mobile,3,16,E wallet,Male,3,5,Laptop & Accessory,4,Married,3,0,15,2,2,4,166.89,1.0,1.2,4-12 Mos,Moderate (11-20km)
55438,0,20,Mobile,1,9,Credit Card,Male,3,4,Others,1,Married,9,1,15,3,3,3,318.28,1.0,1.2,1-5 Yrs,Close (0-10km)
55439,0,10,Mobile,1,17,Debit Card,Male,3,4,Fashion,5,Married,9,1,14,3,6,8,208.21,2.0,2.4,4-12 Mos,Moderate (11-20km)
55440,1,8,Computer,1,8,Credit Card,Male,4,4,Mobile,4,Married,3,1,13,3,3,4,148.42,1.0,1.2,4-12 Mos,Close (0-10km)
55441,0,11,Mobile,2,15,UPI,Male,3,4,Laptop & Accessory,4,Married,4,0,14,4,5,8,165.71,1.0,1.2,4-12 Mos,Moderate (11-20km)
55442,1,1,Mobile,3,34,Debit Card,Male,3,4,Laptop & Accessory,1,Single,3,1,19,4,8,8,183.13,2.0,2.4,0-3 Mos (High Risk),Far (21-50km)
55443,0,7,Mobile,1,15,Debit Card,Male,3,2,Mobile,5,Married,8,0,20,4,8,7,156.43,1.0,1.2,4-12 Mos,Moderate (11-20km)
55444,0,2,Mobile,1,8,Debit Card,Male,3,4,Mobile,1,Married,3,0,12,1,2,4,145.44,1.0,1.2,0-3 Mos (High Risk),Close (0-10km)
55445,0,13,Mobile,1,17,Credit Card,Male,4,4,Fashion,3,Single,9,0,22,3,2,3,259.64,1.0,1.2,1-5 Yrs,Moderate (11-20km)
55446,0,20,Computer,3,33,Debit Card,Male,4,5,Laptop & Accessory,4,Single,10,0,16,2,3,3,204.91,1.0,1.2,1-5 Yrs,Far (21-50km)
55447,0,14,Mobile,1,9,Debit Card,Female,4,4,Mobile,5,Married,6,0,18,2,2,3,158.77,1.0,1.2,1-5 Yrs,Close (0-10km)
55448,0,16,Mobile,1,20,Credit Card,Male,4,2,Laptop & Accessory,5,Married,7,0,19,2,2,1,180.38,1.0,1.2,1-5 Yrs,Moderate (11-20km)
55449,0,9,Computer,1,9,Credit Card,Male,3,4,Laptop & Accessory,1,Married,4,0,15,2,2,8,182.62,1.0,1.2,4-12 Mos,Close (0-10km)
55450,0,12,Computer,2,9,UPI,Male,4,4,Mobile,4,Married,7,0,14,3,4,9,150.92,1.0,1.2,4-12 Mos,Close (0-10km)
55451,1,1,Computer,1,16,Debit Card,Male,4,4,Laptop & Accessory,5,Married,6,0,18,1,2,8,178.46,1.0,1.2,0-3 Mos (High Risk),Moderate (11-20km)
55452,1,1,Mobile,1,17,Credit Card,Male,3,4,Laptop & Accessory,5,Single,3,0,16,1,2,9,167.13,1.0,1.2,0-3 Mos (High Risk),Moderate (11-20km)
55453,0,13,Computer,3,27,Debit Card,Male,3,4,Laptop & Accessory,1,Married,4,0,19,2,3,3,166.27,1.0,1.2,1-5 Yrs,Far (21-50km)
55454,0,17,Computer,1,16,Debit Card,Male,3,4,Mobile,3,Single,6,0,14,2,2,3,149.38,1.0,1.2,1-5 Yrs,Moderate (11-20km)
55455,0,15,Mobile,1,12,Debit Card,Male,3,2,Laptop & Accessory,4,Single,5,0,13,1,2,3,193.7,1.0,1.2,1-5 Yrs,Moderate (11-20km)
55456,0,15,Mobile,3,11,E wallet,Female,3,4,Fashion,3,Married,2,1,14,6,14,3,229.47,3.0,3.5999999999999996,1-5 Yrs,Moderate (11-20km)
55457,0,4,Mobile,1,17,Credit Card,Female,4,4,Fashion,3,Single,11,0,15,1,2,3,221.67,1.0,1.2,4-12 Mos,Moderate (11-20km)
55458,1,1,Mobile,2,27,Credit Card,Female,4,4,Mobile,4,Married,2,1,12,1,2,5,146.48,1.0,1.2,0-3 Mos (High Risk),Far (21-50km)
55459,1,10,Mobile,1,28,Credit Card,Female,4,4,Laptop & Accessory,4,Married,6,0,23,4,4,3,214.26,1.0,1.2,4-12 Mos,Far (21-50km)
55460,0,14,Mobile,1,8,Debit Card,Female,3,4,Laptop & Accessory,1,Married,6,0,18,1,2,4,190.13,1.0,1.2,1-5 Yrs,Close (0-10km)
55461,0,8,Mobile,3,15,Cash on Delivery,Male,4,2,Laptop & Accessory,3,Married,3,0,22,3,5,9,192.99,1.0,1.2,4-12 Mos,Moderate (11-20km)
55462,0,31,Computer,3,9,Credit Card,Male,3,4,Grocery,4,Married,6,0,23,1,15,15,287.91,1.0,1.2,1-5 Yrs,Close (0-10km)
55463,0,9,Mobile,1,30,Credit Card,Male,4,6,Mobile,3,Married,2,0,17,1,2,4,152.05,1.0,1.2,4-12 Mos,Far (21-50km)
55464,0,21,Mobile,1,11,Debit Card,Female,4,5,Fashion,4,Married,10,1,13,6,15,3,228.33,3.0,3.5999999999999996,1-5 Yrs,Moderate (11-20km)
55465,0,14,Mobile,1,19,Debit Card,Female,3,4,Laptop & Accessory,5,Married,4,0,13,2,8,8,169.48,1.0,1.2,1-5 Yrs,Moderate (11-20km)
55466,0,28,Mobile,1,14,Credit Card,Female,4,4,Laptop & Accessory,1,Married,6,0,16,2,2,8,193.54,1.0,1.2,1-5 Yrs,Moderate (11-20km)
55467,0,5,Computer,3,14,E wallet,Female,4,4,Fashion,5,Married,4,0,15,3,3,3,221.37,1.0,1.2,4-12 Mos,Moderate (11-20km)
55468,0,2,Mobile,1,8,Credit Card,Female,4,4,Mobile,5,Married,3,0,26,2,2,3,160.91,1.0,1.2,0-3 Mos (High Risk),Close (0-10km)
55469,0,12,Mobile,3,9,E wallet,Female,4,6,Laptop & Accessory,1,Married,4,1,21,1,2,4,179.05,1.0,1.2,4-12 Mos,Close (0-10km)
55470,0,1,Mobile,3,17,Credit Card,Male,3,4,Laptop & Accessory,1,Single,3,0,14,2,2,3,171.84,1.0,1.2,0-3 Mos (High Risk),Moderate (11-20km)
55471,0,31,Computer,1,22,Debit Card,Male,3,4,Grocery,3,Married,4,1,15,1,3,3,282.87,1.0,1.2,1-5 Yrs,Far (21-50km)
55472,0,1,Computer,1,21,Credit Card,Female,3,4,Mobile,3,Single,3,0,17,2,2,1,140.14,1.0,1.2,0-3 Mos (High Risk),Far (21-50km)
55473,1,1,Mobile,2,25,UPI,Male,3,2,Mobile,5,Married,2,0,18,2,2,1,154.56,1.0,1.2,0-3 Mos (High Risk),Far (21-50km)
55474,1,1,Mobile,2,20,UPI,Male,3,5,Mobile,5,Married,6,1,16,3,3,1,148.35,1.0,1.2,0-3 Mos (High Risk),Moderate (11-20km)
55475,0,19,Computer,3,9,Debit Card,Female,4,4,Laptop & Accessory,3,Married,6,0,23,4,6,8,176.54,1.0,1.2,1-5 Yrs,Close (0-10km)
55476,0,10,Mobile,1,9,UPI,Female,4,4,Laptop & Accessory,4,Married,6,1,23,2,2,1,194.62,1.0,1.2,4-12 Mos,Close (0-10km)
55477,0,17,Computer,3,9,Debit Card,Male,4,4,Laptop & Accessory,1,Married,3,0,21,8,8,8,181.75,1.0,1.2,1-5 Yrs,Close (0-10km)
55478,0,1,Computer,1,12,Debit Card,Female,3,4,Mobile,1,Single,2,1,15,2,2,3,148.79,1.0,1.2,0-3 Mos (High Risk),Moderate (11-20km)
55479,0,3,Computer,1,27,Credit Card,Male,3,4,Mobile,1,Married,3,0,14,2,4,11,163.12,1.0,1.2,0-3 Mos (High Risk),Far (21-50km)
55480,0,6,Computer,3,17,E wallet,Male,4,4,Laptop & Accessory,1,Single,10,0,14,1,2,1,171.48,1.0,1.2,4-12 Mos,Moderate (11-20km)
55481,0,16,Computer,1,17,Cash on Delivery,Male,3,4,Mobile,3,Married,5,0,23,4,4,4,154.36,1.0,1.2,1-5 Yrs,Moderate (11-20km)
55482,0,21,Mobile,1,16,Debit Card,Female,4,4,Mobile,3,Single,6,0,13,1,3,1,146.05,1.0,1.2,1-5 Yrs,Moderate (11-20km)
55483,0,20,Mobile,1,9,Debit Card,Male,3,4,Fashion,1,Married,5,0,15,1,5,3,210.78,1.0,1.2,1-5 Yrs,Close (0-10km)
55484,0,2,Computer,2,8,Debit Card,Male,3,4,Mobile,1,Married,3,0,16,2,3,3,152.06,1.0,1.2,0-3 Mos (High Risk),Close (0-10km)
55485,0,3,Mobile,1,36,Debit Card,Male,4,6,Laptop & Accessory,3,Married,10,0,18,1,2,7,188.84,1.0,1.2,0-3 Mos (High Risk),Far (21-50km)
55486,0,16,Mobile,1,15,Debit Card,Male,3,4,Mobile,3,Single,6,0,14,2,2,1,164.68,1.0,1.2,1-5 Yrs,Moderate (11-20km)
55487,1,1,Mobile,3,9,E wallet,Male,3,5,Laptop & Accessory,4,Single,9,1,13,2,3,3,224.07,1.0,1.2,0-3 Mos (High Risk),Close (0-10km)
55488,0,20,Mobile,3,10,Cash on Delivery,Female,3,2,Grocery,5,Married,4,0,13,3,4,9,257.25,1.0,1.2,1-5 Yrs,Close (0-10km)
55489,0,1,Mobile,3,30,Credit Card,Female,3,5,Laptop & Accessory,3,Married,3,0,22,4,6,9,160.4,1.0,1.2,0-3 Mos (High Risk),Far (21-50km)
55490,0,3,Mobile,2,13,Credit Card,Male,3,5,Mobile,4,Married,3,0,12,2,2,1,153.04,1.0,1.2,0-3 Mos (High Risk),Moderate (11-20km)
55491,0,17,Mobile,1,13,Credit Card,Female,3,5,Others,3,Married,9,0,15,7,7,15,318.92,1.0,1.2,1-5 Yrs,Moderate (11-20km)
55492,0,22,Mobile,1,17,Debit Card,Male,4,5,Others,4,Married,6,0,15,4,13,10,321.65,1.0,1.2,1-5 Yrs,Moderate (11-20km)
55493,1,1,Computer,1,31,Debit Card,Male,4,5,Mobile,1,Single,3,1,25,2,2,1,149.39,1.0,1.2,0-3 Mos (High Risk),Far (21-50km)
55494,1,10,Mobile,3,17,Debit Card,Female,4,4,Fashion,4,Married,7,0,22,2,2,8,198.14,1.0,1.2,4-12 Mos,Moderate (11-20km)
55495,0,1,Computer,1,22,Debit Card,Female,4,5,Mobile,5,Married,2,0,20,1,8,4,172.74,1.0,1.2,0-3 Mos (High Risk),Far (21-50km)
55496,0,13,Mobile,1,26,UPI,Male,3,4,Laptop & Accessory,1,Married,10,0,15,1,3,3,164.02,1.0,1.2,1-5 Yrs,Far (21-50km)
55497,0,29,Mobile,1,9,Cash on Delivery,Male,4,5,Mobile,1,Married,10,0,21,2,2,5,151.62,1.0,1.2,1-5 Yrs,Close (0-10km)
55498,0,2,Mobile,3,10,Credit Card,Female,4,4,Mobile,4,Married,3,0,20,2,2,1,153.56,1.0,1.2,0-3 Mos (High Risk),Close (0-10km)
55499,1,1,Mobile,3,16,Credit Card,Male,3,4,Mobile,1,Single,3,0,14,1,2,1,135.81,1.0,1.2,0-3 Mos (High Risk),Moderate (11-20km)
55500,1,1,Mobile,1,14,Debit Card,Male,4,4,Mobile,4,Single,3,1,24,2,2,1,149.72,1.0,1.2,0-3 Mos (High Risk),Moderate (11-20km)
55501,0,10,Mobile,3,17,Cash on Delivery,Female,4,5,Laptop & Accessory,3,Married,3,1,14,1,2,8,181.73,1.0,1.2,4-12 Mos,Moderate (11-20km)
55502,0,5,Mobile,1,27,Debit Card,Male,3,4,Laptop & Accessory,3,Married,3,0,12,1,2,3,166.97,1.0,1.2,4-12 Mos,Far (21-50km)
55503,0,8,Mobile,3,11,Debit Card,Male,4,4,Fashion,1,Married,4,1,14,1,2,3,222.13,1.0,1.2,4-12 Mos,Moderate (11-20km)
55504,0,3,Mobile,1,14,Debit Card,Male,3,4,Mobile,5,Single,5,0,15,1,2,3,145.62,1.0,1.2,0-3 Mos (High Risk),Moderate (11-20km)
55505,0,11,Mobile,1,14,Credit Card,Male,4,4,Laptop & Accessory,5,Married,7,1,23,1,2,5,167.84,1.0,1.2,4-12 Mos,Moderate (11-20km)
55506,0,9,Mobile,1,23,UPI,Female,3,5,Laptop & Accessory,4,Married,2,1,12,1,2,3,172.88,1.0,1.2,4-12 Mos,Far (21-50km)
55507,0,19,Mobile,1,32,Debit Card,Female,4,5,Laptop & Accessory,1,Married,2,0,14,1,4,9,184.06,1.0,1.2,1-5 Yrs,Far (21-50km)
55508,0,10,Computer,2,9,UPI,Male,4,5,Laptop & Accessory,1,Single,3,0,22,2,2,9,163.86,1.0,1.2,4-12 Mos,Close (0-10km)
55509,0,14,Mobile,1,8,Debit Card,Male,4,4,Grocery,5,Married,4,0,15,3,12,17,293.23,1.0,1.2,1-5 Yrs,Close (0-10km)
55510,0,1,Mobile,1,8,Debit Card,Female,3,5,Mobile,3,Married,3,1,14,1,2,1,154.33,1.0,1.2,0-3 Mos (High Risk),Close (0-10km)
55511,0,1,Mobile,3,9,Credit Card,Female,3,2,Laptop & Accessory,3,Single,2,0,15,1,2,8,190.0,1.0,1.2,0-3 Mos (High Risk),Close (0-10km)
55512,0,22,Computer,1,29,Credit Card,Female,3,4,Grocery,1,Married,5,0,15,2,5,8,296.74,1.0,1.2,1-5 Yrs,Far (21-50km)
55513,0,18,Mobile,1,8,Debit Card,Male,4,2,Laptop & Accessory,5,Married,4,0,16,2,3,3,175.33,1.0,1.2,1-5 Yrs,Close (0-10km)
55514,1,1,Computer,1,23,Cash on Delivery,Male,3,6,Mobile,5,Married,3,1,24,1,4,1,148.07,1.0,1.2,0-3 Mos (High Risk),Far (21-50km)
55515,1,20,Mobile,1,31,Debit Card,Male,4,4,Mobile,1,Single,3,0,17,1,2,1,150.87,1.0,1.2,1-5 Yrs,Far (21-50km)
55516,0,10,Mobile,3,24,E wallet,Male,3,5,Laptop & Accessory,4,Married,4,0,17,2,2,4,180.07,1.0,1.2,4-12 Mos,Far (21-50km)
55517,0,15,Mobile,3,15,E wallet,Female,3,4,Laptop & Accessory,4,Married,7,0,22,1,2,5,168.93,1.0,1.2,1-5 Yrs,Moderate (11-20km)
55518,0,16,Mobile,1,13,Credit Card,Male,3,4,Fashion,5,Married,11,0,14,6,2,8,258.48,1.0,1.2,1-5 Yrs,Moderate (11-20km)
55519,0,5,Mobile,3,17,Credit Card,Female,3,4,Laptop & Accessory,1,Married,4,1,12,2,2,5,190.83,1.0,1.2,4-12 Mos,Moderate (11-20km)
55520,0,8,Mobile,3,10,Credit Card,Female,4,5,Laptop & Accessory,1,Married,5,1,13,1,2,2,206.03,1.0,1.2,4-12 Mos,Close (0-10km)
55521,0,5,Mobile,1,11,Credit Card,Female,4,2,Mobile,3,Married,10,0,13,2,3,3,164.78,1.0,1.2,4-12 Mos,Moderate (11-20km)
55522,0,1,Computer,1,13,UPI,Male,4,2,Mobile,1,Married,2,0,19,3,8,8,150.44,1.0,1.2,0-3 Mos (High Risk),Moderate (11-20km)
55523,0,19,Computer,1,8,Credit Card,Male,3,4,Laptop & Accessory,3,Single,6,0,13,1,2,4,178.99,1.0,1.2,1-5 Yrs,Close (0-10km)
55524,0,7,Mobile,3,17,E wallet,Male,3,4,Laptop & Accessory,3,Single,3,0,15,1,2,10,179.87,1.0,1.2,4-12 Mos,Moderate (11-20km)
55525,0,2,Computer,3,8,Debit Card,Male,3,5,Laptop & Accessory,1,Married,3,1,13,2,2,8,193.34,1.0,1.2,0-3 Mos (High Risk),Close (0-10km)
55526,1,1,Computer,3,31,Cash on Delivery,Male,3,2,Mobile,5,Single,3,0,18,1,2,1,135.91,1.0,1.2,0-3 Mos (High Risk),Far (21-50km)
55527,0,13,Computer,3,28,Debit Card,Female,3,6,Laptop & Accessory,3,Married,8,0,20,1,2,3,182.36,1.0,1.2,1-5 Yrs,Far (21-50km)
55528,0,1,Mobile,1,9,Cash on Delivery,Male,3,4,Mobile,4,Married,3,0,12,1,2,3,147.26,1.0,1.2,0-3 Mos (High Risk),Close (0-10km)
55529,0,8,Computer,1,29,UPI,Male,3,5,Laptop & Accessory,1,Married,3,1,16,4,7,12,182.47,2.0,2.4,4-12 Mos,Far (21-50km)
55530,1,1,Mobile,3,20,E wallet,Female,3,4,Laptop & Accessory,3,Single,5,1,12,1,3,3,223.54,1.0,1.2,0-3 Mos (High Risk),Moderate (11-20km)
55531,0,21,Computer,1,21,Cash on Delivery,Male,4,4,Laptop & Accessory,4,Married,10,0,19,1,2,8,179.67,1.0,1.2,1-5 Yrs,Far (21-50km)
55532,0,30,Mobile,3,18,E wallet,Female,3,5,Laptop & Accessory,5,Married,6,0,17,1,2,1,178.8,1.0,1.2,1-5 Yrs,Moderate (11-20km)
55533,0,13,Mobile,1,16,Credit Card,Male,3,4,Laptop & Accessory,5,Married,3,0,26,1,8,10,176.51,1.0,1.2,1-5 Yrs,Moderate (11-20km)
55534,0,12,Computer,1,15,Credit Card,Female,3,5,Laptop & Accessory,4,Married,3,1,17,2,2,8,146.33,1.0,1.2,4-12 Mos,Moderate (11-20km)
55535,0,61,Mobile,3,28,Debit Card,Female,4,4,Grocery,1,Married,6,1,15,1,2,1,303.75,1.0,1.2,5+ Yrs,Far (21-50km)
55536,1,1,Computer,1,12,Debit Card,Female,3,2,Mobile,3,Single,5,1,15,1,2,4,149.32,1.0,1.2,0-3 Mos (High Risk),Moderate (11-20km)
55537,0,12,Mobile,1,16,Debit Card,Male,4,4,Mobile,1,Married,4,0,20,1,2,4,172.71,1.0,1.2,4-12 Mos,Moderate (11-20km)
55538,0,23,Computer,1,9,Debit Card,Male,3,4,Others,1,Married,5,0,15,5,5,4,316.61,1.0,1.2,1-5 Yrs,Close (0-10km)
55539,0,16,Mobile,3,19,E wallet,Male,4,4,Laptop & Accessory,1,Married,5,1,13,2,2,1,175.87,1.0,1.2,1-5 Yrs,Moderate (11-20km)
55540,1,1,Computer,2,29,UPI,Female,3,5,Mobile,4,Married,3,0,13,2,2,1,153.63,1.0,1.2,0-3 Mos (High Risk),Far (21-50km)
55541,0,9,Mobile,3,25,Credit Card,Male,4,4,Laptop & Accessory,5,Married,2,0,17,2,2,5,180.61,1.0,1.2,4-12 Mos,Far (21-50km)
55542,0,2,Computer,1,23,Credit Card,Male,3,4,Mobile,3,Single,3,0,15,1,2,5,146.44,1.0,1.2,0-3 Mos (High Risk),Far (21-50km)
55543,0,5,Computer,1,10,Credit Card,Male,3,4,Mobile,5,Married,3,1,14,3,3,4,155.65,1.0,1.2,4-12 Mos,Close (0-10km)
55544,0,10,Computer,1,16,Debit Card,Male,4,2,Mobile,4,Married,3,0,23,2,2,3,153.1,1.0,1.2,4-12 Mos,Moderate (11-20km)
55545,0,8,Mobile,3,8,E wallet,Male,3,4,Fashion,1,Single,3,0,22,3,3,3,223.88,1.0,1.2,4-12 Mos,Close (0-10km)
55546,0,8,Mobile,3,20,Credit Card,Male,3,4,Fashion,3,Married,3,0,19,1,2,3,211.28,1.0,1.2,4-12 Mos,Moderate (11-20km)
55547,0,1,Mobile,1,8,Credit Card,Male,4,4,Mobile,5,Single,2,0,14,8,8,7,153.67,1.0,1.2,0-3 Mos (High Risk),Close (0-10km)
55548,0,3,Mobile,1,8,Debit Card,Male,3,4,Laptop & Accessory,5,Married,2,0,13,1,2,3,178.73,1.0,1.2,0-3 Mos (High Risk),Close (0-10km)
55549,0,6,Computer,1,22,Credit Card,Female,3,4,Laptop & Accessory,1,Married,7,0,19,1,2,3,191.67,1.0,1.2,4-12 Mos,Far (21-50km)
55550,0,5,Computer,1,8,Debit Card,Male,3,6,Laptop & Accessory,5,Married,3,0,22,7,9,8,175.03,1.0,1.2,4-12 Mos,Close (0-10km)
55551,1,1,Mobile,1,24,Cash on Delivery,Male,3,5,Mobile,1,Married,7,0,13,2,2,4,148.67,1.0,1.2,0-3 Mos (High Risk),Far (21-50km)
55552,0,12,Mobile,3,8,Debit Card,Male,3,5,Mobile,5,Single,6,0,15,2,2,1,153.58,1.0,1.2,4-12 Mos,Close (0-10km)
55553,0,9,Mobile,3,14,Debit Card,Female,3,4,Laptop & Accessory,1,Married,3,1,12,2,2,10,177.04,1.0,1.2,4-12 Mos,Moderate (11-20km)
55554,0,1,Mobile,3,16,E wallet,Male,3,4,Laptop & Accessory,1,Single,3,0,15,2,2,8,166.05,1.0,1.2,0-3 Mos (High Risk),Moderate (11-20km)
55555,0,6,Mobile,1,12,Debit Card,Male,3,5,Laptop & Accessory,1,Single,10,0,25,2,2,3,221.79,1.0,1.2,4-12 Mos,Moderate (11-20km)
55556,1,1,Computer,3,33,E wallet,Male,4,4,Laptop & Accessory,1,Married,3,1,12,1,2,9,181.17,1.0,1.2,0-3 Mos (High Risk),Far (21-50km)
55557,1,17,Mobile,3,31,Debit Card,Male,4,4,Fashion,5,Single,8,1,14,1,3,3,229.48,1.0,1.2,1-5 Yrs,Far (21-50km)
55558,0,28,Mobile,1,16,Debit Card,Female,4,4,Laptop & Accessory,3,Married,5,0,12,2,3,4,153.97,1.0,1.2,1-5 Yrs,Moderate (11-20km)
55559,0,7,Computer,1,14,Debit Card,Male,3,4,Laptop & Accessory,3,Married,3,0,21,1,3,9,184.68,1.0,1.2,4-12 Mos,Moderate (11-20km)
55560,0,17,Mobile,1,18,Debit Card,Male,2,4,Fashion,3,Married,3,0,18,2,2,10,200.1,1.0,1.2,1-5 Yrs,Moderate (11-20km)
55561,0,12,Computer,2,8,UPI,Male,3,4,Mobile,4,Married,2,1,12,1,2,3,154.91,1.0,1.2,4-12 Mos,Close (0-10km)
55562,0,29,Mobile,2,33,UPI,Male,4,2,Others,4,Married,6,1,15,2,2,5,321.36,1.0,1.2,1-5 Yrs,Far (21-50km)
55563,0,5,Mobile,1,9,Credit Card,Female,3,6,Mobile,1,Married,3,1,12,1,2,1,136.29,1.0,1.2,4-12 Mos,Close (0-10km)
55564,0,13,Mobile,3,22,E wallet,Male,4,4,Grocery,5,Single,2,0,13,5,4,11,258.41,1.0,1.2,1-5 Yrs,Far (21-50km)
55565,0,16,Computer,1,30,Debit Card,Male,3,5,Laptop & Accessory,3,Single,3,0,13,4,4,8,168.32,1.0,1.2,1-5 Yrs,Far (21-50km)
55566,0,5,Computer,1,17,Credit Card,Female,3,4,Fashion,3,Married,6,0,21,4,2,9,235.31,1.0,1.2,4-12 Mos,Moderate (11-20km)
55567,0,28,Mobile,1,17,Credit Card,Female,4,4,Laptop & Accessory,5,Single,8,1,20,1,2,5,169.4,1.0,1.2,1-5 Yrs,Moderate (11-20km)
55568,0,1,Mobile,1,8,Debit Card,Male,3,5,Laptop & Accessory,3,Single,3,0,13,2,2,3,171.17,1.0,1.2,0-3 Mos (High Risk),Close (0-10km)
55569,0,1,Mobile,1,19,UPI,Male,4,4,Mobile,1,Single,3,0,14,2,2,5,151.47,1.0,1.2,0-3 Mos (High Risk),Moderate (11-20km)
55570,0,14,Computer,1,18,Cash on Delivery,Female,4,4,Laptop & Accessory,3,Married,3,0,12,8,10,5,188.23,1.0,1.2,1-5 Yrs,Moderate (11-20km)
55571,0,14,Mobile,3,9,E wallet,Female,4,4,Laptop & Accessory,4,Married,5,0,15,2,6,11,181.77,1.0,1.2,1-5 Yrs,Close (0-10km)
55572,0,1,Mobile,2,9,UPI,Female,3,4,Mobile,4,Married,6,0,15,1,2,3,146.87,1.0,1.2,0-3 Mos (High Risk),Close (0-10km)
55573,0,4,Mobile,1,8,Credit Card,Male,4,4,Mobile,4,Married,3,0,14,2,2,8,162.48,1.0,1.2,4-12 Mos,Close (0-10km)
55574,0,1,Mobile,1,9,UPI,Male,3,4,Mobile,3,Married,8,1,20,1,2,3,164.77,1.0,1.2,0-3 Mos (High Risk),Close (0-10km)
55575,0,21,Mobile,1,32,Credit Card,Male,3,4,Fashion,3,Single,4,0,24,10,13,3,211.33,1.0,1.2,1-5 Yrs,Far (21-50km)
55576,0,7,Computer,1,8,Credit Card,Male,3,5,Mobile,3,Married,3,0,13,1,2,1,145.08,1.0,1.2,4-12 Mos,Close (0-10km)
55577,0,12,Mobile,3,8,Debit Card,Male,3,4,Laptop & Accessory,4,Married,2,0,16,2,6,9,169.4,1.0,1.2,4-12 Mos,Close (0-10km)
55578,0,5,Mobile,3,9,Debit Card,Male,3,4,Mobile,3,Married,2,0,20,1,2,3,155.67,1.0,1.2,4-12 Mos,Close (0-10km)
55579,0,12,Computer,1,13,Debit Card,Male,4,5,Laptop & Accessory,3,Married,4,0,12,3,8,8,178.21,1.0,1.2,4-12 Mos,Moderate (11-20km)
55580,0,16,Mobile,1,25,Debit Card,Male,3,4,Laptop & Accessory,5,Married,8,1,18,2,2,3,179.1,1.0,1.2,1-5 Yrs,Far (21-50km)
55581,0,15,Mobile,1,8,Debit Card,Male,4,4,Mobile,1,Married,5,0,23,1,2,1,152.82,1.0,1.2,1-5 Yrs,Close (0-10km)
55582,0,21,Computer,1,8,Credit Card,Female,4,4,Fashion,4,Married,2,0,19,1,2,13,244.57,1.0,1.2,1-5 Yrs,Close (0-10km)
55583,0,9,Mobile,1,18,Credit Card,Male,3,4,Mobile,3,Married,9,1,12,3,3,3,151.6,1.0,1.2,4-12 Mos,Moderate (11-20km)
55584,0,1,Mobile,1,8,Debit Card,Male,4,4,Mobile,3,Single,2,0,13,2,2,3,158.75,1.0,1.2,0-3 Mos (High Risk),Close (0-10km)
55585,0,9,Mobile,1,16,Credit Card,Male,3,4,Laptop & Accessory,3,Single,3,0,20,1,2,9,175.98,1.0,1.2,4-12 Mos,Moderate (11-20km)
55586,0,7,Mobile,1,22,Credit Card,Female,4,4,Laptop & Accessory,1,Married,2,1,14,7,9,2,173.78,2.0,2.4,4-12 Mos,Far (21-50km)
55587,0,6,Mobile,1,36,Debit Card,Female,3,5,Mobile,4,Single,3,0,14,1,5,2,153.37,1.0,1.2,4-12 Mos,Far (21-50km)
55588,0,14,Mobile,1,8,Debit Card,Male,3,4,Mobile,1,Married,10,0,20,2,2,1,149.06,1.0,1.2,1-5 Yrs,Close (0-10km)
55589,0,6,Mobile,3,8,Credit Card,Male,4,5,Mobile,4,Married,2,0,15,3,3,3,147.69,1.0,1.2,4-12 Mos,Close (0-10km)
55590,0,13,Mobile,1,31,Debit Card,Male,3,4,Laptop & Accessory,1,Single,9,0,14,1,2,8,166.08,1.0,1.2,1-5 Yrs,Far (21-50km)
55591,0,12,Mobile,1,17,Credit Card,Female,4,6,Fashion,3,Married,5,0,13,1,2,12,257.06,1.0,1.2,4-12 Mos,Moderate (11-20km)
55592,0,6,Mobile,3,8,E wallet,Female,3,4,Fashion,1,Married,3,0,20,1,6,3,229.22,1.0,1.2,4-12 Mos,Close (0-10km)
55593,0,11,Mobile,1,17,Debit Card,Female,3,2,Fashion,1,Married,3,1,26,1,7,9,262.44,2.0,2.4,4-12 Mos,Moderate (11-20km)
55594,0,1,Mobile,3,15,UPI,Female,3,4,Laptop & Accessory,3,Married,2,1,23,1,2,5,174.07,1.0,1.2,0-3 Mos (High Risk),Moderate (11-20km)
55595,0,26,Computer,3,36,Debit Card,Male,3,4,Mobile,1,Married,4,0,16,2,2,1,159.82,1.0,1.2,1-5 Yrs,Far (21-50km)
55596,0,18,Mobile,1,8,Credit Card,Male,3,4,Mobile,1,Single,8,1,13,2,2,3,149.36,1.0,1.2,1-5 Yrs,Close (0-10km)
55597,0,1,Mobile,3,12,Credit Card,Male,3,4,Mobile,5,Single,3,1,12,2,2,3,148.8,1.0,1.2,0-3 Mos (High Risk),Moderate (11-20km)
55598,0,13,Computer,1,16,Debit Card,Male,3,4,Others,1,Single,4,0,15,2,2,4,319.31,1.0,1.2,1-5 Yrs,Moderate (11-20km)
55599,1,1,Computer,3,16,E wallet,Male,3,4,Mobile,5,Married,3,0,20,2,2,1,142.9,1.0,1.2,0-3 Mos (High Risk),Moderate (11-20km)
55600,0,10,Mobile,3,10,Credit Card,Female,4,5,Fashion,1,Married,2,0,20,1,4,5,201.44,1.0,1.2,4-12 Mos,Close (0-10km)
55601,0,10,Computer,1,11,Debit Card,Female,4,4,Laptop & Accessory,4,Married,9,0,14,1,2,3,176.31,1.0,1.2,4-12 Mos,Moderate (11-20km)
55602,0,30,Computer,1,8,Debit Card,Male,3,4,Laptop & Accessory,3,Married,3,0,22,1,2,10,188.06,1.0,1.2,1-5 Yrs,Close (0-10km)
55603,1,1,Mobile,1,8,Credit Card,Male,3,4,Mobile,1,Married,11,1,15,3,3,3,172.87,1.0,1.2,0-3 Mos (High Risk),Close (0-10km)
55604,0,16,Mobile,1,9,Debit Card,Male,3,4,Others,3,Married,7,0,15,1,5,15,313.8,1.0,1.2,1-5 Yrs,Close (0-10km)
55605,1,20,Mobile,1,14,Cash on Delivery,Male,4,4,Mobile,3,Married,10,0,12,7,10,9,148.39,1.0,1.2,1-5 Yrs,Moderate (11-20km)
55606,0,15,Mobile,1,35,Debit Card,Female,3,5,Grocery,4,Married,2,0,24,2,2,11,260.7,1.0,1.2,1-5 Yrs,Far (21-50km)
55607,0,8,Mobile,3,35,E wallet,Female,4,5,Laptop & Accessory,3,Married,3,0,22,2,2,8,192.12,1.0,1.2,4-12 Mos,Far (21-50km)
55608,0,10,Computer,3,22,E wallet,Male,3,6,Laptop & Accessory,1,Married,3,0,25,6,12,12,179.06,1.0,1.2,4-12 Mos,Far (21-50km)
55609,0,15,Mobile,3,10,Debit Card,Male,3,5,Laptop & Accessory,4,Married,4,0,12,2,2,3,214.38,1.0,1.2,1-5 Yrs,Close (0-10km)
55610,0,6,Mobile,1,9,Cash on Delivery,Male,4,4,Mobile,5,Single,3,0,15,1,2,3,149.39,1.0,1.2,4-12 Mos,Close (0-10km)
55611,0,9,Mobile,2,33,Debit Card,Female,3,4,Fashion,1,Single,3,1,17,2,2,3,213.37,1.0,1.2,4-12 Mos,Far (21-50km)
55612,0,12,Mobile,3,17,Debit Card,Female,4,4,Laptop & Accessory,1,Married,3,0,12,1,2,10,178.43,1.0,1.2,4-12 Mos,Moderate (11-20km)
55613,1,14,Computer,3,8,Debit Card,Male,4,4,Laptop & Accessory,3,Married,9,0,13,2,2,2,192.28,1.0,1.2,1-5 Yrs,Close (0-10km)
55614,0,10,Mobile,3,18,E wallet,Female,4,5,Laptop & Accessory,1,Married,6,0,14,2,2,1,191.52,1.0,1.2,4-12 Mos,Moderate (11-20km)
55615,0,19,Mobile,3,27,Debit Card,Female,3,4,Laptop & Accessory,3,Single,10,0,16,1,2,2,173.5,1.0,1.2,1-5 Yrs,Far (21-50km)
55616,0,14,Mobile,1,9,Debit Card,Male,1,5,Mobile,3,Single,4,0,15,1,3,3,153.09,1.0,1.2,1-5 Yrs,Close (0-10km)
55617,0,9,Computer,1,25,Debit Card,Male,4,4,Laptop & Accessory,3,Married,3,1,15,1,2,3,181.89,1.0,1.2,4-12 Mos,Far (21-50km)
55618,0,14,Mobile,1,9,Credit Card,Female,4,4,Mobile,3,Married,4,0,15,1,2,3,145.01,1.0,1.2,1-5 Yrs,Close (0-10km)
55619,0,9,Mobile,1,8,Debit Card,Female,4,6,Mobile,1,Married,3,0,13,2,2,2,154.77,1.0,1.2,4-12 Mos,Close (0-10km)
55620,0,3,Mobile,1,20,UPI,Male,3,5,Laptop & Accessory,4,Married,6,1,14,1,2,4,165.25,1.0,1.2,0-3 Mos (High Risk),Moderate (11-20km)
55621,0,3,Mobile,1,35,Credit Card,Female,4,5,Mobile,5,Single,3,0,15,1,2,5,162.85,1.0,1.2,0-3 Mos (High Risk),Far (21-50km)
55622,1,14,Mobile,3,35,E wallet,Male,3,5,Fashion,5,Married,6,1,14,3,2,1,233.54000000000002,1.0,1.2,1-5 Yrs,Far (21-50km)
55623,0,13,Mobile,3,31,E wallet,Female,3,5,Grocery,1,Married,2,0,12,4,4,7,245.31,1.0,1.2,1-5 Yrs,Far (21-50km)
55624,0,5,Computer,1,12,Credit Card,Male,4,4,Laptop & Accessory,5,Single,2,0,20,2,2,3,224.36,1.0,1.2,4-12 Mos,Moderate (11-20km)
55625,0,1,Mobile,3,12,UPI,Female,2,5,Mobile,3,Single,2,0,19,2,2,1,154.66,1.0,1.2,0-3 Mos (High Risk),Moderate (11-20km)
55626,0,10,Computer,1,30,Credit Card,Male,3,2,Laptop & Accessory,1,Married,6,0,18,1,2,4,150.71,1.0,1.2,4-12 Mos,Far (21-50km)
55627,0,13,Mobile,1,13,Credit Card,Male,3,5,Fashion,5,Married,6,0,16,1,2,3,224.91,1.0,1.2,1-5 Yrs,Moderate (11-20km)
55628,0,1,Mobile,1,11,Debit Card,Male,3,2,Laptop & Accessory,4,Married,3,1,21,1,2,4,186.42,1.0,1.2,0-3 Mos (High Risk),Moderate (11-20km)
55629,0,23,Computer,3,9,Credit Card,Male,4,5,Laptop & Accessory,4,Married,4,0,15,2,2,9,178.9,1.0,1.2,1-5 Yrs,Close (0-10km)
55630,0,8,Mobile,1,15,Credit Card,Male,3,2,Laptop & Accessory,3,Married,4,0,13,2,2,3,169.04,1.0,1.2,4-12 Mos,Moderate (11-20km)
